menu_id,tag
batch-02-001,batch-02
batch-02-001,sarapan
batch-02-001,tkpi-terukur
batch-02-002,batch-02
batch-02-002,sarapan
batch-02-002,tkpi-terukur
batch-02-003,batch-02
batch-02-003,sarapan
batch-02-003,tkpi-terukur
batch-02-004,batch-02
batch-02-004,sarapan
batch-02-004,tkpi-terukur
batch-02-005,batch-02
batch-02-005,sarapan
batch-02-005,tkpi-terukur
batch-02-006,batch-02
batch-02-006,sarapan
batch-02-006,tkpi-terukur
batch-02-007,batch-02
batch-02-007,sarapan
batch-02-007,tkpi-terukur
batch-02-008,batch-02
batch-02-008,sarapan
batch-02-008,tkpi-terukur
batch-02-009,batch-02
batch-02-009,sarapan
batch-02-009,tkpi-terukur
batch-02-010,batch-02
batch-02-010,sarapan
batch-02-010,tkpi-terukur
batch-02-011,batch-02
batch-02-011,sarapan
batch-02-011,tkpi-terukur
batch-02-012,batch-02
batch-02-012,sarapan
batch-02-012,tkpi-terukur
batch-02-013,batch-02
batch-02-013,sarapan
batch-02-013,tkpi-terukur
batch-02-014,batch-02
batch-02-014,sarapan
batch-02-014,tkpi-terukur
batch-02-015,batch-02
batch-02-015,sarapan
batch-02-015,tkpi-terukur
batch-02-016,batch-02
batch-02-016,makan-siang
batch-02-016,tkpi-terukur
batch-02-017,batch-02
batch-02-017,makan-siang
batch-02-017,tkpi-terukur
batch-02-018,batch-02
batch-02-018,makan-siang
batch-02-018,tkpi-terukur
batch-02-019,batch-02
batch-02-019,makan-siang
batch-02-019,tkpi-terukur
batch-02-020,batch-02
batch-02-020,makan-siang
batch-02-020,tkpi-terukur
batch-02-021,batch-02
batch-02-021,makan-siang
batch-02-021,tkpi-terukur
batch-02-022,batch-02
batch-02-022,makan-siang
batch-02-022,tkpi-terukur
batch-02-023,batch-02
batch-02-023,makan-siang
batch-02-023,tkpi-terukur
batch-02-024,batch-02
batch-02-024,makan-siang
batch-02-024,tkpi-terukur
batch-02-025,batch-02
batch-02-025,makan-siang
batch-02-025,tkpi-terukur
batch-02-026,batch-02
batch-02-026,makan-siang
batch-02-026,tkpi-terukur
batch-02-027,batch-02
batch-02-027,makan-siang
batch-02-027,tkpi-terukur
batch-02-028,batch-02
batch-02-028,makan-siang
batch-02-028,tkpi-terukur
batch-02-029,batch-02
batch-02-029,makan-siang
batch-02-029,tkpi-terukur
batch-02-030,batch-02
batch-02-030,makan-siang
batch-02-030,tkpi-terukur
batch-02-031,batch-02
batch-02-031,makan-siang
batch-02-031,tkpi-terukur
batch-02-032,batch-02
batch-02-032,makan-siang
batch-02-032,tkpi-terukur
batch-02-033,batch-02
batch-02-033,makan-siang
batch-02-033,tkpi-terukur
batch-02-034,batch-02
batch-02-034,makan-malam
batch-02-034,tkpi-terukur
batch-02-035,batch-02
batch-02-035,makan-malam
batch-02-035,tkpi-terukur
batch-02-036,batch-02
batch-02-036,makan-malam
batch-02-036,tkpi-terukur
batch-02-037,batch-02
batch-02-037,makan-malam
batch-02-037,tkpi-terukur
batch-02-038,batch-02
batch-02-038,makan-malam
batch-02-038,tkpi-terukur
batch-02-039,batch-02
batch-02-039,makan-malam
batch-02-039,tkpi-terukur
batch-02-040,batch-02
batch-02-040,makan-malam
batch-02-040,tkpi-terukur
batch-02-041,batch-02
batch-02-041,makan-malam
batch-02-041,tkpi-terukur
batch-02-042,batch-02
batch-02-042,makan-malam
batch-02-042,tkpi-terukur
batch-02-043,batch-02
batch-02-043,makan-malam
batch-02-043,tkpi-terukur
batch-02-044,batch-02
batch-02-044,makan-malam
batch-02-044,tkpi-terukur
batch-02-045,batch-02
batch-02-045,makan-malam
batch-02-045,tkpi-terukur
batch-02-046,batch-02
batch-02-046,makan-malam
batch-02-046,tkpi-terukur
batch-02-047,batch-02
batch-02-047,makan-malam
batch-02-047,tkpi-terukur
batch-02-048,batch-02
batch-02-048,makan-malam
batch-02-048,tkpi-terukur
batch-02-049,batch-02
batch-02-049,makan-malam
batch-02-049,tkpi-terukur
batch-02-050,batch-02
batch-02-050,makan-malam
batch-02-050,tkpi-terukur
batch-02-051,batch-02
batch-02-051,makan-malam
batch-02-051,tkpi-terukur
batch-02-052,batch-02
batch-02-052,camilan
batch-02-052,tkpi-terukur
batch-02-053,batch-02
batch-02-053,camilan
batch-02-053,tkpi-terukur
batch-02-054,batch-02
batch-02-054,camilan
batch-02-054,tkpi-terukur
batch-02-055,batch-02
batch-02-055,camilan
batch-02-055,tkpi-terukur
batch-02-056,batch-02
batch-02-056,camilan
batch-02-056,tkpi-terukur
batch-02-057,batch-02
batch-02-057,camilan
batch-02-057,tkpi-terukur
batch-02-058,batch-02
batch-02-058,camilan
batch-02-058,tkpi-terukur
batch-02-059,batch-02
batch-02-059,camilan
batch-02-059,tkpi-terukur
batch-02-060,batch-02
batch-02-060,camilan
batch-02-060,tkpi-terukur
batch-03-001,batch-03
batch-03-001,sarapan
batch-03-001,tkpi-terukur
batch-03-002,batch-03
batch-03-002,sarapan
batch-03-002,tkpi-terukur
batch-03-003,batch-03
batch-03-003,sarapan
batch-03-003,tkpi-terukur
batch-03-004,batch-03
batch-03-004,sarapan
batch-03-004,tkpi-terukur
batch-03-005,batch-03
batch-03-005,sarapan
batch-03-005,tkpi-terukur
batch-03-006,batch-03
batch-03-006,sarapan
batch-03-006,tkpi-terukur
batch-03-007,batch-03
batch-03-007,sarapan
batch-03-007,tkpi-terukur
batch-03-008,batch-03
batch-03-008,sarapan
batch-03-008,tkpi-terukur
batch-03-009,batch-03
batch-03-009,sarapan
batch-03-009,tkpi-terukur
batch-03-010,batch-03
batch-03-010,sarapan
batch-03-010,tkpi-terukur
batch-03-011,batch-03
batch-03-011,sarapan
batch-03-011,tkpi-terukur
batch-03-012,batch-03
batch-03-012,sarapan
batch-03-012,tkpi-terukur
batch-03-013,batch-03
batch-03-013,sarapan
batch-03-013,tkpi-terukur
batch-03-014,batch-03
batch-03-014,sarapan
batch-03-014,tkpi-terukur
batch-03-015,batch-03
batch-03-015,sarapan
batch-03-015,tkpi-terukur
batch-03-016,batch-03
batch-03-016,makan-siang
batch-03-016,tkpi-terukur
batch-03-017,batch-03
batch-03-017,makan-siang
batch-03-017,tkpi-terukur
batch-03-018,batch-03
batch-03-018,makan-siang
batch-03-018,tkpi-terukur
batch-03-019,batch-03
batch-03-019,makan-siang
batch-03-019,tkpi-terukur
batch-03-020,batch-03
batch-03-020,makan-siang
batch-03-020,tkpi-terukur
batch-03-021,batch-03
batch-03-021,makan-siang
batch-03-021,tkpi-terukur
batch-03-022,batch-03
batch-03-022,makan-siang
batch-03-022,tkpi-terukur
batch-03-023,batch-03
batch-03-023,makan-siang
batch-03-023,tkpi-terukur
batch-03-024,batch-03
batch-03-024,makan-siang
batch-03-024,tkpi-terukur
batch-03-025,batch-03
batch-03-025,makan-siang
batch-03-025,tkpi-terukur
batch-03-026,batch-03
batch-03-026,makan-siang
batch-03-026,tkpi-terukur
batch-03-027,batch-03
batch-03-027,makan-siang
batch-03-027,tkpi-terukur
batch-03-028,batch-03
batch-03-028,makan-siang
batch-03-028,tkpi-terukur
batch-03-029,batch-03
batch-03-029,makan-siang
batch-03-029,tkpi-terukur
batch-03-030,batch-03
batch-03-030,makan-siang
batch-03-030,tkpi-terukur
batch-03-031,batch-03
batch-03-031,makan-siang
batch-03-031,tkpi-terukur
batch-03-032,batch-03
batch-03-032,makan-siang
batch-03-032,tkpi-terukur
batch-03-033,batch-03
batch-03-033,makan-siang
batch-03-033,tkpi-terukur
batch-03-034,batch-03
batch-03-034,makan-malam
batch-03-034,tkpi-terukur
batch-03-035,batch-03
batch-03-035,makan-malam
batch-03-035,tkpi-terukur
batch-03-036,batch-03
batch-03-036,makan-malam
batch-03-036,tkpi-terukur
batch-03-037,batch-03
batch-03-037,makan-malam
batch-03-037,tkpi-terukur
batch-03-038,batch-03
batch-03-038,makan-malam
batch-03-038,tkpi-terukur
batch-03-039,batch-03
batch-03-039,makan-malam
batch-03-039,tkpi-terukur
batch-03-040,batch-03
batch-03-040,makan-malam
batch-03-040,tkpi-terukur
batch-03-041,batch-03
batch-03-041,makan-malam
batch-03-041,tkpi-terukur
batch-03-042,batch-03
batch-03-042,makan-malam
batch-03-042,tkpi-terukur
batch-03-043,batch-03
batch-03-043,makan-malam
batch-03-043,tkpi-terukur
batch-03-044,batch-03
batch-03-044,makan-malam
batch-03-044,tkpi-terukur
batch-03-045,batch-03
batch-03-045,makan-malam
batch-03-045,tkpi-terukur
batch-03-046,batch-03
batch-03-046,makan-malam
batch-03-046,tkpi-terukur
batch-03-047,batch-03
batch-03-047,makan-malam
batch-03-047,tkpi-terukur
batch-03-048,batch-03
batch-03-048,makan-malam
batch-03-048,tkpi-terukur
batch-03-049,batch-03
batch-03-049,makan-malam
batch-03-049,tkpi-terukur
batch-03-050,batch-03
batch-03-050,makan-malam
batch-03-050,tkpi-terukur
batch-03-051,batch-03
batch-03-051,makan-malam
batch-03-051,tkpi-terukur
batch-03-052,batch-03
batch-03-052,camilan
batch-03-052,tkpi-terukur
batch-03-053,batch-03
batch-03-053,camilan
batch-03-053,tkpi-terukur
batch-03-054,batch-03
batch-03-054,camilan
batch-03-054,tkpi-terukur
batch-03-055,batch-03
batch-03-055,camilan
batch-03-055,tkpi-terukur
batch-03-056,batch-03
batch-03-056,camilan
batch-03-056,tkpi-terukur
batch-03-057,batch-03
batch-03-057,camilan
batch-03-057,tkpi-terukur
batch-03-058,batch-03
batch-03-058,camilan
batch-03-058,tkpi-terukur
batch-03-059,batch-03
batch-03-059,camilan
batch-03-059,tkpi-terukur
batch-03-060,batch-03
batch-03-060,camilan
batch-03-060,tkpi-terukur
batch-04-001,batch-04
batch-04-001,sarapan
batch-04-001,tkpi-terukur
batch-04-002,batch-04
batch-04-002,sarapan
batch-04-002,tkpi-terukur
batch-04-003,batch-04
batch-04-003,sarapan
batch-04-003,tkpi-terukur
batch-04-004,batch-04
batch-04-004,sarapan
batch-04-004,tkpi-terukur
batch-04-005,batch-04
batch-04-005,sarapan
batch-04-005,tkpi-terukur
batch-04-006,batch-04
batch-04-006,sarapan
batch-04-006,tkpi-terukur
batch-04-007,batch-04
batch-04-007,sarapan
batch-04-007,tkpi-terukur
batch-04-008,batch-04
batch-04-008,sarapan
batch-04-008,tkpi-terukur
batch-04-009,batch-04
batch-04-009,sarapan
batch-04-009,tkpi-terukur
batch-04-010,batch-04
batch-04-010,sarapan
batch-04-010,tkpi-terukur
batch-04-011,batch-04
batch-04-011,sarapan
batch-04-011,tkpi-terukur
batch-04-012,batch-04
batch-04-012,sarapan
batch-04-012,tkpi-terukur
batch-04-013,batch-04
batch-04-013,sarapan
batch-04-013,tkpi-terukur
batch-04-014,batch-04
batch-04-014,sarapan
batch-04-014,tkpi-terukur
batch-04-015,batch-04
batch-04-015,sarapan
batch-04-015,tkpi-terukur
batch-04-016,batch-04
batch-04-016,makan-siang
batch-04-016,tkpi-terukur
batch-04-017,batch-04
batch-04-017,makan-siang
batch-04-017,tkpi-terukur
batch-04-018,batch-04
batch-04-018,makan-siang
batch-04-018,tkpi-terukur
batch-04-019,batch-04
batch-04-019,makan-siang
batch-04-019,tkpi-terukur
batch-04-020,batch-04
batch-04-020,makan-siang
batch-04-020,tkpi-terukur
batch-04-021,batch-04
batch-04-021,makan-siang
batch-04-021,tkpi-terukur
batch-04-022,batch-04
batch-04-022,makan-siang
batch-04-022,tkpi-terukur
batch-04-023,batch-04
batch-04-023,makan-siang
batch-04-023,tkpi-terukur
batch-04-024,batch-04
batch-04-024,makan-siang
batch-04-024,tkpi-terukur
batch-04-025,batch-04
batch-04-025,makan-siang
batch-04-025,tkpi-terukur
batch-04-026,batch-04
batch-04-026,makan-siang
batch-04-026,tkpi-terukur
batch-04-027,batch-04
batch-04-027,makan-siang
batch-04-027,tkpi-terukur
batch-04-028,batch-04
batch-04-028,makan-siang
batch-04-028,tkpi-terukur
batch-04-029,batch-04
batch-04-029,makan-siang
batch-04-029,tkpi-terukur
batch-04-030,batch-04
batch-04-030,makan-siang
batch-04-030,tkpi-terukur
batch-04-031,batch-04
batch-04-031,makan-siang
batch-04-031,tkpi-terukur
batch-04-032,batch-04
batch-04-032,makan-siang
batch-04-032,tkpi-terukur
batch-04-033,batch-04
batch-04-033,makan-siang
batch-04-033,tkpi-terukur
batch-04-034,batch-04
batch-04-034,makan-malam
batch-04-034,tkpi-terukur
batch-04-035,batch-04
batch-04-035,makan-malam
batch-04-035,tkpi-terukur
batch-04-036,batch-04
batch-04-036,makan-malam
batch-04-036,tkpi-terukur
batch-04-037,batch-04
batch-04-037,makan-malam
batch-04-037,tkpi-terukur
batch-04-038,batch-04
batch-04-038,makan-malam
batch-04-038,tkpi-terukur
batch-04-039,batch-04
batch-04-039,makan-malam
batch-04-039,tkpi-terukur
batch-04-040,batch-04
batch-04-040,makan-malam
batch-04-040,tkpi-terukur
batch-04-041,batch-04
batch-04-041,makan-malam
batch-04-041,tkpi-terukur
batch-04-042,batch-04
batch-04-042,makan-malam
batch-04-042,tkpi-terukur
batch-04-043,batch-04
batch-04-043,makan-malam
batch-04-043,tkpi-terukur
batch-04-044,batch-04
batch-04-044,makan-malam
batch-04-044,tkpi-terukur
batch-04-045,batch-04
batch-04-045,makan-malam
batch-04-045,tkpi-terukur
batch-04-046,batch-04
batch-04-046,makan-malam
batch-04-046,tkpi-terukur
batch-04-047,batch-04
batch-04-047,makan-malam
batch-04-047,tkpi-terukur
batch-04-048,batch-04
batch-04-048,makan-malam
batch-04-048,tkpi-terukur
batch-04-049,batch-04
batch-04-049,makan-malam
batch-04-049,tkpi-terukur
batch-04-050,batch-04
batch-04-050,makan-malam
batch-04-050,tkpi-terukur
batch-04-051,batch-04
batch-04-051,makan-malam
batch-04-051,tkpi-terukur
batch-04-052,batch-04
batch-04-052,camilan
batch-04-052,tkpi-terukur
batch-04-053,batch-04
batch-04-053,camilan
batch-04-053,tkpi-terukur
batch-04-054,batch-04
batch-04-054,camilan
batch-04-054,tkpi-terukur
batch-04-055,batch-04
batch-04-055,camilan
batch-04-055,tkpi-terukur
batch-04-056,batch-04
batch-04-056,camilan
batch-04-056,tkpi-terukur
batch-04-057,batch-04
batch-04-057,camilan
batch-04-057,tkpi-terukur
batch-04-058,batch-04
batch-04-058,camilan
batch-04-058,tkpi-terukur
batch-04-059,batch-04
batch-04-059,camilan
batch-04-059,tkpi-terukur
batch-04-060,batch-04
batch-04-060,camilan
batch-04-060,tkpi-terukur
batch-05-001,batch-05
batch-05-001,sarapan
batch-05-001,tkpi-terukur
batch-05-002,batch-05
batch-05-002,sarapan
batch-05-002,tkpi-terukur
batch-05-003,batch-05
batch-05-003,sarapan
batch-05-003,tkpi-terukur
batch-05-004,batch-05
batch-05-004,sarapan
batch-05-004,tkpi-terukur
batch-05-005,batch-05
batch-05-005,sarapan
batch-05-005,tkpi-terukur
batch-05-006,batch-05
batch-05-006,sarapan
batch-05-006,tkpi-terukur
batch-05-007,batch-05
batch-05-007,sarapan
batch-05-007,tkpi-terukur
batch-05-008,batch-05
batch-05-008,sarapan
batch-05-008,tkpi-terukur
batch-05-009,batch-05
batch-05-009,sarapan
batch-05-009,tkpi-terukur
batch-05-010,batch-05
batch-05-010,sarapan
batch-05-010,tkpi-terukur
batch-05-011,batch-05
batch-05-011,sarapan
batch-05-011,tkpi-terukur
batch-05-012,batch-05
batch-05-012,sarapan
batch-05-012,tkpi-terukur
batch-05-013,batch-05
batch-05-013,sarapan
batch-05-013,tkpi-terukur
batch-05-014,batch-05
batch-05-014,sarapan
batch-05-014,tkpi-terukur
batch-05-015,batch-05
batch-05-015,sarapan
batch-05-015,tkpi-terukur
batch-05-016,batch-05
batch-05-016,makan-siang
batch-05-016,tkpi-terukur
batch-05-017,batch-05
batch-05-017,makan-siang
batch-05-017,tkpi-terukur
batch-05-018,batch-05
batch-05-018,makan-siang
batch-05-018,tkpi-terukur
batch-05-019,batch-05
batch-05-019,makan-siang
batch-05-019,tkpi-terukur
batch-05-020,batch-05
batch-05-020,makan-siang
batch-05-020,tkpi-terukur
batch-05-021,batch-05
batch-05-021,makan-siang
batch-05-021,tkpi-terukur
batch-05-022,batch-05
batch-05-022,makan-siang
batch-05-022,tkpi-terukur
batch-05-023,batch-05
batch-05-023,makan-siang
batch-05-023,tkpi-terukur
batch-05-024,batch-05
batch-05-024,makan-siang
batch-05-024,tkpi-terukur
batch-05-025,batch-05
batch-05-025,makan-siang
batch-05-025,tkpi-terukur
batch-05-026,batch-05
batch-05-026,makan-siang
batch-05-026,tkpi-terukur
batch-05-027,batch-05
batch-05-027,makan-siang
batch-05-027,tkpi-terukur
batch-05-028,batch-05
batch-05-028,makan-siang
batch-05-028,tkpi-terukur
batch-05-029,batch-05
batch-05-029,makan-siang
batch-05-029,tkpi-terukur
batch-05-030,batch-05
batch-05-030,makan-siang
batch-05-030,tkpi-terukur
batch-05-031,batch-05
batch-05-031,makan-siang
batch-05-031,tkpi-terukur
batch-05-032,batch-05
batch-05-032,makan-siang
batch-05-032,tkpi-terukur
batch-05-033,batch-05
batch-05-033,makan-siang
batch-05-033,tkpi-terukur
batch-05-034,batch-05
batch-05-034,makan-malam
batch-05-034,tkpi-terukur
batch-05-035,batch-05
batch-05-035,makan-malam
batch-05-035,tkpi-terukur
batch-05-036,batch-05
batch-05-036,makan-malam
batch-05-036,tkpi-terukur
batch-05-037,batch-05
batch-05-037,makan-malam
batch-05-037,tkpi-terukur
batch-05-038,batch-05
batch-05-038,makan-malam
batch-05-038,tkpi-terukur
batch-05-039,batch-05
batch-05-039,makan-malam
batch-05-039,tkpi-terukur
batch-05-040,batch-05
batch-05-040,makan-malam
batch-05-040,tkpi-terukur
batch-05-041,batch-05
batch-05-041,makan-malam
batch-05-041,tkpi-terukur
batch-05-042,batch-05
batch-05-042,makan-malam
batch-05-042,tkpi-terukur
batch-05-043,batch-05
batch-05-043,makan-malam
batch-05-043,tkpi-terukur
batch-05-044,batch-05
batch-05-044,makan-malam
batch-05-044,tkpi-terukur
batch-05-045,batch-05
batch-05-045,makan-malam
batch-05-045,tkpi-terukur
batch-05-046,batch-05
batch-05-046,makan-malam
batch-05-046,tkpi-terukur
batch-05-047,batch-05
batch-05-047,makan-malam
batch-05-047,tkpi-terukur
batch-05-048,batch-05
batch-05-048,makan-malam
batch-05-048,tkpi-terukur
batch-05-049,batch-05
batch-05-049,makan-malam
batch-05-049,tkpi-terukur
batch-05-050,batch-05
batch-05-050,makan-malam
batch-05-050,tkpi-terukur
batch-05-051,batch-05
batch-05-051,makan-malam
batch-05-051,tkpi-terukur
batch-05-052,batch-05
batch-05-052,camilan
batch-05-052,tkpi-terukur
batch-05-053,batch-05
batch-05-053,camilan
batch-05-053,tkpi-terukur
batch-05-054,batch-05
batch-05-054,camilan
batch-05-054,tkpi-terukur
batch-05-055,batch-05
batch-05-055,camilan
batch-05-055,tkpi-terukur
batch-05-056,batch-05
batch-05-056,camilan
batch-05-056,tkpi-terukur
batch-05-057,batch-05
batch-05-057,camilan
batch-05-057,tkpi-terukur
batch-05-058,batch-05
batch-05-058,camilan
batch-05-058,tkpi-terukur
batch-05-059,batch-05
batch-05-059,camilan
batch-05-059,tkpi-terukur
batch-05-060,batch-05
batch-05-060,camilan
batch-05-060,tkpi-terukur
batch-06-001,batch-06
batch-06-001,sarapan
batch-06-001,tkpi-terukur
batch-06-002,batch-06
batch-06-002,sarapan
batch-06-002,tkpi-terukur
batch-06-003,batch-06
batch-06-003,sarapan
batch-06-003,tkpi-terukur
batch-06-004,batch-06
batch-06-004,sarapan
batch-06-004,tkpi-terukur
batch-06-005,batch-06
batch-06-005,sarapan
batch-06-005,tkpi-terukur
batch-06-006,batch-06
batch-06-006,sarapan
batch-06-006,tkpi-terukur
batch-06-007,batch-06
batch-06-007,sarapan
batch-06-007,tkpi-terukur
batch-06-008,batch-06
batch-06-008,sarapan
batch-06-008,tkpi-terukur
batch-06-009,batch-06
batch-06-009,sarapan
batch-06-009,tkpi-terukur
batch-06-010,batch-06
batch-06-010,sarapan
batch-06-010,tkpi-terukur
batch-06-011,batch-06
batch-06-011,sarapan
batch-06-011,tkpi-terukur
batch-06-012,batch-06
batch-06-012,sarapan
batch-06-012,tkpi-terukur
batch-06-013,batch-06
batch-06-013,sarapan
batch-06-013,tkpi-terukur
batch-06-014,batch-06
batch-06-014,sarapan
batch-06-014,tkpi-terukur
batch-06-015,batch-06
batch-06-015,sarapan
batch-06-015,tkpi-terukur
batch-06-016,batch-06
batch-06-016,makan-siang
batch-06-016,tkpi-terukur
batch-06-017,batch-06
batch-06-017,makan-siang
batch-06-017,tkpi-terukur
batch-06-018,batch-06
batch-06-018,makan-siang
batch-06-018,tkpi-terukur
batch-06-019,batch-06
batch-06-019,makan-siang
batch-06-019,tkpi-terukur
batch-06-020,batch-06
batch-06-020,makan-siang
batch-06-020,tkpi-terukur
batch-06-021,batch-06
batch-06-021,makan-siang
batch-06-021,tkpi-terukur
batch-06-022,batch-06
batch-06-022,makan-siang
batch-06-022,tkpi-terukur
batch-06-023,batch-06
batch-06-023,makan-siang
batch-06-023,tkpi-terukur
batch-06-024,batch-06
batch-06-024,makan-siang
batch-06-024,tkpi-terukur
batch-06-025,batch-06
batch-06-025,makan-siang
batch-06-025,tkpi-terukur
batch-06-026,batch-06
batch-06-026,makan-siang
batch-06-026,tkpi-terukur
batch-06-027,batch-06
batch-06-027,makan-siang
batch-06-027,tkpi-terukur
batch-06-028,batch-06
batch-06-028,makan-siang
batch-06-028,tkpi-terukur
batch-06-029,batch-06
batch-06-029,makan-siang
batch-06-029,tkpi-terukur
batch-06-030,batch-06
batch-06-030,makan-siang
batch-06-030,tkpi-terukur
batch-06-031,batch-06
batch-06-031,makan-siang
batch-06-031,tkpi-terukur
batch-06-032,batch-06
batch-06-032,makan-siang
batch-06-032,tkpi-terukur
batch-06-033,batch-06
batch-06-033,makan-siang
batch-06-033,tkpi-terukur
batch-06-034,batch-06
batch-06-034,makan-malam
batch-06-034,tkpi-terukur
batch-06-035,batch-06
batch-06-035,makan-malam
batch-06-035,tkpi-terukur
batch-06-036,batch-06
batch-06-036,makan-malam
batch-06-036,tkpi-terukur
batch-06-037,batch-06
batch-06-037,makan-malam
batch-06-037,tkpi-terukur
batch-06-038,batch-06
batch-06-038,makan-malam
batch-06-038,tkpi-terukur
batch-06-039,batch-06
batch-06-039,makan-malam
batch-06-039,tkpi-terukur
batch-06-040,batch-06
batch-06-040,makan-malam
batch-06-040,tkpi-terukur
batch-06-041,batch-06
batch-06-041,makan-malam
batch-06-041,tkpi-terukur
batch-06-042,batch-06
batch-06-042,makan-malam
batch-06-042,tkpi-terukur
batch-06-043,batch-06
batch-06-043,makan-malam
batch-06-043,tkpi-terukur
batch-06-044,batch-06
batch-06-044,makan-malam
batch-06-044,tkpi-terukur
batch-06-045,batch-06
batch-06-045,makan-malam
batch-06-045,tkpi-terukur
batch-06-046,batch-06
batch-06-046,makan-malam
batch-06-046,tkpi-terukur
batch-06-047,batch-06
batch-06-047,makan-malam
batch-06-047,tkpi-terukur
batch-06-048,batch-06
batch-06-048,makan-malam
batch-06-048,tkpi-terukur
batch-06-049,batch-06
batch-06-049,makan-malam
batch-06-049,tkpi-terukur
batch-06-050,batch-06
batch-06-050,makan-malam
batch-06-050,tkpi-terukur
batch-06-051,batch-06
batch-06-051,makan-malam
batch-06-051,tkpi-terukur
batch-06-052,batch-06
batch-06-052,camilan
batch-06-052,tkpi-terukur
batch-06-053,batch-06
batch-06-053,camilan
batch-06-053,tkpi-terukur
batch-06-054,batch-06
batch-06-054,camilan
batch-06-054,tkpi-terukur
batch-06-055,batch-06
batch-06-055,camilan
batch-06-055,tkpi-terukur
batch-06-056,batch-06
batch-06-056,camilan
batch-06-056,tkpi-terukur
batch-06-057,batch-06
batch-06-057,camilan
batch-06-057,tkpi-terukur
batch-06-058,batch-06
batch-06-058,camilan
batch-06-058,tkpi-terukur
batch-06-059,batch-06
batch-06-059,camilan
batch-06-059,tkpi-terukur
batch-06-060,batch-06
batch-06-060,camilan
batch-06-060,tkpi-terukur
batch-07-001,batch-07
batch-07-001,sarapan
batch-07-001,tkpi-terukur
batch-07-002,batch-07
batch-07-002,sarapan
batch-07-002,tkpi-terukur
batch-07-003,batch-07
batch-07-003,sarapan
batch-07-003,tkpi-terukur
batch-07-004,batch-07
batch-07-004,sarapan
batch-07-004,tkpi-terukur
batch-07-005,batch-07
batch-07-005,sarapan
batch-07-005,tkpi-terukur
batch-07-006,batch-07
batch-07-006,sarapan
batch-07-006,tkpi-terukur
batch-07-007,batch-07
batch-07-007,sarapan
batch-07-007,tkpi-terukur
batch-07-008,batch-07
batch-07-008,sarapan
batch-07-008,tkpi-terukur
batch-07-009,batch-07
batch-07-009,sarapan
batch-07-009,tkpi-terukur
batch-07-010,batch-07
batch-07-010,sarapan
batch-07-010,tkpi-terukur
batch-07-011,batch-07
batch-07-011,sarapan
batch-07-011,tkpi-terukur
batch-07-012,batch-07
batch-07-012,sarapan
batch-07-012,tkpi-terukur
batch-07-013,batch-07
batch-07-013,sarapan
batch-07-013,tkpi-terukur
batch-07-014,batch-07
batch-07-014,sarapan
batch-07-014,tkpi-terukur
batch-07-015,batch-07
batch-07-015,sarapan
batch-07-015,tkpi-terukur
batch-07-016,batch-07
batch-07-016,makan-siang
batch-07-016,tkpi-terukur
batch-07-017,batch-07
batch-07-017,makan-siang
batch-07-017,tkpi-terukur
batch-07-018,batch-07
batch-07-018,makan-siang
batch-07-018,tkpi-terukur
batch-07-019,batch-07
batch-07-019,makan-siang
batch-07-019,tkpi-terukur
batch-07-020,batch-07
batch-07-020,makan-siang
batch-07-020,tkpi-terukur
batch-07-021,batch-07
batch-07-021,makan-siang
batch-07-021,tkpi-terukur
batch-07-022,batch-07
batch-07-022,makan-siang
batch-07-022,tkpi-terukur
batch-07-023,batch-07
batch-07-023,makan-siang
batch-07-023,tkpi-terukur
batch-07-024,batch-07
batch-07-024,makan-siang
batch-07-024,tkpi-terukur
batch-07-025,batch-07
batch-07-025,makan-siang
batch-07-025,tkpi-terukur
batch-07-026,batch-07
batch-07-026,makan-siang
batch-07-026,tkpi-terukur
batch-07-027,batch-07
batch-07-027,makan-siang
batch-07-027,tkpi-terukur
batch-07-028,batch-07
batch-07-028,makan-siang
batch-07-028,tkpi-terukur
batch-07-029,batch-07
batch-07-029,makan-siang
batch-07-029,tkpi-terukur
batch-07-030,batch-07
batch-07-030,makan-siang
batch-07-030,tkpi-terukur
batch-07-031,batch-07
batch-07-031,makan-siang
batch-07-031,tkpi-terukur
batch-07-032,batch-07
batch-07-032,makan-siang
batch-07-032,tkpi-terukur
batch-07-033,batch-07
batch-07-033,makan-siang
batch-07-033,tkpi-terukur
batch-07-034,batch-07
batch-07-034,makan-malam
batch-07-034,tkpi-terukur
batch-07-035,batch-07
batch-07-035,makan-malam
batch-07-035,tkpi-terukur
batch-07-036,batch-07
batch-07-036,makan-malam
batch-07-036,tkpi-terukur
batch-07-037,batch-07
batch-07-037,makan-malam
batch-07-037,tkpi-terukur
batch-07-038,batch-07
batch-07-038,makan-malam
batch-07-038,tkpi-terukur
batch-07-039,batch-07
batch-07-039,makan-malam
batch-07-039,tkpi-terukur
batch-07-040,batch-07
batch-07-040,makan-malam
batch-07-040,tkpi-terukur
batch-07-041,batch-07
batch-07-041,makan-malam
batch-07-041,tkpi-terukur
batch-07-042,batch-07
batch-07-042,makan-malam
batch-07-042,tkpi-terukur
batch-07-043,batch-07
batch-07-043,makan-malam
batch-07-043,tkpi-terukur
batch-07-044,batch-07
batch-07-044,makan-malam
batch-07-044,tkpi-terukur
batch-07-045,batch-07
batch-07-045,makan-malam
batch-07-045,tkpi-terukur
batch-07-046,batch-07
batch-07-046,makan-malam
batch-07-046,tkpi-terukur
batch-07-047,batch-07
batch-07-047,makan-malam
batch-07-047,tkpi-terukur
batch-07-048,batch-07
batch-07-048,makan-malam
batch-07-048,tkpi-terukur
batch-07-049,batch-07
batch-07-049,makan-malam
batch-07-049,tkpi-terukur
batch-07-050,batch-07
batch-07-050,makan-malam
batch-07-050,tkpi-terukur
batch-07-051,batch-07
batch-07-051,makan-malam
batch-07-051,tkpi-terukur
batch-07-052,batch-07
batch-07-052,camilan
batch-07-052,tkpi-terukur
batch-07-053,batch-07
batch-07-053,camilan
batch-07-053,tkpi-terukur
batch-07-054,batch-07
batch-07-054,camilan
batch-07-054,tkpi-terukur
batch-07-055,batch-07
batch-07-055,camilan
batch-07-055,tkpi-terukur
batch-07-056,batch-07
batch-07-056,camilan
batch-07-056,tkpi-terukur
batch-07-057,batch-07
batch-07-057,camilan
batch-07-057,tkpi-terukur
batch-07-058,batch-07
batch-07-058,camilan
batch-07-058,tkpi-terukur
batch-07-059,batch-07
batch-07-059,camilan
batch-07-059,tkpi-terukur
batch-07-060,batch-07
batch-07-060,camilan
batch-07-060,tkpi-terukur
batch-08-001,batch-08
batch-08-001,sarapan
batch-08-001,tkpi-terukur
batch-08-002,batch-08
batch-08-002,sarapan
batch-08-002,tkpi-terukur
batch-08-003,batch-08
batch-08-003,sarapan
batch-08-003,tkpi-terukur
batch-08-004,batch-08
batch-08-004,sarapan
batch-08-004,tkpi-terukur
batch-08-005,batch-08
batch-08-005,sarapan
batch-08-005,tkpi-terukur
batch-08-006,batch-08
batch-08-006,sarapan
batch-08-006,tkpi-terukur
batch-08-007,batch-08
batch-08-007,sarapan
batch-08-007,tkpi-terukur
batch-08-008,batch-08
batch-08-008,sarapan
batch-08-008,tkpi-terukur
batch-08-009,batch-08
batch-08-009,sarapan
batch-08-009,tkpi-terukur
batch-08-010,batch-08
batch-08-010,sarapan
batch-08-010,tkpi-terukur
batch-08-011,batch-08
batch-08-011,sarapan
batch-08-011,tkpi-terukur
batch-08-012,batch-08
batch-08-012,sarapan
batch-08-012,tkpi-terukur
batch-08-013,batch-08
batch-08-013,sarapan
batch-08-013,tkpi-terukur
batch-08-014,batch-08
batch-08-014,sarapan
batch-08-014,tkpi-terukur
batch-08-015,batch-08
batch-08-015,sarapan
batch-08-015,tkpi-terukur
batch-08-016,batch-08
batch-08-016,makan-siang
batch-08-016,tkpi-terukur
batch-08-017,batch-08
batch-08-017,makan-siang
batch-08-017,tkpi-terukur
batch-08-018,batch-08
batch-08-018,makan-siang
batch-08-018,tkpi-terukur
batch-08-019,batch-08
batch-08-019,makan-siang
batch-08-019,tkpi-terukur
batch-08-020,batch-08
batch-08-020,makan-siang
batch-08-020,tkpi-terukur
batch-08-021,batch-08
batch-08-021,makan-siang
batch-08-021,tkpi-terukur
batch-08-022,batch-08
batch-08-022,makan-siang
batch-08-022,tkpi-terukur
batch-08-023,batch-08
batch-08-023,makan-siang
batch-08-023,tkpi-terukur
batch-08-024,batch-08
batch-08-024,makan-siang
batch-08-024,tkpi-terukur
batch-08-025,batch-08
batch-08-025,makan-siang
batch-08-025,tkpi-terukur
batch-08-026,batch-08
batch-08-026,makan-siang
batch-08-026,tkpi-terukur
batch-08-027,batch-08
batch-08-027,makan-siang
batch-08-027,tkpi-terukur
batch-08-028,batch-08
batch-08-028,makan-siang
batch-08-028,tkpi-terukur
batch-08-029,batch-08
batch-08-029,makan-siang
batch-08-029,tkpi-terukur
batch-08-030,batch-08
batch-08-030,makan-siang
batch-08-030,tkpi-terukur
batch-08-031,batch-08
batch-08-031,makan-siang
batch-08-031,tkpi-terukur
batch-08-032,batch-08
batch-08-032,makan-siang
batch-08-032,tkpi-terukur
batch-08-033,batch-08
batch-08-033,makan-siang
batch-08-033,tkpi-terukur
batch-08-034,batch-08
batch-08-034,makan-malam
batch-08-034,tkpi-terukur
batch-08-035,batch-08
batch-08-035,makan-malam
batch-08-035,tkpi-terukur
batch-08-036,batch-08
batch-08-036,makan-malam
batch-08-036,tkpi-terukur
batch-08-037,batch-08
batch-08-037,makan-malam
batch-08-037,tkpi-terukur
batch-08-038,batch-08
batch-08-038,makan-malam
batch-08-038,tkpi-terukur
batch-08-039,batch-08
batch-08-039,makan-malam
batch-08-039,tkpi-terukur
batch-08-040,batch-08
batch-08-040,makan-malam
batch-08-040,tkpi-terukur
batch-08-041,batch-08
batch-08-041,makan-malam
batch-08-041,tkpi-terukur
batch-08-042,batch-08
batch-08-042,makan-malam
batch-08-042,tkpi-terukur
batch-08-043,batch-08
batch-08-043,makan-malam
batch-08-043,tkpi-terukur
batch-08-044,batch-08
batch-08-044,makan-malam
batch-08-044,tkpi-terukur
batch-08-045,batch-08
batch-08-045,makan-malam
batch-08-045,tkpi-terukur
batch-08-046,batch-08
batch-08-046,makan-malam
batch-08-046,tkpi-terukur
batch-08-047,batch-08
batch-08-047,makan-malam
batch-08-047,tkpi-terukur
batch-08-048,batch-08
batch-08-048,makan-malam
batch-08-048,tkpi-terukur
batch-08-049,batch-08
batch-08-049,makan-malam
batch-08-049,tkpi-terukur
batch-08-050,batch-08
batch-08-050,makan-malam
batch-08-050,tkpi-terukur
batch-08-051,batch-08
batch-08-051,makan-malam
batch-08-051,tkpi-terukur
batch-08-052,batch-08
batch-08-052,camilan
batch-08-052,tkpi-terukur
batch-08-053,batch-08
batch-08-053,camilan
batch-08-053,tkpi-terukur
batch-08-054,batch-08
batch-08-054,camilan
batch-08-054,tkpi-terukur
batch-08-055,batch-08
batch-08-055,camilan
batch-08-055,tkpi-terukur
batch-08-056,batch-08
batch-08-056,camilan
batch-08-056,tkpi-terukur
batch-08-057,batch-08
batch-08-057,camilan
batch-08-057,tkpi-terukur
batch-08-058,batch-08
batch-08-058,camilan
batch-08-058,tkpi-terukur
batch-08-059,batch-08
batch-08-059,camilan
batch-08-059,tkpi-terukur
batch-08-060,batch-08
batch-08-060,camilan
batch-08-060,tkpi-terukur
batch-09-001,batch-09
batch-09-001,sarapan
batch-09-001,tkpi-terukur
batch-09-002,batch-09
batch-09-002,sarapan
batch-09-002,tkpi-terukur
batch-09-003,batch-09
batch-09-003,sarapan
batch-09-003,tkpi-terukur
batch-09-004,batch-09
batch-09-004,sarapan
batch-09-004,tkpi-terukur
batch-09-005,batch-09
batch-09-005,sarapan
batch-09-005,tkpi-terukur
batch-09-006,batch-09
batch-09-006,sarapan
batch-09-006,tkpi-terukur
batch-09-007,batch-09
batch-09-007,sarapan
batch-09-007,tkpi-terukur
batch-09-008,batch-09
batch-09-008,sarapan
batch-09-008,tkpi-terukur
batch-09-009,batch-09
batch-09-009,sarapan
batch-09-009,tkpi-terukur
batch-09-010,batch-09
batch-09-010,sarapan
batch-09-010,tkpi-terukur
batch-09-011,batch-09
batch-09-011,sarapan
batch-09-011,tkpi-terukur
batch-09-012,batch-09
batch-09-012,sarapan
batch-09-012,tkpi-terukur
batch-09-013,batch-09
batch-09-013,sarapan
batch-09-013,tkpi-terukur
batch-09-014,batch-09
batch-09-014,sarapan
batch-09-014,tkpi-terukur
batch-09-015,batch-09
batch-09-015,sarapan
batch-09-015,tkpi-terukur
batch-09-016,batch-09
batch-09-016,makan-siang
batch-09-016,tkpi-terukur
batch-09-017,batch-09
batch-09-017,makan-siang
batch-09-017,tkpi-terukur
batch-09-018,batch-09
batch-09-018,makan-siang
batch-09-018,tkpi-terukur
batch-09-019,batch-09
batch-09-019,makan-siang
batch-09-019,tkpi-terukur
batch-09-020,batch-09
batch-09-020,makan-siang
batch-09-020,tkpi-terukur
batch-09-021,batch-09
batch-09-021,makan-siang
batch-09-021,tkpi-terukur
batch-09-022,batch-09
batch-09-022,makan-siang
batch-09-022,tkpi-terukur
batch-09-023,batch-09
batch-09-023,makan-siang
batch-09-023,tkpi-terukur
batch-09-024,batch-09
batch-09-024,makan-siang
batch-09-024,tkpi-terukur
batch-09-025,batch-09
batch-09-025,makan-siang
batch-09-025,tkpi-terukur
batch-09-026,batch-09
batch-09-026,makan-siang
batch-09-026,tkpi-terukur
batch-09-027,batch-09
batch-09-027,makan-siang
batch-09-027,tkpi-terukur
batch-09-028,batch-09
batch-09-028,makan-siang
batch-09-028,tkpi-terukur
batch-09-029,batch-09
batch-09-029,makan-siang
batch-09-029,tkpi-terukur
batch-09-030,batch-09
batch-09-030,makan-siang
batch-09-030,tkpi-terukur
batch-09-031,batch-09
batch-09-031,makan-siang
batch-09-031,tkpi-terukur
batch-09-032,batch-09
batch-09-032,makan-siang
batch-09-032,tkpi-terukur
batch-09-033,batch-09
batch-09-033,makan-siang
batch-09-033,tkpi-terukur
batch-09-034,batch-09
batch-09-034,makan-malam
batch-09-034,tkpi-terukur
batch-09-035,batch-09
batch-09-035,makan-malam
batch-09-035,tkpi-terukur
batch-09-036,batch-09
batch-09-036,makan-malam
batch-09-036,tkpi-terukur
batch-09-037,batch-09
batch-09-037,makan-malam
batch-09-037,tkpi-terukur
batch-09-038,batch-09
batch-09-038,makan-malam
batch-09-038,tkpi-terukur
batch-09-039,batch-09
batch-09-039,makan-malam
batch-09-039,tkpi-terukur
batch-09-040,batch-09
batch-09-040,makan-malam
batch-09-040,tkpi-terukur
batch-09-041,batch-09
batch-09-041,makan-malam
batch-09-041,tkpi-terukur
batch-09-042,batch-09
batch-09-042,makan-malam
batch-09-042,tkpi-terukur
batch-09-043,batch-09
batch-09-043,makan-malam
batch-09-043,tkpi-terukur
batch-09-044,batch-09
batch-09-044,makan-malam
batch-09-044,tkpi-terukur
batch-09-045,batch-09
batch-09-045,makan-malam
batch-09-045,tkpi-terukur
batch-09-046,batch-09
batch-09-046,makan-malam
batch-09-046,tkpi-terukur
batch-09-047,batch-09
batch-09-047,makan-malam
batch-09-047,tkpi-terukur
batch-09-048,batch-09
batch-09-048,makan-malam
batch-09-048,tkpi-terukur
batch-09-049,batch-09
batch-09-049,makan-malam
batch-09-049,tkpi-terukur
batch-09-050,batch-09
batch-09-050,makan-malam
batch-09-050,tkpi-terukur
batch-09-051,batch-09
batch-09-051,makan-malam
batch-09-051,tkpi-terukur
batch-09-052,batch-09
batch-09-052,camilan
batch-09-052,tkpi-terukur
batch-09-053,batch-09
batch-09-053,camilan
batch-09-053,tkpi-terukur
batch-09-054,batch-09
batch-09-054,camilan
batch-09-054,tkpi-terukur
batch-09-055,batch-09
batch-09-055,camilan
batch-09-055,tkpi-terukur
batch-09-056,batch-09
batch-09-056,camilan
batch-09-056,tkpi-terukur
batch-09-057,batch-09
batch-09-057,camilan
batch-09-057,tkpi-terukur
batch-09-058,batch-09
batch-09-058,camilan
batch-09-058,tkpi-terukur
batch-09-059,batch-09
batch-09-059,camilan
batch-09-059,tkpi-terukur
batch-09-060,batch-09
batch-09-060,camilan
batch-09-060,tkpi-terukur
batch-10-001,batch-10
batch-10-001,sarapan
batch-10-001,tkpi-terukur
batch-10-002,batch-10
batch-10-002,sarapan
batch-10-002,tkpi-terukur
batch-10-003,batch-10
batch-10-003,sarapan
batch-10-003,tkpi-terukur
batch-10-004,batch-10
batch-10-004,sarapan
batch-10-004,tkpi-terukur
batch-10-005,batch-10
batch-10-005,sarapan
batch-10-005,tkpi-terukur
batch-10-006,batch-10
batch-10-006,sarapan
batch-10-006,tkpi-terukur
batch-10-007,batch-10
batch-10-007,sarapan
batch-10-007,tkpi-terukur
batch-10-008,batch-10
batch-10-008,sarapan
batch-10-008,tkpi-terukur
batch-10-009,batch-10
batch-10-009,sarapan
batch-10-009,tkpi-terukur
batch-10-010,batch-10
batch-10-010,sarapan
batch-10-010,tkpi-terukur
batch-10-011,batch-10
batch-10-011,sarapan
batch-10-011,tkpi-terukur
batch-10-012,batch-10
batch-10-012,sarapan
batch-10-012,tkpi-terukur
batch-10-013,batch-10
batch-10-013,sarapan
batch-10-013,tkpi-terukur
batch-10-014,batch-10
batch-10-014,sarapan
batch-10-014,tkpi-terukur
batch-10-015,batch-10
batch-10-015,sarapan
batch-10-015,tkpi-terukur
batch-10-016,batch-10
batch-10-016,makan-siang
batch-10-016,tkpi-terukur
batch-10-017,batch-10
batch-10-017,makan-siang
batch-10-017,tkpi-terukur
batch-10-018,batch-10
batch-10-018,makan-siang
batch-10-018,tkpi-terukur
batch-10-019,batch-10
batch-10-019,makan-siang
batch-10-019,tkpi-terukur
batch-10-020,batch-10
batch-10-020,makan-siang
batch-10-020,tkpi-terukur
batch-10-021,batch-10
batch-10-021,makan-siang
batch-10-021,tkpi-terukur
batch-10-022,batch-10
batch-10-022,makan-siang
batch-10-022,tkpi-terukur
batch-10-023,batch-10
batch-10-023,makan-siang
batch-10-023,tkpi-terukur
batch-10-024,batch-10
batch-10-024,makan-siang
batch-10-024,tkpi-terukur
batch-10-025,batch-10
batch-10-025,makan-siang
batch-10-025,tkpi-terukur
batch-10-026,batch-10
batch-10-026,makan-siang
batch-10-026,tkpi-terukur
batch-10-027,batch-10
batch-10-027,makan-siang
batch-10-027,tkpi-terukur
batch-10-028,batch-10
batch-10-028,makan-siang
batch-10-028,tkpi-terukur
batch-10-029,batch-10
batch-10-029,makan-siang
batch-10-029,tkpi-terukur
batch-10-030,batch-10
batch-10-030,makan-siang
batch-10-030,tkpi-terukur
batch-10-031,batch-10
batch-10-031,makan-siang
batch-10-031,tkpi-terukur
batch-10-032,batch-10
batch-10-032,makan-siang
batch-10-032,tkpi-terukur
batch-10-033,batch-10
batch-10-033,makan-siang
batch-10-033,tkpi-terukur
batch-10-034,batch-10
batch-10-034,makan-malam
batch-10-034,tkpi-terukur
batch-10-035,batch-10
batch-10-035,makan-malam
batch-10-035,tkpi-terukur
batch-10-036,batch-10
batch-10-036,makan-malam
batch-10-036,tkpi-terukur
batch-10-037,batch-10
batch-10-037,makan-malam
batch-10-037,tkpi-terukur
batch-10-038,batch-10
batch-10-038,makan-malam
batch-10-038,tkpi-terukur
batch-10-039,batch-10
batch-10-039,makan-malam
batch-10-039,tkpi-terukur
batch-10-040,batch-10
batch-10-040,makan-malam
batch-10-040,tkpi-terukur
batch-10-041,batch-10
batch-10-041,makan-malam
batch-10-041,tkpi-terukur
batch-10-042,batch-10
batch-10-042,makan-malam
batch-10-042,tkpi-terukur
batch-10-043,batch-10
batch-10-043,makan-malam
batch-10-043,tkpi-terukur
batch-10-044,batch-10
batch-10-044,makan-malam
batch-10-044,tkpi-terukur
batch-10-045,batch-10
batch-10-045,makan-malam
batch-10-045,tkpi-terukur
batch-10-046,batch-10
batch-10-046,makan-malam
batch-10-046,tkpi-terukur
batch-10-047,batch-10
batch-10-047,makan-malam
batch-10-047,tkpi-terukur
batch-10-048,batch-10
batch-10-048,makan-malam
batch-10-048,tkpi-terukur
batch-10-049,batch-10
batch-10-049,makan-malam
batch-10-049,tkpi-terukur
batch-10-050,batch-10
batch-10-050,makan-malam
batch-10-050,tkpi-terukur
batch-10-051,batch-10
batch-10-051,makan-malam
batch-10-051,tkpi-terukur
batch-10-052,batch-10
batch-10-052,camilan
batch-10-052,tkpi-terukur
batch-10-053,batch-10
batch-10-053,camilan
batch-10-053,tkpi-terukur
batch-10-054,batch-10
batch-10-054,camilan
batch-10-054,tkpi-terukur
batch-10-055,batch-10
batch-10-055,camilan
batch-10-055,tkpi-terukur
batch-10-056,batch-10
batch-10-056,camilan
batch-10-056,tkpi-terukur
batch-10-057,batch-10
batch-10-057,camilan
batch-10-057,tkpi-terukur
batch-10-058,batch-10
batch-10-058,camilan
batch-10-058,tkpi-terukur
batch-10-059,batch-10
batch-10-059,camilan
batch-10-059,tkpi-terukur
batch-10-060,batch-10
batch-10-060,camilan
batch-10-060,tkpi-terukur
batch-11-001,batch-11
batch-11-001,sarapan
batch-11-001,tkpi-terukur
batch-11-002,batch-11
batch-11-002,sarapan
batch-11-002,tkpi-terukur
batch-11-003,batch-11
batch-11-003,sarapan
batch-11-003,tkpi-terukur
batch-11-004,batch-11
batch-11-004,sarapan
batch-11-004,tkpi-terukur
batch-11-005,batch-11
batch-11-005,sarapan
batch-11-005,tkpi-terukur
batch-11-006,batch-11
batch-11-006,sarapan
batch-11-006,tkpi-terukur
batch-11-007,batch-11
batch-11-007,sarapan
batch-11-007,tkpi-terukur
batch-11-008,batch-11
batch-11-008,sarapan
batch-11-008,tkpi-terukur
batch-11-009,batch-11
batch-11-009,sarapan
batch-11-009,tkpi-terukur
batch-11-010,batch-11
batch-11-010,sarapan
batch-11-010,tkpi-terukur
batch-11-011,batch-11
batch-11-011,sarapan
batch-11-011,tkpi-terukur
batch-11-012,batch-11
batch-11-012,sarapan
batch-11-012,tkpi-terukur
batch-11-013,batch-11
batch-11-013,sarapan
batch-11-013,tkpi-terukur
batch-11-014,batch-11
batch-11-014,sarapan
batch-11-014,tkpi-terukur
batch-11-015,batch-11
batch-11-015,sarapan
batch-11-015,tkpi-terukur
batch-11-016,batch-11
batch-11-016,makan-siang
batch-11-016,tkpi-terukur
batch-11-017,batch-11
batch-11-017,makan-siang
batch-11-017,tkpi-terukur
batch-11-018,batch-11
batch-11-018,makan-siang
batch-11-018,tkpi-terukur
batch-11-019,batch-11
batch-11-019,makan-siang
batch-11-019,tkpi-terukur
batch-11-020,batch-11
batch-11-020,makan-siang
batch-11-020,tkpi-terukur
batch-11-021,batch-11
batch-11-021,makan-siang
batch-11-021,tkpi-terukur
batch-11-022,batch-11
batch-11-022,makan-siang
batch-11-022,tkpi-terukur
batch-11-023,batch-11
batch-11-023,makan-siang
batch-11-023,tkpi-terukur
batch-11-024,batch-11
batch-11-024,makan-siang
batch-11-024,tkpi-terukur
batch-11-025,batch-11
batch-11-025,makan-siang
batch-11-025,tkpi-terukur
batch-11-026,batch-11
batch-11-026,makan-siang
batch-11-026,tkpi-terukur
batch-11-027,batch-11
batch-11-027,makan-siang
batch-11-027,tkpi-terukur
batch-11-028,batch-11
batch-11-028,makan-siang
batch-11-028,tkpi-terukur
batch-11-029,batch-11
batch-11-029,makan-siang
batch-11-029,tkpi-terukur
batch-11-030,batch-11
batch-11-030,makan-siang
batch-11-030,tkpi-terukur
batch-11-031,batch-11
batch-11-031,makan-siang
batch-11-031,tkpi-terukur
batch-11-032,batch-11
batch-11-032,makan-siang
batch-11-032,tkpi-terukur
batch-11-033,batch-11
batch-11-033,makan-siang
batch-11-033,tkpi-terukur
batch-11-034,batch-11
batch-11-034,makan-malam
batch-11-034,tkpi-terukur
batch-11-035,batch-11
batch-11-035,makan-malam
batch-11-035,tkpi-terukur
batch-11-036,batch-11
batch-11-036,makan-malam
batch-11-036,tkpi-terukur
batch-11-037,batch-11
batch-11-037,makan-malam
batch-11-037,tkpi-terukur
batch-11-038,batch-11
batch-11-038,makan-malam
batch-11-038,tkpi-terukur
batch-11-039,batch-11
batch-11-039,makan-malam
batch-11-039,tkpi-terukur
batch-11-040,batch-11
batch-11-040,makan-malam
batch-11-040,tkpi-terukur
batch-11-041,batch-11
batch-11-041,makan-malam
batch-11-041,tkpi-terukur
batch-11-042,batch-11
batch-11-042,makan-malam
batch-11-042,tkpi-terukur
batch-11-043,batch-11
batch-11-043,makan-malam
batch-11-043,tkpi-terukur
batch-11-044,batch-11
batch-11-044,makan-malam
batch-11-044,tkpi-terukur
batch-11-045,batch-11
batch-11-045,makan-malam
batch-11-045,tkpi-terukur
batch-11-046,batch-11
batch-11-046,makan-malam
batch-11-046,tkpi-terukur
batch-11-047,batch-11
batch-11-047,makan-malam
batch-11-047,tkpi-terukur
batch-11-048,batch-11
batch-11-048,makan-malam
batch-11-048,tkpi-terukur
batch-11-049,batch-11
batch-11-049,makan-malam
batch-11-049,tkpi-terukur
batch-11-050,batch-11
batch-11-050,makan-malam
batch-11-050,tkpi-terukur
batch-11-051,batch-11
batch-11-051,makan-malam
batch-11-051,tkpi-terukur
batch-11-052,batch-11
batch-11-052,camilan
batch-11-052,tkpi-terukur
batch-11-053,batch-11
batch-11-053,camilan
batch-11-053,tkpi-terukur
batch-11-054,batch-11
batch-11-054,camilan
batch-11-054,tkpi-terukur
batch-11-055,batch-11
batch-11-055,camilan
batch-11-055,tkpi-terukur
batch-11-056,batch-11
batch-11-056,camilan
batch-11-056,tkpi-terukur
batch-11-057,batch-11
batch-11-057,camilan
batch-11-057,tkpi-terukur
batch-11-058,batch-11
batch-11-058,camilan
batch-11-058,tkpi-terukur
batch-11-059,batch-11
batch-11-059,camilan
batch-11-059,tkpi-terukur
batch-11-060,batch-11
batch-11-060,camilan
batch-11-060,tkpi-terukur
pilot-003,buah
pilot-003,sarapan
pilot-003,umbi
pilot-004,buah
pilot-004,nabati
pilot-004,sarapan
pilot-004,umbi
pilot-005,buah
pilot-005,nabati
pilot-005,protein
pilot-005,sarapan
pilot-009,ayam
pilot-009,buah
pilot-009,makan-siang
pilot-009,sayuran
pilot-010,buah
pilot-010,ikan
pilot-010,makan-siang
pilot-010,sayuran
pilot-012,buah
pilot-012,ikan
pilot-012,makan-siang
pilot-012,sayuran
pilot-015,ayam
pilot-015,buah
pilot-015,makan-siang
pilot-015,sayuran
pilot-017,buah
pilot-017,ikan
pilot-017,makan-siang
pilot-017,sayuran
pilot-018,buah
pilot-018,ikan
pilot-018,makan-malam
pilot-018,sayuran
pilot-019,buah
pilot-019,makan-malam
pilot-019,sayuran
pilot-019,seafood
pilot-021,buah
pilot-021,makan-malam
pilot-021,nabati
pilot-021,sayuran
pilot-022,buah
pilot-022,makan-malam
pilot-022,nabati
pilot-022,sayuran
pilot-024,buah
pilot-024,camilan
pilot-024,ikan
pilot-025,buah
pilot-025,camilan
pilot-025,jagung
