menu_id,allergen,evidence
batch-02-001,milk,"Label konservatif berdasarkan komponen dan nama pangan; resep rinci tetap perlu diperhatikan."
batch-02-003,soy,"Label konservatif berdasarkan komponen dan nama pangan; resep rinci tetap perlu diperhatikan."
batch-02-006,milk,"Label konservatif berdasarkan komponen dan nama pangan; resep rinci tetap perlu diperhatikan."
batch-02-007,milk,"Label konservatif berdasarkan komponen dan nama pangan; resep rinci tetap perlu diperhatikan."
batch-02-007,wheat,"Label konservatif berdasarkan komponen dan nama pangan; resep rinci tetap perlu diperhatikan."
batch-02-009,milk,"Label konservatif berdasarkan komponen dan nama pangan; resep rinci tetap perlu diperhatikan."
batch-02-011,soy,"Label konservatif berdasarkan komponen dan nama pangan; resep rinci tetap perlu diperhatikan."
batch-02-013,milk,"Label konservatif berdasarkan komponen dan nama pangan; resep rinci tetap perlu diperhatikan."
batch-02-016,soy,"Label konservatif berdasarkan komponen dan nama pangan; resep rinci tetap perlu diperhatikan."
batch-02-017,fish,"Label konservatif berdasarkan komponen dan nama pangan; resep rinci tetap perlu diperhatikan."
batch-02-018,fish,"Label konservatif berdasarkan komponen dan nama pangan; resep rinci tetap perlu diperhatikan."
batch-02-019,fish,"Label konservatif berdasarkan komponen dan nama pangan; resep rinci tetap perlu diperhatikan."
batch-02-020,fish,"Label konservatif berdasarkan komponen dan nama pangan; resep rinci tetap perlu diperhatikan."
batch-02-021,fish,"Label konservatif berdasarkan komponen dan nama pangan; resep rinci tetap perlu diperhatikan."
batch-02-022,shellfish,"Label konservatif berdasarkan komponen dan nama pangan; resep rinci tetap perlu diperhatikan."
batch-02-023,soy,"Label konservatif berdasarkan komponen dan nama pangan; resep rinci tetap perlu diperhatikan."
batch-02-024,soy,"Label konservatif berdasarkan komponen dan nama pangan; resep rinci tetap perlu diperhatikan."
batch-02-029,fish,"Label konservatif berdasarkan komponen dan nama pangan; resep rinci tetap perlu diperhatikan."
batch-02-031,fish,"Label konservatif berdasarkan komponen dan nama pangan; resep rinci tetap perlu diperhatikan."
batch-02-032,soy,"Label konservatif berdasarkan komponen dan nama pangan; resep rinci tetap perlu diperhatikan."
batch-02-034,soy,"Label konservatif berdasarkan komponen dan nama pangan; resep rinci tetap perlu diperhatikan."
batch-02-035,fish,"Label konservatif berdasarkan komponen dan nama pangan; resep rinci tetap perlu diperhatikan."
batch-02-036,fish,"Label konservatif berdasarkan komponen dan nama pangan; resep rinci tetap perlu diperhatikan."
batch-02-037,fish,"Label konservatif berdasarkan komponen dan nama pangan; resep rinci tetap perlu diperhatikan."
batch-02-038,fish,"Label konservatif berdasarkan komponen dan nama pangan; resep rinci tetap perlu diperhatikan."
batch-02-039,fish,"Label konservatif berdasarkan komponen dan nama pangan; resep rinci tetap perlu diperhatikan."
batch-02-040,shellfish,"Label konservatif berdasarkan komponen dan nama pangan; resep rinci tetap perlu diperhatikan."
batch-02-041,soy,"Label konservatif berdasarkan komponen dan nama pangan; resep rinci tetap perlu diperhatikan."
batch-02-042,soy,"Label konservatif berdasarkan komponen dan nama pangan; resep rinci tetap perlu diperhatikan."
batch-02-047,fish,"Label konservatif berdasarkan komponen dan nama pangan; resep rinci tetap perlu diperhatikan."
batch-02-049,fish,"Label konservatif berdasarkan komponen dan nama pangan; resep rinci tetap perlu diperhatikan."
batch-02-050,soy,"Label konservatif berdasarkan komponen dan nama pangan; resep rinci tetap perlu diperhatikan."
batch-02-052,milk,"Label konservatif berdasarkan komponen dan nama pangan; resep rinci tetap perlu diperhatikan."
batch-02-053,milk,"Label konservatif berdasarkan komponen dan nama pangan; resep rinci tetap perlu diperhatikan."
batch-03-004,soy,"Label konservatif berdasarkan komponen dan nama pangan; resep rinci tetap perlu diperhatikan."
batch-03-006,milk,"Label konservatif berdasarkan komponen dan nama pangan; resep rinci tetap perlu diperhatikan."
batch-03-010,milk,"Label konservatif berdasarkan komponen dan nama pangan; resep rinci tetap perlu diperhatikan."
batch-03-010,wheat,"Label konservatif berdasarkan komponen dan nama pangan; resep rinci tetap perlu diperhatikan."
batch-03-012,soy,"Label konservatif berdasarkan komponen dan nama pangan; resep rinci tetap perlu diperhatikan."
batch-03-013,milk,"Label konservatif berdasarkan komponen dan nama pangan; resep rinci tetap perlu diperhatikan."
batch-03-016,soy,"Label konservatif berdasarkan komponen dan nama pangan; resep rinci tetap perlu diperhatikan."
batch-03-017,fish,"Label konservatif berdasarkan komponen dan nama pangan; resep rinci tetap perlu diperhatikan."
batch-03-018,fish,"Label konservatif berdasarkan komponen dan nama pangan; resep rinci tetap perlu diperhatikan."
batch-03-019,fish,"Label konservatif berdasarkan komponen dan nama pangan; resep rinci tetap perlu diperhatikan."
batch-03-020,fish,"Label konservatif berdasarkan komponen dan nama pangan; resep rinci tetap perlu diperhatikan."
batch-03-021,fish,"Label konservatif berdasarkan komponen dan nama pangan; resep rinci tetap perlu diperhatikan."
batch-03-022,shellfish,"Label konservatif berdasarkan komponen dan nama pangan; resep rinci tetap perlu diperhatikan."
batch-03-023,soy,"Label konservatif berdasarkan komponen dan nama pangan; resep rinci tetap perlu diperhatikan."
batch-03-024,soy,"Label konservatif berdasarkan komponen dan nama pangan; resep rinci tetap perlu diperhatikan."
batch-03-029,fish,"Label konservatif berdasarkan komponen dan nama pangan; resep rinci tetap perlu diperhatikan."
batch-03-031,fish,"Label konservatif berdasarkan komponen dan nama pangan; resep rinci tetap perlu diperhatikan."
batch-03-032,soy,"Label konservatif berdasarkan komponen dan nama pangan; resep rinci tetap perlu diperhatikan."
batch-03-034,soy,"Label konservatif berdasarkan komponen dan nama pangan; resep rinci tetap perlu diperhatikan."
batch-03-035,fish,"Label konservatif berdasarkan komponen dan nama pangan; resep rinci tetap perlu diperhatikan."
batch-03-036,fish,"Label konservatif berdasarkan komponen dan nama pangan; resep rinci tetap perlu diperhatikan."
batch-03-037,fish,"Label konservatif berdasarkan komponen dan nama pangan; resep rinci tetap perlu diperhatikan."
batch-03-038,fish,"Label konservatif berdasarkan komponen dan nama pangan; resep rinci tetap perlu diperhatikan."
batch-03-039,fish,"Label konservatif berdasarkan komponen dan nama pangan; resep rinci tetap perlu diperhatikan."
batch-03-040,shellfish,"Label konservatif berdasarkan komponen dan nama pangan; resep rinci tetap perlu diperhatikan."
batch-03-041,soy,"Label konservatif berdasarkan komponen dan nama pangan; resep rinci tetap perlu diperhatikan."
batch-03-042,soy,"Label konservatif berdasarkan komponen dan nama pangan; resep rinci tetap perlu diperhatikan."
batch-03-047,fish,"Label konservatif berdasarkan komponen dan nama pangan; resep rinci tetap perlu diperhatikan."
batch-03-049,fish,"Label konservatif berdasarkan komponen dan nama pangan; resep rinci tetap perlu diperhatikan."
batch-03-050,soy,"Label konservatif berdasarkan komponen dan nama pangan; resep rinci tetap perlu diperhatikan."
batch-03-052,milk,"Label konservatif berdasarkan komponen dan nama pangan; resep rinci tetap perlu diperhatikan."
batch-03-053,milk,"Label konservatif berdasarkan komponen dan nama pangan; resep rinci tetap perlu diperhatikan."
batch-03-060,soy,"Label konservatif berdasarkan komponen dan nama pangan; resep rinci tetap perlu diperhatikan."
batch-04-004,soy,"Label konservatif berdasarkan komponen dan nama pangan; resep rinci tetap perlu diperhatikan."
batch-04-006,milk,"Label konservatif berdasarkan komponen dan nama pangan; resep rinci tetap perlu diperhatikan."
batch-04-010,milk,"Label konservatif berdasarkan komponen dan nama pangan; resep rinci tetap perlu diperhatikan."
batch-04-010,wheat,"Label konservatif berdasarkan komponen dan nama pangan; resep rinci tetap perlu diperhatikan."
batch-04-012,soy,"Label konservatif berdasarkan komponen dan nama pangan; resep rinci tetap perlu diperhatikan."
batch-04-013,milk,"Label konservatif berdasarkan komponen dan nama pangan; resep rinci tetap perlu diperhatikan."
batch-04-016,soy,"Label konservatif berdasarkan komponen dan nama pangan; resep rinci tetap perlu diperhatikan."
batch-04-017,fish,"Label konservatif berdasarkan komponen dan nama pangan; resep rinci tetap perlu diperhatikan."
batch-04-018,fish,"Label konservatif berdasarkan komponen dan nama pangan; resep rinci tetap perlu diperhatikan."
batch-04-019,fish,"Label konservatif berdasarkan komponen dan nama pangan; resep rinci tetap perlu diperhatikan."
batch-04-020,fish,"Label konservatif berdasarkan komponen dan nama pangan; resep rinci tetap perlu diperhatikan."
batch-04-021,fish,"Label konservatif berdasarkan komponen dan nama pangan; resep rinci tetap perlu diperhatikan."
batch-04-022,shellfish,"Label konservatif berdasarkan komponen dan nama pangan; resep rinci tetap perlu diperhatikan."
batch-04-023,soy,"Label konservatif berdasarkan komponen dan nama pangan; resep rinci tetap perlu diperhatikan."
batch-04-024,soy,"Label konservatif berdasarkan komponen dan nama pangan; resep rinci tetap perlu diperhatikan."
batch-04-029,fish,"Label konservatif berdasarkan komponen dan nama pangan; resep rinci tetap perlu diperhatikan."
batch-04-031,fish,"Label konservatif berdasarkan komponen dan nama pangan; resep rinci tetap perlu diperhatikan."
batch-04-032,soy,"Label konservatif berdasarkan komponen dan nama pangan; resep rinci tetap perlu diperhatikan."
batch-04-034,soy,"Label konservatif berdasarkan komponen dan nama pangan; resep rinci tetap perlu diperhatikan."
batch-04-035,fish,"Label konservatif berdasarkan komponen dan nama pangan; resep rinci tetap perlu diperhatikan."
batch-04-036,fish,"Label konservatif berdasarkan komponen dan nama pangan; resep rinci tetap perlu diperhatikan."
batch-04-037,fish,"Label konservatif berdasarkan komponen dan nama pangan; resep rinci tetap perlu diperhatikan."
batch-04-038,fish,"Label konservatif berdasarkan komponen dan nama pangan; resep rinci tetap perlu diperhatikan."
batch-04-039,fish,"Label konservatif berdasarkan komponen dan nama pangan; resep rinci tetap perlu diperhatikan."
batch-04-040,shellfish,"Label konservatif berdasarkan komponen dan nama pangan; resep rinci tetap perlu diperhatikan."
batch-04-041,soy,"Label konservatif berdasarkan komponen dan nama pangan; resep rinci tetap perlu diperhatikan."
batch-04-042,soy,"Label konservatif berdasarkan komponen dan nama pangan; resep rinci tetap perlu diperhatikan."
batch-04-047,fish,"Label konservatif berdasarkan komponen dan nama pangan; resep rinci tetap perlu diperhatikan."
batch-04-049,fish,"Label konservatif berdasarkan komponen dan nama pangan; resep rinci tetap perlu diperhatikan."
batch-04-050,soy,"Label konservatif berdasarkan komponen dan nama pangan; resep rinci tetap perlu diperhatikan."
batch-04-052,milk,"Label konservatif berdasarkan komponen dan nama pangan; resep rinci tetap perlu diperhatikan."
batch-04-053,milk,"Label konservatif berdasarkan komponen dan nama pangan; resep rinci tetap perlu diperhatikan."
batch-04-060,soy,"Label konservatif berdasarkan komponen dan nama pangan; resep rinci tetap perlu diperhatikan."
batch-05-004,soy,"Label konservatif berdasarkan komponen dan nama pangan; resep rinci tetap perlu diperhatikan."
batch-05-006,milk,"Label konservatif berdasarkan komponen dan nama pangan; resep rinci tetap perlu diperhatikan."
batch-05-010,milk,"Label konservatif berdasarkan komponen dan nama pangan; resep rinci tetap perlu diperhatikan."
batch-05-010,wheat,"Label konservatif berdasarkan komponen dan nama pangan; resep rinci tetap perlu diperhatikan."
batch-05-012,soy,"Label konservatif berdasarkan komponen dan nama pangan; resep rinci tetap perlu diperhatikan."
batch-05-013,milk,"Label konservatif berdasarkan komponen dan nama pangan; resep rinci tetap perlu diperhatikan."
batch-05-016,soy,"Label konservatif berdasarkan komponen dan nama pangan; resep rinci tetap perlu diperhatikan."
batch-05-017,fish,"Label konservatif berdasarkan komponen dan nama pangan; resep rinci tetap perlu diperhatikan."
batch-05-018,fish,"Label konservatif berdasarkan komponen dan nama pangan; resep rinci tetap perlu diperhatikan."
batch-05-019,fish,"Label konservatif berdasarkan komponen dan nama pangan; resep rinci tetap perlu diperhatikan."
batch-05-020,fish,"Label konservatif berdasarkan komponen dan nama pangan; resep rinci tetap perlu diperhatikan."
batch-05-021,fish,"Label konservatif berdasarkan komponen dan nama pangan; resep rinci tetap perlu diperhatikan."
batch-05-022,shellfish,"Label konservatif berdasarkan komponen dan nama pangan; resep rinci tetap perlu diperhatikan."
batch-05-023,soy,"Label konservatif berdasarkan komponen dan nama pangan; resep rinci tetap perlu diperhatikan."
batch-05-024,soy,"Label konservatif berdasarkan komponen dan nama pangan; resep rinci tetap perlu diperhatikan."
batch-05-029,fish,"Label konservatif berdasarkan komponen dan nama pangan; resep rinci tetap perlu diperhatikan."
batch-05-031,fish,"Label konservatif berdasarkan komponen dan nama pangan; resep rinci tetap perlu diperhatikan."
batch-05-032,soy,"Label konservatif berdasarkan komponen dan nama pangan; resep rinci tetap perlu diperhatikan."
batch-05-034,soy,"Label konservatif berdasarkan komponen dan nama pangan; resep rinci tetap perlu diperhatikan."
batch-05-035,fish,"Label konservatif berdasarkan komponen dan nama pangan; resep rinci tetap perlu diperhatikan."
batch-05-036,fish,"Label konservatif berdasarkan komponen dan nama pangan; resep rinci tetap perlu diperhatikan."
batch-05-037,fish,"Label konservatif berdasarkan komponen dan nama pangan; resep rinci tetap perlu diperhatikan."
batch-05-038,fish,"Label konservatif berdasarkan komponen dan nama pangan; resep rinci tetap perlu diperhatikan."
batch-05-039,fish,"Label konservatif berdasarkan komponen dan nama pangan; resep rinci tetap perlu diperhatikan."
batch-05-040,shellfish,"Label konservatif berdasarkan komponen dan nama pangan; resep rinci tetap perlu diperhatikan."
batch-05-041,soy,"Label konservatif berdasarkan komponen dan nama pangan; resep rinci tetap perlu diperhatikan."
batch-05-042,soy,"Label konservatif berdasarkan komponen dan nama pangan; resep rinci tetap perlu diperhatikan."
batch-05-047,fish,"Label konservatif berdasarkan komponen dan nama pangan; resep rinci tetap perlu diperhatikan."
batch-05-049,fish,"Label konservatif berdasarkan komponen dan nama pangan; resep rinci tetap perlu diperhatikan."
batch-05-050,soy,"Label konservatif berdasarkan komponen dan nama pangan; resep rinci tetap perlu diperhatikan."
batch-05-052,milk,"Label konservatif berdasarkan komponen dan nama pangan; resep rinci tetap perlu diperhatikan."
batch-05-053,milk,"Label konservatif berdasarkan komponen dan nama pangan; resep rinci tetap perlu diperhatikan."
batch-05-060,soy,"Label konservatif berdasarkan komponen dan nama pangan; resep rinci tetap perlu diperhatikan."
batch-06-004,soy,"Label konservatif berdasarkan komponen dan nama pangan; resep rinci tetap perlu diperhatikan."
batch-06-006,milk,"Label konservatif berdasarkan komponen dan nama pangan; resep rinci tetap perlu diperhatikan."
batch-06-010,milk,"Label konservatif berdasarkan komponen dan nama pangan; resep rinci tetap perlu diperhatikan."
batch-06-010,wheat,"Label konservatif berdasarkan komponen dan nama pangan; resep rinci tetap perlu diperhatikan."
batch-06-012,soy,"Label konservatif berdasarkan komponen dan nama pangan; resep rinci tetap perlu diperhatikan."
batch-06-013,milk,"Label konservatif berdasarkan komponen dan nama pangan; resep rinci tetap perlu diperhatikan."
batch-06-016,soy,"Label konservatif berdasarkan komponen dan nama pangan; resep rinci tetap perlu diperhatikan."
batch-06-017,fish,"Label konservatif berdasarkan komponen dan nama pangan; resep rinci tetap perlu diperhatikan."
batch-06-018,fish,"Label konservatif berdasarkan komponen dan nama pangan; resep rinci tetap perlu diperhatikan."
batch-06-019,fish,"Label konservatif berdasarkan komponen dan nama pangan; resep rinci tetap perlu diperhatikan."
batch-06-020,fish,"Label konservatif berdasarkan komponen dan nama pangan; resep rinci tetap perlu diperhatikan."
batch-06-021,fish,"Label konservatif berdasarkan komponen dan nama pangan; resep rinci tetap perlu diperhatikan."
batch-06-022,shellfish,"Label konservatif berdasarkan komponen dan nama pangan; resep rinci tetap perlu diperhatikan."
batch-06-023,soy,"Label konservatif berdasarkan komponen dan nama pangan; resep rinci tetap perlu diperhatikan."
batch-06-024,soy,"Label konservatif berdasarkan komponen dan nama pangan; resep rinci tetap perlu diperhatikan."
batch-06-029,fish,"Label konservatif berdasarkan komponen dan nama pangan; resep rinci tetap perlu diperhatikan."
batch-06-031,fish,"Label konservatif berdasarkan komponen dan nama pangan; resep rinci tetap perlu diperhatikan."
batch-06-032,soy,"Label konservatif berdasarkan komponen dan nama pangan; resep rinci tetap perlu diperhatikan."
batch-06-034,soy,"Label konservatif berdasarkan komponen dan nama pangan; resep rinci tetap perlu diperhatikan."
batch-06-035,fish,"Label konservatif berdasarkan komponen dan nama pangan; resep rinci tetap perlu diperhatikan."
batch-06-036,fish,"Label konservatif berdasarkan komponen dan nama pangan; resep rinci tetap perlu diperhatikan."
batch-06-037,fish,"Label konservatif berdasarkan komponen dan nama pangan; resep rinci tetap perlu diperhatikan."
batch-06-038,fish,"Label konservatif berdasarkan komponen dan nama pangan; resep rinci tetap perlu diperhatikan."
batch-06-039,fish,"Label konservatif berdasarkan komponen dan nama pangan; resep rinci tetap perlu diperhatikan."
batch-06-040,shellfish,"Label konservatif berdasarkan komponen dan nama pangan; resep rinci tetap perlu diperhatikan."
batch-06-041,soy,"Label konservatif berdasarkan komponen dan nama pangan; resep rinci tetap perlu diperhatikan."
batch-06-042,soy,"Label konservatif berdasarkan komponen dan nama pangan; resep rinci tetap perlu diperhatikan."
batch-06-047,fish,"Label konservatif berdasarkan komponen dan nama pangan; resep rinci tetap perlu diperhatikan."
batch-06-049,fish,"Label konservatif berdasarkan komponen dan nama pangan; resep rinci tetap perlu diperhatikan."
batch-06-050,soy,"Label konservatif berdasarkan komponen dan nama pangan; resep rinci tetap perlu diperhatikan."
batch-06-052,milk,"Label konservatif berdasarkan komponen dan nama pangan; resep rinci tetap perlu diperhatikan."
batch-06-053,milk,"Label konservatif berdasarkan komponen dan nama pangan; resep rinci tetap perlu diperhatikan."
batch-06-060,soy,"Label konservatif berdasarkan komponen dan nama pangan; resep rinci tetap perlu diperhatikan."
batch-07-004,soy,"Label konservatif berdasarkan komponen dan nama pangan; resep rinci tetap perlu diperhatikan."
batch-07-006,milk,"Label konservatif berdasarkan komponen dan nama pangan; resep rinci tetap perlu diperhatikan."
batch-07-010,milk,"Label konservatif berdasarkan komponen dan nama pangan; resep rinci tetap perlu diperhatikan."
batch-07-010,wheat,"Label konservatif berdasarkan komponen dan nama pangan; resep rinci tetap perlu diperhatikan."
batch-07-012,soy,"Label konservatif berdasarkan komponen dan nama pangan; resep rinci tetap perlu diperhatikan."
batch-07-013,milk,"Label konservatif berdasarkan komponen dan nama pangan; resep rinci tetap perlu diperhatikan."
batch-07-016,soy,"Label konservatif berdasarkan komponen dan nama pangan; resep rinci tetap perlu diperhatikan."
batch-07-017,fish,"Label konservatif berdasarkan komponen dan nama pangan; resep rinci tetap perlu diperhatikan."
batch-07-018,fish,"Label konservatif berdasarkan komponen dan nama pangan; resep rinci tetap perlu diperhatikan."
batch-07-019,fish,"Label konservatif berdasarkan komponen dan nama pangan; resep rinci tetap perlu diperhatikan."
batch-07-020,fish,"Label konservatif berdasarkan komponen dan nama pangan; resep rinci tetap perlu diperhatikan."
batch-07-021,fish,"Label konservatif berdasarkan komponen dan nama pangan; resep rinci tetap perlu diperhatikan."
batch-07-022,shellfish,"Label konservatif berdasarkan komponen dan nama pangan; resep rinci tetap perlu diperhatikan."
batch-07-023,soy,"Label konservatif berdasarkan komponen dan nama pangan; resep rinci tetap perlu diperhatikan."
batch-07-024,soy,"Label konservatif berdasarkan komponen dan nama pangan; resep rinci tetap perlu diperhatikan."
batch-07-029,fish,"Label konservatif berdasarkan komponen dan nama pangan; resep rinci tetap perlu diperhatikan."
batch-07-031,fish,"Label konservatif berdasarkan komponen dan nama pangan; resep rinci tetap perlu diperhatikan."
batch-07-032,soy,"Label konservatif berdasarkan komponen dan nama pangan; resep rinci tetap perlu diperhatikan."
batch-07-034,soy,"Label konservatif berdasarkan komponen dan nama pangan; resep rinci tetap perlu diperhatikan."
batch-07-035,fish,"Label konservatif berdasarkan komponen dan nama pangan; resep rinci tetap perlu diperhatikan."
batch-07-036,fish,"Label konservatif berdasarkan komponen dan nama pangan; resep rinci tetap perlu diperhatikan."
batch-07-037,fish,"Label konservatif berdasarkan komponen dan nama pangan; resep rinci tetap perlu diperhatikan."
batch-07-038,fish,"Label konservatif berdasarkan komponen dan nama pangan; resep rinci tetap perlu diperhatikan."
batch-07-039,fish,"Label konservatif berdasarkan komponen dan nama pangan; resep rinci tetap perlu diperhatikan."
batch-07-040,shellfish,"Label konservatif berdasarkan komponen dan nama pangan; resep rinci tetap perlu diperhatikan."
batch-07-041,soy,"Label konservatif berdasarkan komponen dan nama pangan; resep rinci tetap perlu diperhatikan."
batch-07-042,soy,"Label konservatif berdasarkan komponen dan nama pangan; resep rinci tetap perlu diperhatikan."
batch-07-047,fish,"Label konservatif berdasarkan komponen dan nama pangan; resep rinci tetap perlu diperhatikan."
batch-07-049,fish,"Label konservatif berdasarkan komponen dan nama pangan; resep rinci tetap perlu diperhatikan."
batch-07-050,soy,"Label konservatif berdasarkan komponen dan nama pangan; resep rinci tetap perlu diperhatikan."
batch-07-052,milk,"Label konservatif berdasarkan komponen dan nama pangan; resep rinci tetap perlu diperhatikan."
batch-07-053,milk,"Label konservatif berdasarkan komponen dan nama pangan; resep rinci tetap perlu diperhatikan."
batch-07-060,soy,"Label konservatif berdasarkan komponen dan nama pangan; resep rinci tetap perlu diperhatikan."
batch-08-004,soy,"Label konservatif berdasarkan komponen dan nama pangan; resep rinci tetap perlu diperhatikan."
batch-08-006,milk,"Label konservatif berdasarkan komponen dan nama pangan; resep rinci tetap perlu diperhatikan."
batch-08-010,milk,"Label konservatif berdasarkan komponen dan nama pangan; resep rinci tetap perlu diperhatikan."
batch-08-010,wheat,"Label konservatif berdasarkan komponen dan nama pangan; resep rinci tetap perlu diperhatikan."
batch-08-012,soy,"Label konservatif berdasarkan komponen dan nama pangan; resep rinci tetap perlu diperhatikan."
batch-08-013,milk,"Label konservatif berdasarkan komponen dan nama pangan; resep rinci tetap perlu diperhatikan."
batch-08-016,soy,"Label konservatif berdasarkan komponen dan nama pangan; resep rinci tetap perlu diperhatikan."
batch-08-017,fish,"Label konservatif berdasarkan komponen dan nama pangan; resep rinci tetap perlu diperhatikan."
batch-08-018,fish,"Label konservatif berdasarkan komponen dan nama pangan; resep rinci tetap perlu diperhatikan."
batch-08-019,fish,"Label konservatif berdasarkan komponen dan nama pangan; resep rinci tetap perlu diperhatikan."
batch-08-020,fish,"Label konservatif berdasarkan komponen dan nama pangan; resep rinci tetap perlu diperhatikan."
batch-08-021,fish,"Label konservatif berdasarkan komponen dan nama pangan; resep rinci tetap perlu diperhatikan."
batch-08-022,shellfish,"Label konservatif berdasarkan komponen dan nama pangan; resep rinci tetap perlu diperhatikan."
batch-08-023,soy,"Label konservatif berdasarkan komponen dan nama pangan; resep rinci tetap perlu diperhatikan."
batch-08-024,soy,"Label konservatif berdasarkan komponen dan nama pangan; resep rinci tetap perlu diperhatikan."
batch-08-029,fish,"Label konservatif berdasarkan komponen dan nama pangan; resep rinci tetap perlu diperhatikan."
batch-08-031,fish,"Label konservatif berdasarkan komponen dan nama pangan; resep rinci tetap perlu diperhatikan."
batch-08-032,soy,"Label konservatif berdasarkan komponen dan nama pangan; resep rinci tetap perlu diperhatikan."
batch-08-034,soy,"Label konservatif berdasarkan komponen dan nama pangan; resep rinci tetap perlu diperhatikan."
batch-08-035,fish,"Label konservatif berdasarkan komponen dan nama pangan; resep rinci tetap perlu diperhatikan."
batch-08-036,fish,"Label konservatif berdasarkan komponen dan nama pangan; resep rinci tetap perlu diperhatikan."
batch-08-037,fish,"Label konservatif berdasarkan komponen dan nama pangan; resep rinci tetap perlu diperhatikan."
batch-08-038,fish,"Label konservatif berdasarkan komponen dan nama pangan; resep rinci tetap perlu diperhatikan."
batch-08-039,fish,"Label konservatif berdasarkan komponen dan nama pangan; resep rinci tetap perlu diperhatikan."
batch-08-040,shellfish,"Label konservatif berdasarkan komponen dan nama pangan; resep rinci tetap perlu diperhatikan."
batch-08-041,soy,"Label konservatif berdasarkan komponen dan nama pangan; resep rinci tetap perlu diperhatikan."
batch-08-042,soy,"Label konservatif berdasarkan komponen dan nama pangan; resep rinci tetap perlu diperhatikan."
batch-08-047,fish,"Label konservatif berdasarkan komponen dan nama pangan; resep rinci tetap perlu diperhatikan."
batch-08-049,fish,"Label konservatif berdasarkan komponen dan nama pangan; resep rinci tetap perlu diperhatikan."
batch-08-050,soy,"Label konservatif berdasarkan komponen dan nama pangan; resep rinci tetap perlu diperhatikan."
batch-08-052,milk,"Label konservatif berdasarkan komponen dan nama pangan; resep rinci tetap perlu diperhatikan."
batch-08-053,milk,"Label konservatif berdasarkan komponen dan nama pangan; resep rinci tetap perlu diperhatikan."
batch-08-060,soy,"Label konservatif berdasarkan komponen dan nama pangan; resep rinci tetap perlu diperhatikan."
batch-09-004,soy,"Label konservatif berdasarkan komponen dan nama pangan; resep rinci tetap perlu diperhatikan."
batch-09-006,milk,"Label konservatif berdasarkan komponen dan nama pangan; resep rinci tetap perlu diperhatikan."
batch-09-010,milk,"Label konservatif berdasarkan komponen dan nama pangan; resep rinci tetap perlu diperhatikan."
batch-09-010,wheat,"Label konservatif berdasarkan komponen dan nama pangan; resep rinci tetap perlu diperhatikan."
batch-09-012,soy,"Label konservatif berdasarkan komponen dan nama pangan; resep rinci tetap perlu diperhatikan."
batch-09-013,milk,"Label konservatif berdasarkan komponen dan nama pangan; resep rinci tetap perlu diperhatikan."
batch-09-016,soy,"Label konservatif berdasarkan komponen dan nama pangan; resep rinci tetap perlu diperhatikan."
batch-09-017,fish,"Label konservatif berdasarkan komponen dan nama pangan; resep rinci tetap perlu diperhatikan."
batch-09-018,fish,"Label konservatif berdasarkan komponen dan nama pangan; resep rinci tetap perlu diperhatikan."
batch-09-019,fish,"Label konservatif berdasarkan komponen dan nama pangan; resep rinci tetap perlu diperhatikan."
batch-09-020,fish,"Label konservatif berdasarkan komponen dan nama pangan; resep rinci tetap perlu diperhatikan."
batch-09-021,fish,"Label konservatif berdasarkan komponen dan nama pangan; resep rinci tetap perlu diperhatikan."
batch-09-022,shellfish,"Label konservatif berdasarkan komponen dan nama pangan; resep rinci tetap perlu diperhatikan."
batch-09-023,soy,"Label konservatif berdasarkan komponen dan nama pangan; resep rinci tetap perlu diperhatikan."
batch-09-024,soy,"Label konservatif berdasarkan komponen dan nama pangan; resep rinci tetap perlu diperhatikan."
batch-09-029,fish,"Label konservatif berdasarkan komponen dan nama pangan; resep rinci tetap perlu diperhatikan."
batch-09-031,fish,"Label konservatif berdasarkan komponen dan nama pangan; resep rinci tetap perlu diperhatikan."
batch-09-032,soy,"Label konservatif berdasarkan komponen dan nama pangan; resep rinci tetap perlu diperhatikan."
batch-09-034,soy,"Label konservatif berdasarkan komponen dan nama pangan; resep rinci tetap perlu diperhatikan."
batch-09-035,fish,"Label konservatif berdasarkan komponen dan nama pangan; resep rinci tetap perlu diperhatikan."
batch-09-036,fish,"Label konservatif berdasarkan komponen dan nama pangan; resep rinci tetap perlu diperhatikan."
batch-09-037,fish,"Label konservatif berdasarkan komponen dan nama pangan; resep rinci tetap perlu diperhatikan."
batch-09-038,fish,"Label konservatif berdasarkan komponen dan nama pangan; resep rinci tetap perlu diperhatikan."
batch-09-039,fish,"Label konservatif berdasarkan komponen dan nama pangan; resep rinci tetap perlu diperhatikan."
batch-09-040,shellfish,"Label konservatif berdasarkan komponen dan nama pangan; resep rinci tetap perlu diperhatikan."
batch-09-041,soy,"Label konservatif berdasarkan komponen dan nama pangan; resep rinci tetap perlu diperhatikan."
batch-09-042,soy,"Label konservatif berdasarkan komponen dan nama pangan; resep rinci tetap perlu diperhatikan."
batch-09-047,fish,"Label konservatif berdasarkan komponen dan nama pangan; resep rinci tetap perlu diperhatikan."
batch-09-049,fish,"Label konservatif berdasarkan komponen dan nama pangan; resep rinci tetap perlu diperhatikan."
batch-09-050,soy,"Label konservatif berdasarkan komponen dan nama pangan; resep rinci tetap perlu diperhatikan."
batch-09-052,milk,"Label konservatif berdasarkan komponen dan nama pangan; resep rinci tetap perlu diperhatikan."
batch-09-053,milk,"Label konservatif berdasarkan komponen dan nama pangan; resep rinci tetap perlu diperhatikan."
batch-09-060,soy,"Label konservatif berdasarkan komponen dan nama pangan; resep rinci tetap perlu diperhatikan."
batch-10-004,soy,"Label konservatif berdasarkan komponen dan nama pangan; resep rinci tetap perlu diperhatikan."
batch-10-006,milk,"Label konservatif berdasarkan komponen dan nama pangan; resep rinci tetap perlu diperhatikan."
batch-10-010,milk,"Label konservatif berdasarkan komponen dan nama pangan; resep rinci tetap perlu diperhatikan."
batch-10-010,wheat,"Label konservatif berdasarkan komponen dan nama pangan; resep rinci tetap perlu diperhatikan."
batch-10-012,soy,"Label konservatif berdasarkan komponen dan nama pangan; resep rinci tetap perlu diperhatikan."
batch-10-013,milk,"Label konservatif berdasarkan komponen dan nama pangan; resep rinci tetap perlu diperhatikan."
batch-10-016,soy,"Label konservatif berdasarkan komponen dan nama pangan; resep rinci tetap perlu diperhatikan."
batch-10-017,fish,"Label konservatif berdasarkan komponen dan nama pangan; resep rinci tetap perlu diperhatikan."
batch-10-018,fish,"Label konservatif berdasarkan komponen dan nama pangan; resep rinci tetap perlu diperhatikan."
batch-10-019,fish,"Label konservatif berdasarkan komponen dan nama pangan; resep rinci tetap perlu diperhatikan."
batch-10-020,fish,"Label konservatif berdasarkan komponen dan nama pangan; resep rinci tetap perlu diperhatikan."
batch-10-021,fish,"Label konservatif berdasarkan komponen dan nama pangan; resep rinci tetap perlu diperhatikan."
batch-10-022,shellfish,"Label konservatif berdasarkan komponen dan nama pangan; resep rinci tetap perlu diperhatikan."
batch-10-023,soy,"Label konservatif berdasarkan komponen dan nama pangan; resep rinci tetap perlu diperhatikan."
batch-10-024,soy,"Label konservatif berdasarkan komponen dan nama pangan; resep rinci tetap perlu diperhatikan."
batch-10-029,fish,"Label konservatif berdasarkan komponen dan nama pangan; resep rinci tetap perlu diperhatikan."
batch-10-031,fish,"Label konservatif berdasarkan komponen dan nama pangan; resep rinci tetap perlu diperhatikan."
batch-10-032,soy,"Label konservatif berdasarkan komponen dan nama pangan; resep rinci tetap perlu diperhatikan."
batch-10-034,soy,"Label konservatif berdasarkan komponen dan nama pangan; resep rinci tetap perlu diperhatikan."
batch-10-035,fish,"Label konservatif berdasarkan komponen dan nama pangan; resep rinci tetap perlu diperhatikan."
batch-10-036,fish,"Label konservatif berdasarkan komponen dan nama pangan; resep rinci tetap perlu diperhatikan."
batch-10-037,fish,"Label konservatif berdasarkan komponen dan nama pangan; resep rinci tetap perlu diperhatikan."
batch-10-038,fish,"Label konservatif berdasarkan komponen dan nama pangan; resep rinci tetap perlu diperhatikan."
batch-10-039,fish,"Label konservatif berdasarkan komponen dan nama pangan; resep rinci tetap perlu diperhatikan."
batch-10-040,shellfish,"Label konservatif berdasarkan komponen dan nama pangan; resep rinci tetap perlu diperhatikan."
batch-10-041,soy,"Label konservatif berdasarkan komponen dan nama pangan; resep rinci tetap perlu diperhatikan."
batch-10-042,soy,"Label konservatif berdasarkan komponen dan nama pangan; resep rinci tetap perlu diperhatikan."
batch-10-047,fish,"Label konservatif berdasarkan komponen dan nama pangan; resep rinci tetap perlu diperhatikan."
batch-10-049,fish,"Label konservatif berdasarkan komponen dan nama pangan; resep rinci tetap perlu diperhatikan."
batch-10-050,soy,"Label konservatif berdasarkan komponen dan nama pangan; resep rinci tetap perlu diperhatikan."
batch-10-052,milk,"Label konservatif berdasarkan komponen dan nama pangan; resep rinci tetap perlu diperhatikan."
batch-10-053,milk,"Label konservatif berdasarkan komponen dan nama pangan; resep rinci tetap perlu diperhatikan."
batch-10-060,soy,"Label konservatif berdasarkan komponen dan nama pangan; resep rinci tetap perlu diperhatikan."
batch-11-004,soy,"Label konservatif berdasarkan komponen dan nama pangan; resep rinci tetap perlu diperhatikan."
batch-11-006,milk,"Label konservatif berdasarkan komponen dan nama pangan; resep rinci tetap perlu diperhatikan."
batch-11-010,milk,"Label konservatif berdasarkan komponen dan nama pangan; resep rinci tetap perlu diperhatikan."
batch-11-010,wheat,"Label konservatif berdasarkan komponen dan nama pangan; resep rinci tetap perlu diperhatikan."
batch-11-012,soy,"Label konservatif berdasarkan komponen dan nama pangan; resep rinci tetap perlu diperhatikan."
batch-11-013,milk,"Label konservatif berdasarkan komponen dan nama pangan; resep rinci tetap perlu diperhatikan."
batch-11-016,soy,"Label konservatif berdasarkan komponen dan nama pangan; resep rinci tetap perlu diperhatikan."
batch-11-017,fish,"Label konservatif berdasarkan komponen dan nama pangan; resep rinci tetap perlu diperhatikan."
batch-11-018,fish,"Label konservatif berdasarkan komponen dan nama pangan; resep rinci tetap perlu diperhatikan."
batch-11-019,fish,"Label konservatif berdasarkan komponen dan nama pangan; resep rinci tetap perlu diperhatikan."
batch-11-020,fish,"Label konservatif berdasarkan komponen dan nama pangan; resep rinci tetap perlu diperhatikan."
batch-11-021,fish,"Label konservatif berdasarkan komponen dan nama pangan; resep rinci tetap perlu diperhatikan."
batch-11-022,shellfish,"Label konservatif berdasarkan komponen dan nama pangan; resep rinci tetap perlu diperhatikan."
batch-11-023,soy,"Label konservatif berdasarkan komponen dan nama pangan; resep rinci tetap perlu diperhatikan."
batch-11-024,soy,"Label konservatif berdasarkan komponen dan nama pangan; resep rinci tetap perlu diperhatikan."
batch-11-029,fish,"Label konservatif berdasarkan komponen dan nama pangan; resep rinci tetap perlu diperhatikan."
batch-11-031,fish,"Label konservatif berdasarkan komponen dan nama pangan; resep rinci tetap perlu diperhatikan."
batch-11-032,soy,"Label konservatif berdasarkan komponen dan nama pangan; resep rinci tetap perlu diperhatikan."
batch-11-034,soy,"Label konservatif berdasarkan komponen dan nama pangan; resep rinci tetap perlu diperhatikan."
batch-11-035,fish,"Label konservatif berdasarkan komponen dan nama pangan; resep rinci tetap perlu diperhatikan."
batch-11-036,fish,"Label konservatif berdasarkan komponen dan nama pangan; resep rinci tetap perlu diperhatikan."
batch-11-037,fish,"Label konservatif berdasarkan komponen dan nama pangan; resep rinci tetap perlu diperhatikan."
batch-11-038,fish,"Label konservatif berdasarkan komponen dan nama pangan; resep rinci tetap perlu diperhatikan."
batch-11-039,fish,"Label konservatif berdasarkan komponen dan nama pangan; resep rinci tetap perlu diperhatikan."
batch-11-040,shellfish,"Label konservatif berdasarkan komponen dan nama pangan; resep rinci tetap perlu diperhatikan."
batch-11-041,soy,"Label konservatif berdasarkan komponen dan nama pangan; resep rinci tetap perlu diperhatikan."
batch-11-042,soy,"Label konservatif berdasarkan komponen dan nama pangan; resep rinci tetap perlu diperhatikan."
batch-11-047,fish,"Label konservatif berdasarkan komponen dan nama pangan; resep rinci tetap perlu diperhatikan."
batch-11-049,fish,"Label konservatif berdasarkan komponen dan nama pangan; resep rinci tetap perlu diperhatikan."
batch-11-050,soy,"Label konservatif berdasarkan komponen dan nama pangan; resep rinci tetap perlu diperhatikan."
batch-11-052,milk,"Label konservatif berdasarkan komponen dan nama pangan; resep rinci tetap perlu diperhatikan."
batch-11-053,milk,"Label konservatif berdasarkan komponen dan nama pangan; resep rinci tetap perlu diperhatikan."
batch-11-060,soy,"Label konservatif berdasarkan komponen dan nama pangan; resep rinci tetap perlu diperhatikan."
pilot-003,milk,"Asumsi kurasi awal berdasarkan nama hidangan; verifikasi resep diperlukan."
pilot-005,soy,"Asumsi kurasi awal berdasarkan nama hidangan; verifikasi resep diperlukan."
pilot-009,soy,"Asumsi kurasi awal berdasarkan nama hidangan; verifikasi resep diperlukan."
pilot-010,fish,"Asumsi kurasi awal berdasarkan nama hidangan; verifikasi resep diperlukan."
pilot-012,fish,"Asumsi kurasi awal berdasarkan nama hidangan; verifikasi resep diperlukan."
pilot-015,shellfish,"Asumsi kurasi awal berdasarkan nama hidangan; verifikasi resep diperlukan."
pilot-017,fish,"Asumsi kurasi awal berdasarkan nama hidangan; verifikasi resep diperlukan."
pilot-018,fish,"Asumsi kurasi awal berdasarkan nama hidangan; verifikasi resep diperlukan."
pilot-019,shellfish,"Asumsi kurasi awal berdasarkan nama hidangan; verifikasi resep diperlukan."
pilot-021,soy,"Asumsi kurasi awal berdasarkan nama hidangan; verifikasi resep diperlukan."
pilot-022,soy,"Asumsi kurasi awal berdasarkan nama hidangan; verifikasi resep diperlukan."
pilot-024,egg,"Asumsi kurasi awal berdasarkan nama hidangan; verifikasi resep diperlukan."
pilot-024,fish,"Asumsi kurasi awal berdasarkan nama hidangan; verifikasi resep diperlukan."
pilot-025,milk,"Asumsi kurasi awal berdasarkan nama hidangan; verifikasi resep diperlukan."
