menu_id,water_g,energy_kcal,protein_g,fat_g,carbohydrate_g,fiber_g,ash_g,calcium_mg,phosphorus_mg,iron_mg,sodium_mg,potassium_mg,copper_mg,zinc_mg,retinol_mcg,beta_carotene_mcg,total_carotene_mcg,thiamin_mg,riboflavin_mg,niacin_mg,vitamin_c_mg,calculated_at
batch-02-001,329.3,277.0,6.9,4.5,53.9,3.9,5.4,260.0,232.0,1.85,74.5,502.5,0.165,1.5,,1270.5,,0.08,0.33,2.0,111.0,2026-07-28T09:41:32.911Z
batch-02-002,196.82,406.6,11.02,1.36,88.52,6.96,2.18,181.4,198.4,4.28,9.6,498.48,110.536,1.44,,,,0.234,0.342,0.74,,2026-07-28T09:41:32.912Z
batch-02-003,229.08,313.8,12.92,11.4,43.88,1.92,2.82,203.6,379.2,4.28,38.6,289.24,0.492,6.42,,982.6,280.8,0.124,0.412,2.04,0.0,2026-07-28T09:41:32.912Z
batch-02-004,229.93,389.7,10.7,1.45,85.56,6.15,2.36,232.2,176.0,3.24,11.8,1238.85,160.666,1.55,,0.0,,0.16,0.094,1.21,,2026-07-28T09:41:32.913Z
batch-02-005,240.82,348.4,11.51,1.53,73.68,3.37,2.46,207.5,247.1,4.85,33.9,869.36,0.94,5.88,,,,0.343,1.066,3.96,,2026-07-28T09:41:32.913Z
batch-02-006,268.74,356.4,11.95,5.39,66.66,2.86,5.26,206.0,291.0,1.31,76.0,477.66,0.455,2.18,,226.0,,0.29,0.26,1.24,9.0,2026-07-28T09:41:32.913Z
batch-02-007,291.0,269.8,12.7,1.22,52.4,,2.68,266.0,279.0,2.2,404.0,,,,,,,0.16,,,89.0,2026-07-28T09:41:32.913Z
batch-02-008,274.74,329.0,11.0,1.66,68.16,10.46,4.54,140.0,208.8,3.72,49.8,792.0,0.876,1.84,,,,0.684,0.172,1.9,,2026-07-28T09:41:32.913Z
batch-02-009,281.74,353.4,8.33,4.63,69.44,11.84,5.76,190.2,249.0,1.11,87.6,1106.3,110.575,1.62,,41.0,,0.434,0.18,1.96,5.0,2026-07-28T09:41:32.913Z
batch-02-010,208.92,353.4,10.54,1.32,77.04,3.44,2.18,189.0,188.2,4.56,15.6,478.54,160.76,5.32,,,,0.112,0.286,3.36,,2026-07-28T09:41:32.914Z
batch-02-011,211.18,320.4,14.46,7.84,51.66,2.64,2.86,218.2,301.0,4.84,18.6,200.72,0.312,2.22,,191.0,,0.448,0.222,1.04,11.0,2026-07-28T09:41:32.914Z
batch-02-012,234.68,373.2,10.05,2.05,79.76,6.2,3.46,201.2,219.0,3.04,19.3,250.0,0.566,1.7,,1265.5,,0.13,0.324,1.56,,2026-07-28T09:41:32.914Z
batch-02-013,315.05,344.5,7.35,4.6,68.4,2.95,4.7,276.0,182.0,1.15,90.0,1133.45,0.765,1.15,,16.0,,0.08,0.25,0.75,30.0,2026-07-28T09:41:32.914Z
batch-02-014,239.0,346.6,10.35,1.15,76.5,6.17,3.0,100.5,262.5,3.75,37.7,1700.6,0.94,3.36,,36.6,,0.175,0.986,12.56,,2026-07-28T09:41:32.914Z
batch-02-015,210.02,368.2,13.3,5.32,69.44,3.72,1.82,145.4,342.4,4.16,14.4,491.88,110.536,6.48,,,,0.306,0.222,2.78,,2026-07-28T09:41:32.915Z
batch-02-016,372.1,553.0,38.42,10.92,74.4,4.04,4.06,345.8,334.0,6.72,159.6,756.32,110.648,2.52,,28.0,,0.21,,,21.0,2026-07-28T09:41:32.915Z
batch-02-017,390.93,454.7,35.99,5.0,70.92,3.56,6.96,624.9,393.8,7.0,152.2,1183.4,160.44,2.75,,,12337.4,0.352,0.32,11.83,75.0,2026-07-28T09:41:32.915Z
batch-02-018,402.66,444.6,27.62,7.18,69.84,,2.8,378.2,298.5,6.08,205.4,453.0,0.71,5.45,,,,0.12,0.42,7.69,,2026-07-28T09:41:32.915Z
batch-02-019,390.1,464.0,20.82,10.52,73.34,5.16,5.3,727.0,650.6,8.04,120.2,677.04,0.52,3.5,,,,0.436,0.25,4.44,41.0,2026-07-28T09:41:32.915Z
batch-02-020,394.78,461.8,26.74,7.55,75.39,6.24,5.54,403.6,362.7,13.44,389.2,669.8,0.5,2.52,,,,,,,,2026-07-28T09:41:32.916Z
batch-02-021,398.97,460.4,25.11,8.15,73.37,,4.4,299.1,416.4,9.42,419.1,512.68,0.73,2.51,,,,,,,,2026-07-28T09:41:32.916Z
batch-02-022,386.4,521.0,38.08,9.84,68.16,2.84,4.02,183.6,318.4,4.24,179.0,512.72,,,,7693.8,,0.172,0.28,9.56,24.0,2026-07-28T09:41:32.916Z
batch-02-023,420.3,412.8,15.96,10.38,69.3,4.06,4.06,357.2,358.6,6.66,103.0,894.98,160.55,3.18,,7988.0,14490.0,0.202,0.33,3.72,77.0,2026-07-28T09:41:32.916Z
batch-02-024,365.37,568.2,20.7,21.76,77.62,5.82,4.65,626.2,365.4,14.58,48.8,1479.34,111.08,2.86,,,,0.22,0.7,7.12,69.0,2026-07-28T09:41:32.916Z
batch-02-025,403.1,454.8,18.76,1.98,93.3,7.56,2.86,410.2,333.6,6.26,33.0,815.48,0.71,3.28,,,,0.552,0.7,6.92,,2026-07-28T09:41:32.916Z
batch-02-026,382.54,519.0,26.4,3.56,100.26,6.54,7.14,696.0,268.4,7.88,124.2,886.0,0.89,3.52,,7945.0,,0.38,0.5,11.82,,2026-07-28T09:41:32.917Z
batch-02-027,408.2,427.8,22.36,3.08,83.4,6.86,2.96,506.2,375.6,11.26,55.0,197.18,1.24,11.48,,,,0.142,0.4,9.32,,2026-07-28T09:41:32.917Z
batch-02-028,398.54,468.0,18.1,1.86,98.06,7.84,3.44,255.0,366.4,4.48,67.2,1872.7,161.12,4.42,,268.0,,0.24,0.36,16.92,,2026-07-28T09:41:32.917Z
batch-02-029,369.92,546.4,38.6,16.42,61.7,5.56,3.98,383.8,581.0,10.9,135.4,763.82,0.44,1.9,,4758.8,,0.464,0.65,6.24,33.0,2026-07-28T09:41:32.917Z
batch-02-030,379.0,507.0,26.0,16.45,64.91,3.64,3.74,261.0,267.4,10.75,114.0,412.8,0.9,3.52,,4741.0,,0.17,0.94,12.94,,2026-07-28T09:41:32.917Z
batch-02-031,409.36,424.1,21.01,7.73,69.26,,2.54,156.8,324.2,2.85,219.4,707.78,,1.93,,,,,,,,2026-07-28T09:41:32.917Z
batch-02-032,379.68,486.2,22.66,8.32,85.72,5.12,3.62,223.8,331.4,5.2,236.0,1254.7,161.38,4.48,,7991.2,,0.34,0.242,5.32,77.0,2026-07-28T09:41:32.917Z
batch-02-033,373.38,506.0,28.18,9.52,84.5,8.2,4.42,590.2,438.6,10.4,79.4,1687.68,3.432,5.62,,,,0.492,1.014,7.08,,2026-07-28T09:41:32.918Z
batch-02-034,372.51,541.35,45.15,11.97,66.525,3.31,8.725,666.6,340.25,10.25,263.5,907.605,0.86,3.535,,8739.4,13393.7,0.381,,,28.6,2026-07-28T09:41:32.918Z
batch-02-035,410.335,415.85,27.485,3.45,70.74,5.92,2.99,347.45,371.9,4.0,75.8,626.11,0.33,1.875,,,,0.097,0.863,9.675,104.6,2026-07-28T09:41:32.918Z
batch-02-036,416.91,397.3,24.17,6.45,64.13,,3.34,211.1,385.55,3.04,205.1,1025.14,160.525,2.665,,,,0.146,0.184,3.505,,2026-07-28T09:41:32.918Z
batch-02-037,390.095,480.95,23.54,10.325,76.49,5.715,4.625,923.0,552.2,11.335,92.2,397.125,0.405,6.585,,,,0.457,0.435,8.6,85.8,2026-07-28T09:41:32.918Z
batch-02-038,417.51,398.5,24.04,7.345,61.065,3.77,4.94,333.0,392.45,12.07,349.3,681.94,110.81,2.5,,,,,,,,2026-07-28T09:41:32.918Z
batch-02-039,415.545,419.0,20.315,7.185,69.095,,2.96,303.05,302.5,3.35,440.45,662.36,0.715,1.795,,,,,,,,2026-07-28T09:41:32.919Z
batch-02-040,397.79,473.65,37.29,9.755,59.71,4.37,6.675,611.9,371.8,15.845,107.0,1582.265,,,,5979.8,8440.0,0.258,0.25,8.665,119.4,2026-07-28T09:41:32.919Z
batch-02-041,416.82,416.5,19.97,9.82,68.57,6.67,4.82,401.6,345.5,14.91,116.4,562.76,0.411,2.79,,5241.0,,0.15,0.972,6.74,111.2,2026-07-28T09:41:32.919Z
batch-02-042,360.445,574.5,30.2,20.82,76.12,6.12,7.195,698.0,391.0,8.05,124.5,984.21,0.96,3.84,,,,0.611,0.575,12.71,39.6,2026-07-28T09:41:32.919Z
batch-02-043,406.79,443.2,18.23,2.42,89.72,6.64,2.94,339.7,327.4,5.93,86.3,740.6,0.873,2.99,,,,0.255,0.445,4.02,,2026-07-28T09:41:32.920Z
batch-02-044,415.71,412.1,14.12,2.84,84.64,6.04,2.59,246.4,283.9,5.32,104.7,813.9,110.883,2.78,,8438.8,,0.228,0.168,4.03,,2026-07-28T09:41:32.920Z
batch-02-045,406.85,433.2,18.67,1.96,89.4,5.73,3.12,444.4,310.9,5.54,32.2,825.51,161.05,7.01,,,,0.166,0.931,10.34,,2026-07-28T09:41:32.920Z
batch-02-046,410.85,413.4,20.22,2.51,83.26,9.31,3.16,417.6,364.8,9.5,56.7,1197.54,1.16,8.12,,8611.2,,0.22,0.313,18.18,,2026-07-28T09:41:32.920Z
batch-02-047,376.635,529.8,36.735,15.415,61.92,5.18,4.13,383.8,511.2,11.015,156.8,768.975,0.63,1.53,,5216.65,,0.207,0.881,7.15,24.2,2026-07-28T09:41:32.920Z
batch-02-048,392.22,465.3,24.88,15.415,58.795,4.57,3.69,256.1,307.0,11.845,102.8,437.04,0.7,3.7,,5231.0,,0.413,0.774,11.49,,2026-07-28T09:41:32.920Z
batch-02-049,404.16,461.35,20.875,7.575,79.43,,2.86,179.2,278.6,2.445,220.0,664.35,,1.745,,,,,,,,2026-07-28T09:41:32.921Z
batch-02-050,383.46,467.25,30.79,8.77,76.495,5.57,5.485,514.85,519.2,11.025,180.45,1674.75,161.855,6.825,,24491.2,20001.25,0.296,0.72,7.175,194.2,2026-07-28T09:41:32.921Z
batch-02-051,389.61,466.0,19.735,8.77,81.865,8.86,5.24,739.8,269.7,16.555,76.35,1866.3,2.76,3.345,,,,0.269,0.72,6.165,,2026-07-28T09:41:32.921Z
batch-02-052,217.0,125.5,4.65,2.95,22.3,3.6,3.1,141.0,132.0,1.75,55.0,378.2,0.01,1.05,,50.5,,0.07,0.145,1.4,130.5,2026-07-28T09:41:32.921Z
batch-02-053,218.8,119.5,4.65,2.8,20.8,2.1,2.95,169.5,124.5,0.7,46.0,1007.15,240.01,0.9,,10.0,,0.16,0.145,0.5,73.5,2026-07-28T09:41:32.922Z
batch-02-054,165.0,137.0,1.3,0.7,31.6,2.0,1.5,56.0,60.0,0.8,30.0,167.8,0.4,0.3,,820.0,4427.0,0.02,0.2,0.6,16.0,2026-07-28T09:41:32.922Z
batch-02-055,161.6,149.0,1.7,0.7,33.8,4.9,2.1,9.0,60.0,0.8,13.6,384.4,110.4,0.3,,26.0,2240.0,0.33,0.03,0.8,5.0,2026-07-28T09:41:32.922Z
batch-02-056,121.26,152.8,6.88,0.74,30.22,3.16,0.9,125.0,104.4,2.82,10.6,303.6,0.162,1.0,,,,0.38,0.084,0.68,,2026-07-28T09:41:32.922Z
batch-02-057,123.86,135.4,6.9,0.9,27.02,4.5,1.32,100.4,118.0,2.78,13.6,239.4,0.162,1.2,,27.0,,0.08,0.078,1.22,,2026-07-28T09:41:32.922Z
batch-02-058,100.88,200.0,4.8,1.2,43.68,2.16,1.44,20.0,108.0,0.8,12.0,19.44,0.32,0.88,,145.6,,0.16,0.088,0.64,7.2,2026-07-28T09:41:32.922Z
batch-02-059,142.56,141.0,2.1,0.44,33.76,1.96,1.14,57.8,73.4,0.96,12.8,870.5,160.16,0.68,,0.0,190.0,0.12,0.51,0.84,50.6,2026-07-28T09:41:32.923Z
batch-02-060,129.44,119.8,7.02,1.06,21.36,1.54,1.22,111.0,117.2,2.8,34.8,171.02,0.78,3.76,,,,0.026,0.202,1.92,,2026-07-28T09:41:32.924Z
batch-03-001,229.53,388.9,10.94,1.52,85.06,4.98,2.95,192.5,214.2,4.71,19.3,1549.8,160.516,2.75,,,,0.36,0.252,4.29,,2026-07-28T09:51:28.428Z
batch-03-002,280.6,310.6,9.68,1.74,65.18,5.42,2.9,174.0,218.6,3.36,42.6,1467.0,0.876,1.66,,1.0,,0.154,0.164,1.28,,2026-07-28T09:51:28.428Z
batch-03-003,273.32,334.8,11.76,1.46,70.3,3.14,3.06,231.0,260.0,5.24,24.8,811.3,111.02,5.06,,,,0.22,0.166,3.2,,2026-07-28T09:51:28.429Z
batch-03-004,238.54,380.0,11.01,8.05,68.6,3.03,3.8,249.7,284.5,4.53,32.1,801.56,0.572,2.14,,37.0,,0.133,1.202,1.3,12.0,2026-07-28T09:51:28.429Z
batch-03-005,246.0,325.6,8.95,1.05,71.0,5.82,3.0,135.0,224.0,2.8,22.7,1019.0,0.79,2.56,,1255.1,,0.34,0.236,11.66,,2026-07-28T09:51:28.429Z
batch-03-006,288.2,325.0,6.93,4.29,65.96,3.72,4.62,218.0,190.6,2.21,71.2,502.38,0.135,1.44,,42.0,,0.104,0.3,1.7,87.0,2026-07-28T09:51:28.429Z
batch-03-007,216.67,447.9,11.36,2.13,96.98,4.57,2.86,236.0,200.6,4.0,23.4,523.31,1.29,5.23,,,,0.058,0.246,3.11,,2026-07-28T09:51:28.429Z
batch-03-008,198.72,341.8,15.14,1.76,70.12,4.44,2.26,167.0,268.2,4.32,14.8,750.06,160.456,2.48,,,,0.42,0.102,1.68,,2026-07-28T09:51:28.429Z
batch-03-009,212.42,358.0,13.26,5.2,67.14,5.24,1.98,152.6,340.2,3.44,17.8,433.48,0.336,6.58,,998.6,,0.436,0.214,2.8,,2026-07-28T09:51:28.430Z
batch-03-010,295.8,257.8,12.4,1.32,48.0,,2.58,264.0,265.0,1.5,421.0,,,,,,,0.16,,,2.0,2026-07-28T09:51:28.430Z
batch-03-011,271.36,340.2,9.86,1.34,72.6,10.9,4.74,49.0,233.6,2.56,32.8,1452.4,111.2,2.7,,35.6,,0.634,0.086,11.92,,2026-07-28T09:51:28.430Z
batch-03-012,211.68,359.4,11.54,7.58,64.84,13.52,4.36,198.4,284.0,4.74,39.6,589.76,0.432,2.06,,27.0,25.0,0.352,0.222,2.36,87.0,2026-07-28T09:51:28.430Z
batch-03-013,299.55,403.5,7.75,5.15,81.6,3.4,5.95,231.5,237.0,1.7,80.5,1277.4,0.515,2.45,,52.0,,0.23,0.41,3.85,10.5,2026-07-28T09:51:28.430Z
batch-03-014,270.78,338.8,11.84,1.1,73.18,5.1,3.1,251.0,246.6,4.8,19.6,1351.44,160.396,1.58,,,,0.402,0.102,1.38,,2026-07-28T09:51:28.431Z
batch-03-015,276.34,326.8,10.34,1.62,69.0,3.94,2.7,207.8,237.2,4.52,28.2,1173.56,1.0,5.34,,,,0.322,0.166,3.48,,2026-07-28T09:51:28.431Z
batch-03-016,381.56,507.8,38.78,11.34,63.84,5.56,4.48,256.0,429.2,8.3,204.8,649.0,0.568,3.38,,283.0,389.0,0.172,,,117.0,2026-07-28T09:51:28.431Z
batch-03-017,405.97,421.9,30.13,4.68,65.68,4.84,3.64,256.7,367.6,11.12,170.4,821.62,0.62,1.69,,,,0.14,0.87,7.63,22.0,2026-07-28T09:51:28.432Z
batch-03-018,411.12,410.4,25.08,7.1,63.18,,3.52,152.4,344.7,8.56,226.2,635.08,0.53,2.41,,,,0.352,0.47,5.69,,2026-07-28T09:51:28.432Z
batch-03-019,384.14,496.2,17.66,10.8,82.6,3.04,4.78,679.8,530.4,7.16,146.0,676.96,110.6,2.64,,,,0.234,0.29,6.54,29.0,2026-07-28T09:51:28.432Z
batch-03-020,402.94,434.6,22.1,7.37,72.83,3.96,4.76,347.8,362.9,5.62,384.0,1028.38,160.64,2.78,,,,,,,,2026-07-28T09:51:28.433Z
batch-03-021,383.91,500.6,30.85,8.13,82.03,,5.08,585.9,473.2,9.04,384.3,888.0,0.81,4.25,,,,,,,,2026-07-28T09:51:28.433Z
batch-03-022,366.26,570.8,48.74,10.56,72.3,3.76,8.34,595.8,378.6,7.92,171.8,654.6,,,,8005.8,,0.604,0.23,15.16,37.0,2026-07-28T09:51:28.433Z
batch-03-023,417.14,430.0,21.3,10.46,67.66,4.54,3.54,591.0,346.4,10.18,61.2,308.8,0.71,6.12,,7795.0,,0.13,0.66,6.52,68.0,2026-07-28T09:51:28.433Z
batch-03-024,375.83,519.0,22.86,21.08,67.26,6.94,2.97,291.4,479.6,5.06,72.0,1207.12,161.0,3.62,,,521.0,0.222,0.52,4.62,79.0,2026-07-28T09:51:28.434Z
batch-03-025,394.34,491.0,20.8,3.06,98.16,7.24,3.54,339.0,297.4,13.58,100.8,901.8,110.79,2.82,,,,0.37,0.8,6.82,,2026-07-28T09:51:28.434Z
batch-03-026,411.9,415.8,19.26,2.98,82.1,8.66,3.76,265.2,355.6,11.86,84.0,669.48,0.71,3.48,,4767.0,,0.212,0.55,5.82,,2026-07-28T09:51:28.434Z
batch-03-027,402.14,468.0,16.4,2.66,96.26,4.34,2.54,316.0,275.4,6.28,103.2,403.9,1.12,7.32,,,,0.35,0.38,7.92,,2026-07-28T09:51:28.434Z
batch-03-028,408.1,436.8,14.96,2.58,90.9,6.96,3.56,157.2,324.6,4.56,133.0,1647.68,1.56,4.48,,8001.0,,0.232,0.23,16.72,,2026-07-28T09:51:28.434Z
batch-03-029,348.66,616.6,43.24,16.7,77.16,4.04,4.86,640.6,651.8,7.62,69.6,1267.64,160.72,3.64,,22263.8,,0.212,0.81,9.04,181.0,2026-07-28T09:51:28.434Z
batch-03-030,357.46,567.8,32.86,17.17,74.95,2.96,7.26,645.2,284.6,8.63,123.4,651.68,110.92,4.38,,7970.0,,0.392,0.51,17.44,,2026-07-28T09:51:28.434Z
batch-03-031,397.5,459.3,27.65,7.71,74.42,,2.72,412.6,335.0,6.87,165.0,314.5,,5.47,,,,,,,,2026-07-28T09:51:28.435Z
batch-03-032,389.54,448.0,24.82,8.04,74.06,6.04,3.54,251.0,442.6,6.28,205.8,947.68,1.48,4.94,,276.2,,0.492,0.202,2.92,41.0,2026-07-28T09:51:28.435Z
batch-03-033,384.12,476.2,24.12,9.2,78.96,8.68,3.7,366.0,288.4,12.32,152.6,1460.8,3.212,3.26,,,,0.3,1.164,6.48,,2026-07-28T09:51:28.435Z
batch-03-034,386.84,510.85,33.79,10.78,69.815,3.38,3.775,248.7,292.05,6.51,227.3,1013.385,160.45,2.425,,8412.8,,0.232,,,75.4,2026-07-28T09:51:28.436Z
batch-03-035,415.445,406.15,24.425,4.34,67.99,4.35,2.8,202.95,361.1,4.16,156.4,712.97,0.462,2.005,,,,0.37,0.181,5.335,41.8,2026-07-28T09:51:28.436Z
batch-03-036,390.86,494.0,30.59,7.64,81.02,,4.79,458.8,415.75,7.86,182.7,1058.66,111.055,4.115,,,,0.105,0.8,8.905,,2026-07-28T09:51:28.436Z
batch-03-037,380.985,491.85,28.5,11.295,74.4,3.685,9.775,1094.1,560.0,10.475,187.0,873.705,0.815,3.835,,,13592.45,0.404,0.395,12.36,28.6,2026-07-28T09:51:28.436Z
batch-03-038,403.58,453.4,27.1,7.035,73.335,5.34,3.95,615.9,347.65,9.65,308.7,380.0,0.5,6.01,,,,,,,,2026-07-28T09:51:28.436Z
batch-03-039,417.335,397.3,23.915,6.875,63.365,,3.51,358.15,439.1,4.23,384.45,1020.04,160.525,2.665,,,,,,,,2026-07-28T09:51:28.436Z
batch-03-040,387.9,511.75,41.69,9.745,66.32,6.58,5.345,242.0,368.0,13.245,174.6,562.805,,,,5283.0,,0.209,0.756,11.465,111.2,2026-07-28T09:51:28.437Z
batch-03-041,430.47,372.8,17.81,9.81,57.62,3.86,4.19,331.7,379.5,12.87,83.6,552.92,110.721,2.82,,5240.0,11755.0,0.147,0.73,4.5,33.6,2026-07-28T09:51:28.441Z
batch-03-042,378.375,536.0,18.54,19.83,76.01,5.79,2.245,259.1,333.8,4.31,111.3,784.89,0.85,2.63,,,,0.402,0.531,6.55,37.4,2026-07-28T09:51:28.442Z
batch-03-043,408.14,432.5,15.45,2.77,90.59,6.49,3.05,280.4,292.4,5.93,109.5,1122.04,160.705,3.2,,,,0.37,0.177,4.44,,2026-07-28T09:51:28.442Z
batch-03-044,388.42,493.2,24.86,3.51,98.23,8.41,4.98,578.1,417.1,10.88,51.7,1015.36,1.013,5.17,,24515.2,,0.165,0.872,9.13,,2026-07-28T09:51:28.442Z
batch-03-045,390.92,479.3,26.63,3.81,90.89,3.92,7.43,725.1,321.3,9.7,119.8,680.61,111.36,7.8,,,,0.345,0.403,13.54,,2026-07-28T09:51:28.442Z
batch-03-046,407.62,435.5,20.14,2.5,86.89,7.8,2.95,436.5,311.2,8.36,69.3,1253.0,1.35,7.59,,8585.2,,0.209,0.493,18.48,,2026-07-28T09:51:28.443Z
batch-03-047,380.965,507.7,34.835,14.765,60.71,5.81,3.46,367.1,606.6,4.235,98.0,558.635,0.44,2.28,,310.25,385.8,0.152,0.239,4.21,120.0,2026-07-28T09:51:28.443Z
batch-03-048,380.17,504.0,26.84,15.525,68.245,5.58,4.22,325.0,271.0,13.185,126.2,924.58,160.59,3.47,,5214.0,,0.266,1.016,13.03,,2026-07-28T09:51:28.443Z
batch-03-049,419.49,395.25,24.155,7.485,60.46,,3.41,191.5,361.4,9.265,201.4,610.79,,2.175,,,,,,,,2026-07-28T09:51:28.443Z
batch-03-050,393.49,458.35,20.49,7.98,79.965,3.98,2.975,205.95,311.8,5.285,230.65,936.51,111.505,3.875,,8441.8,,0.277,0.236,4.875,31.4,2026-07-28T09:51:28.443Z
batch-03-051,399.8,435.3,18.555,8.76,74.935,7.35,3.05,287.9,284.3,5.075,159.35,1360.54,3.192,3.475,,,,0.28,0.526,4.045,,2026-07-28T09:51:28.444Z
batch-03-052,224.2,107.5,4.2,3.1,15.7,1.5,2.95,138.0,111.0,0.7,80.5,549.5,0.46,0.75,,11.5,,0.07,0.25,0.2,0.0,2026-07-28T09:51:28.444Z
batch-03-053,216.25,139.0,4.35,2.8,23.95,2.4,2.65,163.5,112.5,1.0,50.5,474.5,0.01,0.75,,35.5,,0.43,0.145,0.5,16.5,2026-07-28T09:51:28.444Z
batch-03-054,128.56,194.6,2.82,0.62,45.96,9.76,2.04,14.8,92.0,1.34,26.0,374.4,0.24,0.78,,27.0,25.0,0.236,0.03,1.84,87.0,2026-07-28T09:51:28.444Z
batch-03-055,141.28,153.0,1.56,0.72,35.16,1.8,1.38,28.8,52.4,1.12,32.6,609.08,0.46,0.82,,1.0,0.0,0.084,0.18,1.84,0.8,2026-07-28T09:51:28.444Z
batch-03-056,122.8,145.2,5.9,0.7,29.3,2.84,1.2,39.0,123.0,1.8,12.0,851.0,110.68,1.62,,33.2,,0.11,0.072,8.02,,2026-07-28T09:51:28.444Z
batch-03-057,115.0,147.0,9.35,4.6,19.95,3.8,1.1,148.0,113.0,2.05,25.5,1021.1,161.62,1.35,,,,0.18,0.27,0.55,,2026-07-28T09:51:28.444Z
batch-03-058,189.11,165.2,3.79,3.1,33.07,1.16,0.93,16.1,154.8,0.7,14.5,185.82,0.08,3.67,,1126.9,1072.2,0.139,0.155,1.81,9.0,2026-07-28T09:51:28.444Z
batch-03-059,133.82,179.4,2.3,0.74,41.34,2.42,1.8,66.0,82.0,0.96,14.0,350.3,0.26,0.26,,29.6,,0.13,0.088,0.38,7.2,2026-07-28T09:51:28.444Z
batch-03-060,113.9,152.5,10.8,4.3,19.65,2.4,1.35,74.5,150.0,2.55,97.5,424.5,0.65,1.95,,19.0,,0.36,0.05,0.45,11.0,2026-07-28T09:51:28.444Z
batch-04-001,234.43,371.9,10.54,1.52,80.76,3.98,2.75,166.5,203.2,4.51,22.3,1171.5,0.516,2.65,,,,0.33,0.272,4.39,,2026-07-28T13:16:41.631Z
batch-04-002,252.58,296.2,9.8,1.55,63.31,6.55,2.76,168.2,218.5,3.94,23.8,1177.6,0.516,1.8,,27.0,,0.145,0.094,1.96,,2026-07-28T13:16:41.632Z
batch-04-003,255.57,286.9,11.41,1.43,58.73,3.07,2.96,219.0,238.6,4.8,46.4,697.81,1.09,5.13,,,,0.163,0.236,3.01,,2026-07-28T13:16:41.633Z
batch-04-004,252.84,317.0,10.91,7.45,55.5,2.53,3.3,262.7,277.5,4.73,26.1,1273.66,160.372,2.14,,0.0,190.0,0.163,1.122,1.4,52.0,2026-07-28T13:16:41.633Z
batch-04-005,246.4,324.6,8.75,1.25,70.5,5.02,3.0,115.0,227.0,2.8,19.3,1077.4,110.99,2.46,,1264.1,,0.13,0.236,11.56,,2026-07-28T13:16:41.633Z
batch-04-006,287.7,334.0,6.73,4.19,67.06,2.92,4.32,233.0,177.6,1.71,68.2,566.58,0.135,1.24,,32.0,,0.344,0.3,1.1,11.0,2026-07-28T13:16:41.633Z
batch-04-007,235.87,367.9,10.86,1.53,79.58,3.07,2.16,223.0,182.6,4.0,20.4,617.11,1.09,5.13,,,,0.058,0.186,3.31,,2026-07-28T13:16:41.633Z
batch-04-008,197.52,345.8,15.14,1.86,71.12,5.44,2.36,148.0,273.2,5.02,20.8,330.76,0.456,2.58,,,,0.36,0.102,2.28,,2026-07-28T13:16:41.633Z
batch-04-009,217.72,337.0,13.16,5.4,61.64,4.64,2.18,135.6,339.2,3.24,37.8,483.48,0.636,6.58,,982.6,,0.196,0.284,2.6,,2026-07-28T13:16:41.634Z
batch-04-010,290.5,278.8,12.5,1.12,53.5,,2.38,281.0,266.0,1.7,401.0,,,,,,,0.4,,,13.0,2026-07-28T13:16:41.634Z
batch-04-011,249.95,300.6,9.9,1.05,64.7,10.27,4.4,73.0,226.0,2.3,30.2,1686.4,160.94,2.81,,9.6,,0.58,0.086,11.81,,2026-07-28T13:16:41.634Z
batch-04-012,198.58,418.4,11.64,8.08,76.94,13.02,4.76,204.4,286.0,3.84,39.6,536.96,0.632,1.96,,37.0,,0.382,0.302,1.66,9.0,2026-07-28T13:16:41.634Z
batch-04-013,312.55,352.5,7.25,4.75,70.1,2.3,5.25,220.5,225.0,2.1,74.1,1452.8,110.515,2.25,,41.0,,0.23,0.33,3.85,6.5,2026-07-28T13:16:41.634Z
batch-04-014,246.93,314.9,11.39,1.17,67.61,5.83,2.9,217.0,234.2,5.26,23.8,827.05,0.366,1.65,,,,0.315,0.102,1.89,,2026-07-28T13:16:41.634Z
batch-04-015,258.42,279.4,10.06,1.73,57.23,3.07,2.66,183.0,222.1,4.2,46.4,1048.36,1.24,5.28,,,,0.073,0.236,3.16,,2026-07-28T13:16:41.635Z
batch-04-016,378.5,524.0,36.62,11.72,67.3,3.04,6.06,607.8,304.0,16.72,179.0,1258.92,0.448,2.62,,5713.0,,0.23,,,70.0,2026-07-28T13:16:41.635Z
batch-04-017,416.43,375.7,27.79,3.6,59.42,3.76,2.76,302.9,404.8,3.6,79.2,720.5,0.44,2.05,,,1399.4,0.142,0.72,7.93,22.0,2026-07-28T13:16:41.635Z
batch-04-018,389.56,479.6,30.72,7.58,77.54,,4.6,423.2,400.5,6.88,191.4,934.4,0.81,4.05,,,,0.11,0.77,8.99,,2026-07-28T13:16:41.635Z
batch-04-019,375.5,496.0,28.22,11.52,75.34,2.96,9.3,1073.0,583.6,10.24,162.2,787.24,0.52,3.9,,,12984.0,0.426,0.33,12.14,32.0,2026-07-28T13:16:41.635Z
batch-04-020,401.08,442.8,27.34,7.25,70.29,3.84,4.04,576.6,348.7,8.94,322.2,369.0,0.5,5.72,,,,,,,,2026-07-28T13:16:41.635Z
batch-04-021,413.97,396.4,24.21,7.15,61.37,,3.3,328.1,432.4,4.02,402.1,639.48,0.53,2.61,,,,,,,,2026-07-28T13:16:41.636Z
batch-04-022,384.3,516.0,42.98,10.04,64.06,4.24,5.02,226.6,358.4,11.64,167.0,574.72,,,,5099.8,,0.242,0.73,11.26,28.0,2026-07-28T13:16:41.636Z
batch-04-023,432.2,365.8,18.56,10.38,54.6,3.26,4.26,343.2,389.6,12.26,82.0,467.68,0.53,3.08,,5055.0,9240.0,0.152,0.73,4.62,32.0,2026-07-28T13:16:41.636Z
batch-04-024,374.37,535.2,19.5,21.16,72.72,4.62,2.25,238.2,345.4,3.98,104.2,770.34,0.88,2.76,,,,0.2,0.58,6.92,30.0,2026-07-28T13:16:41.637Z
batch-04-025,407.5,438.8,16.16,2.78,90.7,5.56,2.86,262.2,296.6,6.06,105.0,759.48,0.73,3.28,,,,0.362,0.2,4.62,,2026-07-28T13:16:41.637Z
batch-04-026,404.64,448.0,16.7,2.96,90.96,6.54,4.94,659.0,264.4,14.88,44.2,1312.4,0.59,2.92,,5713.0,,0.25,0.45,5.92,,2026-07-28T13:16:41.637Z
batch-04-027,414.5,404.8,18.96,2.18,81.3,4.66,3.06,393.2,353.6,6.16,40.0,487.98,1.24,7.88,,,,0.152,0.8,9.42,,2026-07-28T13:16:41.637Z
batch-04-028,388.24,497.0,23.7,2.86,100.36,6.44,4.84,457.0,423.4,8.88,54.2,1848.0,1.52,6.12,,22589.0,,0.21,0.84,21.02,,2026-07-28T13:16:41.637Z
batch-04-029,356.32,578.4,44.2,16.82,65.9,2.56,7.18,731.8,552.0,5.9,135.4,733.22,0.44,2.5,,8260.8,12736.8,0.394,0.31,11.54,32.0,2026-07-28T13:16:41.638Z
batch-04-030,375.3,516.0,28.3,16.25,67.41,3.84,2.74,476.0,263.4,8.75,58.0,171.6,0.6,6.92,,8109.0,,0.22,0.65,14.24,,2026-07-28T13:16:41.638Z
batch-04-031,413.16,399.1,24.21,7.33,62.36,,2.94,204.8,398.2,2.85,188.8,620.58,,2.43,,,,,,,,2026-07-28T13:16:41.638Z
batch-04-032,386.38,455.2,26.66,8.52,74.22,5.52,4.22,249.8,358.4,12.6,243.0,1001.2,1.36,4.38,,5058.2,,0.33,0.762,6.62,28.0,2026-07-28T13:16:41.638Z
batch-04-033,397.58,426.0,18.78,8.72,72.5,6.2,2.42,290.2,287.6,5.0,129.4,1316.48,3.032,3.42,,,,0.302,0.494,4.18,,2026-07-28T13:16:41.639Z
batch-04-034,377.27,544.15,36.97,10.83,75.105,5.53,4.825,349.0,380.45,6.53,162.9,647.545,0.76,2.975,,39.2,,0.213,,,26.6,2026-07-28T13:16:41.639Z
batch-04-035,381.175,525.45,34.405,5.49,88.78,4.76,5.15,525.05,494.9,8.82,95.6,908.59,0.97,3.975,,,,0.105,0.965,9.415,154.2,2026-07-28T13:16:41.639Z
batch-04-036,379.29,528.5,32.63,8.15,86.47,,8.24,602.9,322.15,5.7,257.3,699.78,0.725,3.105,,,,0.336,0.33,11.765,,2026-07-28T13:16:41.639Z
batch-04-037,377.495,530.95,23.84,10.925,87.49,6.015,5.325,914.0,567.2,10.935,95.2,280.125,0.605,6.685,,,,0.247,0.515,8.5,83.8,2026-07-28T13:16:41.640Z
batch-04-038,399.89,467.1,24.1,7.305,78.505,5.31,5.2,390.2,441.85,5.73,340.3,542.84,0.81,2.92,,,,,,,,2026-07-28T13:16:41.640Z
batch-04-039,393.905,494.4,26.215,8.025,82.075,,4.78,363.85,364.7,11.51,432.25,644.08,0.615,2.115,,,,,,,,2026-07-28T13:16:41.640Z
batch-04-040,388.55,519.05,40.03,10.135,66.87,4.87,5.415,183.1,414.0,10.805,148.2,377.565,,,,5293.0,,0.206,0.594,9.225,37.6,2026-07-28T13:16:41.641Z
batch-04-041,411.325,476.85,15.055,10.305,84.315,3.975,4.0,366.25,311.3,5.855,107.95,364.65,0.615,2.535,,8449.8,,0.137,0.514,4.5,35.4,2026-07-28T13:16:41.641Z
batch-04-042,368.085,571.7,19.28,20.76,83.38,6.86,3.495,224.8,392.8,4.35,123.1,738.07,1.182,3.28,,,,0.225,0.501,5.57,39.8,2026-07-28T13:16:41.641Z
batch-04-043,391.43,522.1,16.945,3.525,107.63,7.23,5.69,725.3,278.25,16.695,49.8,1285.45,0.787,2.945,,,,0.339,0.526,5.7,,2026-07-28T13:16:41.642Z
batch-04-044,402.565,474.7,18.42,2.63,97.595,8.855,3.79,398.8,345.2,4.84,36.6,701.57,0.897,3.275,,39.2,,0.233,0.824,6.925,,2026-07-28T13:16:41.642Z
batch-04-045,379.71,553.7,26.125,4.155,109.57,5.615,5.44,611.25,447.5,11.26,58.65,689.025,1.73,9.515,,,,0.115,1.042,10.84,,2026-07-28T13:16:41.643Z
batch-04-046,378.385,545.75,26.05,3.695,108.175,7.44,8.475,635.1,344.75,7.6,127.8,1568.88,1.4,5.075,,8786.8,,0.431,0.396,23.2,,2026-07-28T13:16:41.643Z
batch-04-047,358.955,603.0,38.235,15.595,78.64,5.64,3.31,589.8,529.4,6.855,69.4,225.995,0.53,5.37,,8612.05,,0.215,0.495,7.91,83.8,2026-07-28T13:16:41.643Z
batch-04-048,375.0,532.9,24.74,15.575,75.735,5.31,3.95,293.3,359.4,5.505,90.4,356.34,0.9,4.02,,318.6,,0.181,0.524,9.19,,2026-07-28T13:16:41.643Z
batch-04-049,393.14,496.95,26.215,8.195,83.01,,4.44,247.4,332.4,10.405,230.8,626.23,,1.945,,,,,,,,2026-07-28T13:16:41.644Z
batch-04-050,390.5,462.05,24.73,8.71,76.395,6.07,4.665,204.85,414.0,11.705,219.45,777.39,1.615,4.625,,5254.0,,0.288,0.624,4.875,37.6,2026-07-28T13:16:41.644Z
batch-04-051,373.87,540.4,19.175,9.05,99.465,8.14,3.44,316.8,260.7,4.435,137.95,1134.8,2.982,3.245,,,,0.299,0.646,5.245,,2026-07-28T13:16:41.644Z
batch-04-052,191.08,120.4,3.9,2.98,19.36,0.96,2.56,130.8,111.6,0.82,44.32,509.48,132.25,0.6,,41.2,,0.1,0.136,0.32,6.0,2026-07-28T13:16:41.644Z
batch-04-053,243.75,104.4,4.71,3.3,15.15,0.6,3.09,154.5,126.0,0.42,58.5,499.5,0.012,0.87,,484.5,,0.123,0.195,0.69,9.0,2026-07-28T13:16:41.644Z
batch-04-054,155.76,176.4,1.44,0.64,41.2,2.08,1.08,30.4,35.2,1.12,33.2,201.12,0.44,0.28,,1.2,0.0,0.04,0.2,0.4,0.0,2026-07-28T13:16:41.644Z
batch-04-055,141.36,145.0,2.1,0.54,34.76,2.96,1.24,38.8,78.4,1.66,18.8,451.2,0.16,0.78,,27.0,25.0,0.06,0.51,1.44,88.6,2026-07-28T13:16:41.644Z
batch-04-056,88.12,165.4,5.95,1.09,33.54,2.82,1.3,96.0,98.5,2.01,11.0,155.5,0.295,0.91,,,,0.14,0.133,0.48,,2026-07-28T13:16:41.644Z
batch-04-057,125.06,131.4,6.9,0.8,26.02,3.5,1.22,119.4,113.0,2.08,7.6,658.7,160.162,1.1,,0.0,,0.14,0.078,0.62,,2026-07-28T13:16:41.644Z
batch-04-058,138.7,200.0,5.7,0.9,43.6,2.4,1.1,34.0,120.0,1.4,12.0,141.3,0.2,1.0,,162.0,,0.41,0.03,0.9,11.0,2026-07-28T13:16:41.644Z
batch-04-059,198.71,115.6,1.71,0.54,27.15,3.88,1.89,10.5,51.6,0.46,18.5,307.9,0.16,0.39,,472.5,885.0,0.299,0.075,1.01,9.0,2026-07-28T13:16:41.645Z
batch-04-060,132.28,126.0,6.32,5.5,14.3,0.86,1.5,146.4,138.0,3.06,7.8,216.32,110.254,0.78,,26.0,2240.0,0.056,0.174,0.1,5.0,2026-07-28T13:16:41.645Z
batch-05-001,228.03,414.9,11.74,4.42,82.96,6.78,2.85,172.5,205.2,4.71,25.3,1205.7,0.516,2.95,,,,0.78,0.522,4.59,,2026-07-28T13:21:11.704Z
batch-05-002,253.18,299.2,9.6,1.25,63.41,5.75,2.36,174.2,206.5,3.84,16.8,1264.8,0.816,1.5,,316.0,,0.155,0.074,1.46,,2026-07-28T13:21:11.704Z
batch-05-003,254.77,285.9,11.21,1.43,59.73,5.27,2.86,211.0,236.6,5.5,23.4,660.81,,5.13,,,,0.173,,,,2026-07-28T13:21:11.704Z
batch-05-004,252.64,318.0,10.61,7.45,56.1,3.23,3.6,237.7,263.5,5.43,33.1,1122.76,,2.04,,92.0,,0.103,1.472,5.8,8.0,2026-07-28T13:21:11.704Z
batch-05-005,246.8,315.6,8.85,1.05,70.1,5.02,3.2,129.0,236.0,2.7,36.7,1268.1,172.09,2.56,,1271.1,,0.12,0.206,11.86,,2026-07-28T13:21:11.704Z
batch-05-006,290.2,322.0,7.03,4.09,64.06,3.92,4.62,219.0,184.6,3.91,63.2,665.78,0.135,1.24,,179.0,,0.164,0.5,1.2,30.0,2026-07-28T13:21:11.705Z
batch-05-007,226.77,402.9,10.96,1.93,88.28,4.17,2.06,224.0,182.6,4.6,23.4,585.21,1.19,5.13,,,,0.038,0.166,3.31,,2026-07-28T13:21:11.705Z
batch-05-008,197.22,367.8,15.94,4.66,68.02,6.24,2.16,147.0,259.2,4.32,20.8,405.96,0.456,2.68,,,,0.84,0.372,1.98,,2026-07-28T13:21:11.705Z
batch-05-009,213.52,352.0,13.26,5.0,66.14,5.24,1.88,143.6,341.2,3.84,13.8,456.48,0.636,6.48,,1297.6,,0.206,0.194,2.9,,2026-07-28T13:21:11.705Z
batch-05-010,295.0,256.8,12.2,1.32,49.0,,2.48,256.0,263.0,2.2,398.0,,,,,,,0.17,,,37.0,2026-07-28T13:21:11.705Z
batch-05-011,249.75,301.6,9.6,1.05,65.3,10.97,4.7,48.0,212.0,3.0,37.2,1535.5,,2.71,,101.6,,0.52,0.436,16.21,,2026-07-28T13:21:11.705Z
batch-05-012,211.98,358.4,11.24,7.48,65.04,11.92,4.26,207.4,283.0,4.14,50.6,903.06,171.732,1.86,,33.0,20.0,0.372,0.192,1.96,43.0,2026-07-28T13:21:11.705Z
batch-05-013,314.65,341.5,7.75,4.45,67.6,4.1,5.55,226.5,229.0,4.3,72.5,1493.6,0.315,2.35,,179.0,,0.26,0.53,4.05,31.5,2026-07-28T13:21:11.705Z
batch-05-014,243.93,328.9,11.09,1.47,71.01,4.93,2.5,211.0,218.2,4.96,23.8,836.15,0.466,1.45,,,,0.325,0.102,1.39,,2026-07-28T13:21:11.705Z
batch-05-015,253.32,313.4,11.16,4.43,58.53,5.27,2.56,184.0,222.1,4.2,29.4,1009.36,0.94,5.58,,,,0.553,0.436,3.66,,2026-07-28T13:21:11.705Z
batch-05-016,377.7,553.0,37.62,14.42,65.3,5.64,4.96,435.8,306.0,6.52,184.0,1047.92,0.648,2.92,,6564.0,,0.68,,,39.0,2026-07-28T13:21:11.706Z
batch-05-017,403.23,438.7,31.99,6.7,64.82,7.16,3.26,316.9,444.8,10.2,80.2,1315.9,0.64,2.35,,,11567.4,0.872,0.79,5.93,23.0,2026-07-28T13:21:11.706Z
batch-05-018,399.76,470.6,23.92,9.08,73.34,,3.9,297.2,280.5,3.68,168.4,1424.8,1.21,2.75,,,,0.56,1.62,8.59,,2026-07-28T13:21:11.706Z
batch-05-019,373.5,529.0,23.42,13.22,83.54,6.96,6.4,725.0,617.6,14.84,131.2,1404.64,0.52,3.8,,,11046.0,0.676,0.78,6.54,29.0,2026-07-28T13:21:11.706Z
batch-05-020,390.08,501.8,27.14,10.15,78.09,6.84,4.54,462.6,432.7,6.34,355.2,773.2,0.52,3.02,,,,,,,,2026-07-28T13:21:11.706Z
batch-05-021,415.77,411.4,22.41,9.65,58.77,,3.4,224.1,364.4,3.62,365.1,916.68,0.33,3.51,,,,,,,,2026-07-28T13:21:11.706Z
batch-05-022,384.1,537.0,43.18,11.94,62.66,4.84,4.52,258.6,410.4,5.84,128.0,560.52,,,,5042.8,,0.792,0.82,9.86,55.0,2026-07-28T13:21:11.706Z
batch-05-023,423.6,420.8,20.76,13.68,58.6,5.66,3.36,353.2,435.6,6.46,59.0,422.48,0.71,3.58,,92.0,36.0,0.782,0.54,4.22,5.0,2026-07-28T13:21:11.706Z
batch-05-024,369.17,568.2,22.9,23.26,72.12,6.62,2.55,232.2,317.4,3.98,43.2,683.94,134.88,3.06,,,,0.63,0.91,7.12,3.0,2026-07-28T13:21:11.706Z
batch-05-025,409.1,453.8,17.76,5.68,83.7,8.36,3.76,480.2,308.6,6.06,54.0,1165.48,0.91,3.58,,,,0.812,0.59,5.02,,2026-07-28T13:21:11.707Z
batch-05-026,391.24,511.0,22.7,5.06,97.56,10.54,3.44,409.0,328.4,11.08,29.2,1323.6,0.79,3.22,,5290.0,,0.96,0.9,6.12,,2026-07-28T13:21:11.707Z
batch-05-027,410.1,441.8,18.36,5.08,82.5,7.66,3.96,423.2,343.6,8.16,35.0,1283.18,2.04,8.58,,,,0.582,1.67,9.42,,2026-07-28T13:21:11.707Z
batch-05-028,380.24,546.0,20.5,4.56,110.36,9.84,4.34,249.0,325.4,11.48,81.2,2245.2,1.12,4.62,,10566.0,,0.66,0.89,19.02,,2026-07-28T13:21:11.707Z
batch-05-029,365.72,577.4,39.2,19.12,63.3,6.96,3.28,427.8,664.0,4.3,104.4,803.02,0.46,2.6,,263.8,414.8,0.684,0.56,4.34,41.0,2026-07-28T13:21:11.707Z
batch-05-030,377.9,529.0,23.7,18.35,66.81,5.84,3.24,194.0,231.4,4.75,43.0,649.8,0.4,4.62,,374.0,,0.93,0.78,11.64,,2026-07-28T13:21:11.707Z
batch-05-031,411.96,420.1,26.21,9.83,58.76,,3.24,234.8,412.2,4.25,191.8,747.18,,2.33,,,,,,,,2026-07-28T13:21:11.707Z
batch-05-032,382.98,494.2,27.46,11.62,75.02,6.72,2.92,219.8,408.4,5.0,192.0,782.2,1.54,4.88,,95.2,,0.92,0.452,5.82,5.0,2026-07-28T13:21:11.707Z
batch-05-033,392.38,459.0,22.18,10.82,71.9,8.2,2.72,284.2,259.6,5.0,68.4,1230.08,137.032,3.72,,,,0.732,0.824,4.38,,2026-07-28T13:21:11.707Z
batch-05-034,383.49,510.15,39.97,10.25,66.625,5.89,4.465,357.8,408.25,14.37,153.7,1404.865,1.08,2.775,,6135.0,,0.501,,,36.2,2026-07-28T13:21:11.707Z
batch-05-035,413.135,412.25,25.305,3.15,69.74,5.34,3.47,379.85,346.7,5.88,60.0,1550.41,1.51,2.015,,,,0.085,1.525,8.955,27.4,2026-07-28T13:21:11.707Z
batch-05-036,397.83,461.5,25.73,6.03,81.07,,4.14,213.5,343.35,11.34,212.9,1481.3,0.825,2.465,,,,0.096,0.45,5.585,,2026-07-28T13:21:11.708Z
batch-05-037,386.135,492.55,22.0,10.125,81.65,5.935,4.965,782.0,643.4,8.655,121.2,827.125,0.727,3.185,,,,0.227,0.415,5.62,56.0,2026-07-28T13:21:11.708Z
batch-05-038,422.61,380.3,20.5,6.065,61.225,4.57,4.4,269.2,350.85,5.87,289.3,950.14,0.69,3.38,,,,,,,,2026-07-28T13:21:11.708Z
batch-05-039,414.425,414.2,24.815,6.125,66.115,,3.32,392.45,405.7,5.71,379.05,730.84,0.605,1.695,,,,,,,,2026-07-28T13:21:11.708Z
batch-05-040,399.83,476.25,40.83,9.775,56.85,4.13,3.515,187.5,448.4,5.005,112.6,430.225,,,,459.2,,0.384,0.01,8.765,16.4,2026-07-28T13:21:11.708Z
batch-05-041,426.345,409.85,17.175,8.625,69.235,2.795,3.42,353.05,264.3,6.435,30.55,371.99,148.116,2.335,,533.8,,0.095,0.502,4.7,14.2,2026-07-28T13:21:11.708Z
batch-05-042,390.585,484.9,19.42,19.96,61.26,6.56,3.575,458.0,389.8,4.93,56.7,1287.05,1.48,3.08,,,,0.205,0.555,5.99,53.8,2026-07-28T13:21:11.708Z
batch-05-043,397.43,488.1,21.925,1.845,100.47,8.25,3.13,443.7,332.45,13.095,23.0,1400.15,1.107,2.745,,,,0.605,0.646,5.9,,2026-07-28T13:21:11.708Z
batch-05-044,418.465,412.1,16.14,1.83,84.495,8.775,3.87,425.2,318.0,7.62,20.8,1678.67,1.877,3.515,,10526.2,,0.191,1.406,6.905,,2026-07-28T13:21:11.709Z
batch-05-045,391.65,504.3,20.985,2.035,106.15,5.975,3.98,375.85,323.5,14.7,78.05,1228.325,1.39,7.335,,,,0.095,0.722,8.62,,2026-07-28T13:21:11.709Z
batch-05-046,409.465,441.35,18.93,2.235,90.895,8.9,3.275,294.1,451.75,6.42,83.4,1748.04,1.522,4.655,,615.6,,0.235,0.297,15.26,,2026-07-28T13:21:11.709Z
batch-05-047,382.555,514.0,31.555,13.915,63.56,4.46,2.95,273.0,478.0,3.035,42.6,854.395,0.41,2.31,,729.05,,0.481,0.263,5.03,89.0,2026-07-28T13:21:11.709Z
batch-05-048,394.42,452.7,25.32,14.335,57.355,3.47,3.37,319.7,358.6,7.625,83.4,597.98,0.89,3.38,,5813.8,,0.337,0.71,10.27,,2026-07-28T13:21:11.709Z
batch-05-049,410.14,436.55,25.475,7.615,69.47,,2.1,207.8,371.2,2.625,164.4,487.71,,1.965,,,,,,,,2026-07-28T13:21:11.709Z
batch-05-050,403.54,408.25,22.89,6.81,68.355,4.01,3.205,182.85,316.4,5.905,164.05,827.19,149.115,4.205,,536.8,,0.246,0.194,3.975,14.2,2026-07-28T13:21:11.709Z
batch-05-051,396.37,453.6,19.315,8.25,77.345,7.84,3.52,550.0,257.7,5.015,71.55,1683.78,3.28,3.045,,,,0.279,0.7,5.665,,2026-07-28T13:21:11.709Z
batch-05-052,190.84,137.2,5.34,6.22,14.92,3.84,2.68,135.6,106.8,0.58,52.0,452.6,0.01,1.08,,10.0,,0.64,0.46,0.8,1.2,2026-07-28T13:21:11.709Z
batch-05-053,191.92,114.4,4.14,2.5,18.76,1.92,2.44,144.0,109.2,1.3,43.6,467.0,0.37,0.6,,389.2,,0.076,0.112,0.56,14.4,2026-07-28T13:21:11.709Z
batch-05-054,154.8,175.2,1.2,0.64,42.4,4.72,0.96,20.8,32.8,1.96,5.6,156.72,,0.28,,34.8,204.0,0.052,,,42.0,2026-07-28T13:21:11.709Z
batch-05-055,142.36,142.0,1.8,0.44,34.36,2.66,1.44,32.8,59.4,1.66,19.8,719.6,,0.58,,92.0,,0.06,0.86,5.24,6.6,2026-07-28T13:21:11.710Z
batch-05-056,133.36,136.6,5.87,0.69,28.98,2.26,1.1,107.6,106.9,2.45,28.2,594.82,205.695,0.87,,,,0.148,0.045,0.88,,2026-07-28T13:21:11.710Z
batch-05-057,125.86,132.4,7.0,0.7,25.12,4.7,1.32,101.4,112.0,4.48,5.6,402.8,0.162,1.0,,164.0,,0.14,0.278,0.72,,2026-07-28T13:21:11.710Z
batch-05-058,136.2,205.0,5.6,1.3,45.9,2.3,1.0,13.0,117.0,1.6,15.0,86.2,0.3,1.0,,145.0,225.0,0.18,0.03,1.0,5.0,2026-07-28T13:21:11.710Z
batch-05-059,163.4,158.8,3.0,3.96,27.72,7.12,1.92,15.6,50.4,0.64,20.0,320.8,0.16,0.72,,0.0,0.0,0.824,0.36,1.16,1.2,2026-07-28T13:21:11.710Z
batch-05-060,150.3,131.4,6.66,5.1,16.26,1.98,1.44,161.4,139.2,3.66,7.8,208.92,0.414,0.78,,379.2,,0.042,0.156,0.36,14.4,2026-07-28T13:21:11.710Z
batch-06-001,209.33,459.9,13.04,1.72,102.46,6.98,3.45,179.5,221.2,5.81,40.3,1321.4,,,,,,0.28,,4.59,,2026-07-28T13:27:17.488Z
batch-06-002,248.58,310.2,9.9,1.45,67.21,8.45,2.86,172.2,199.5,3.74,15.8,1273.8,0.616,1.7,,0.0,,0.175,0.214,2.66,,2026-07-28T13:27:17.488Z
batch-06-003,242.97,327.9,11.61,1.43,70.93,2.67,3.06,213.0,250.6,4.7,19.4,565.31,0.89,5.13,,,,0.193,0.136,3.11,,2026-07-28T13:27:17.488Z
batch-06-004,249.74,328.0,10.91,7.45,58.6,2.53,3.3,246.7,278.5,5.43,23.1,1033.56,0.472,2.14,,,0.0,0.153,1.092,2.0,12.0,2026-07-28T13:27:17.489Z
batch-06-005,230.5,373.6,9.45,1.15,85.3,7.92,5.4,126.0,228.0,3.1,17.7,1309.0,247.39,3.86,,1387.1,,0.15,0.306,12.46,,2026-07-28T13:27:17.489Z
batch-06-006,286.5,361.0,6.93,10.49,61.46,,4.62,214.0,182.6,2.01,63.2,727.58,0.335,1.54,,204.0,,0.134,0.35,1.9,13.0,2026-07-28T13:27:17.489Z
batch-06-007,230.87,388.9,12.66,1.53,82.28,6.17,2.66,224.0,178.6,4.1,14.4,537.31,1.09,5.03,,,,0.138,0.146,3.51,,2026-07-28T13:27:17.489Z
batch-06-008,178.52,412.8,17.24,1.96,87.52,6.44,2.76,154.0,275.2,5.42,35.8,521.66,,,,,,0.34,,1.98,,2026-07-28T13:27:17.489Z
batch-06-009,208.92,363.0,13.56,5.2,69.94,7.94,2.38,141.6,334.2,3.74,12.8,465.48,0.436,6.68,,981.6,,0.226,0.334,4.1,,2026-07-28T13:27:17.489Z
batch-06-010,283.2,298.8,12.6,1.32,60.2,,2.68,258.0,277.0,1.4,394.0,,,,,,,0.19,,,13.0,2026-07-28T13:27:17.490Z
batch-06-011,246.85,311.6,9.9,1.05,67.8,10.27,4.4,57.0,227.0,3.0,27.2,1446.3,1.04,2.81,,,,0.57,0.056,12.41,,2026-07-28T13:27:17.490Z
batch-06-012,195.68,416.4,11.84,7.58,80.24,14.82,6.46,204.4,275.0,4.54,31.6,943.96,247.032,3.16,,149.0,330.0,0.402,0.292,2.56,7.0,2026-07-28T13:27:17.490Z
batch-06-013,310.95,380.5,7.65,10.85,65.0,,5.55,221.5,227.0,2.4,72.5,1555.4,0.515,2.65,,204.0,,0.23,0.38,4.75,14.5,2026-07-28T13:27:17.490Z
batch-06-014,248.03,314.9,12.79,1.07,65.01,6.93,3.1,211.0,214.2,4.46,14.8,788.25,0.366,1.35,,,,0.425,0.082,1.59,,2026-07-28T13:27:17.490Z
batch-06-015,234.62,358.4,12.46,1.73,78.03,5.47,3.16,191.0,238.1,5.3,44.4,1125.06,,,,,,0.053,,3.66,,2026-07-28T13:27:17.491Z
batch-06-016,365.19,637.25,34.75,26.41,63.435,,5.215,485.0,374.15,22.33,241.2,1419.025,1.24,2.645,,277.0,,0.785,,,,2026-07-28T13:27:17.491Z
batch-06-017,410.83,448.7,28.59,13.5,52.62,,4.46,343.9,454.8,3.3,400.2,712.9,0.44,2.35,,,,0.322,,12.03,57.0,2026-07-28T13:27:17.491Z
batch-06-018,407.76,460.6,22.52,12.88,63.94,,2.9,90.2,664.5,7.18,160.4,848.0,0.61,3.15,,,,0.71,0.2,,,2026-07-28T13:27:17.491Z
batch-06-019,376.7,589.0,21.02,26.42,67.74,,8.2,906.0,659.6,8.54,407.2,709.04,0.92,4.6,,,,0.626,0.36,4.84,49.0,2026-07-28T13:27:17.491Z
batch-06-020,379.08,535.8,23.74,12.95,81.09,,7.74,699.6,696.7,7.04,471.2,1225.2,0.7,2.22,,,,,,,,2026-07-28T13:27:17.492Z
batch-06-021,405.17,465.4,25.41,14.05,60.17,,5.2,209.1,484.4,3.32,409.1,682.68,0.93,4.11,,,,,,,,2026-07-28T13:27:17.492Z
batch-06-022,379.3,579.0,39.38,17.54,63.66,,6.32,159.6,338.4,3.54,394.0,627.12,,,,245.8,,0.782,0.2,16.16,33.0,2026-07-28T13:27:17.492Z
batch-06-023,417.2,468.8,15.56,17.28,65.4,,4.96,296.2,345.6,6.96,137.0,485.88,,3.18,,2671.0,180.0,0.532,0.32,3.12,17.0,2026-07-28T13:27:17.492Z
batch-06-024,356.28,632.6,18.7,34.06,67.14,,3.82,491.6,406.4,19.78,121.2,1517.32,1.6,2.84,,,,0.77,,14.72,,2026-07-28T13:27:17.492Z
batch-06-025,404.1,497.8,19.36,11.88,80.1,,4.56,429.2,380.6,5.56,354.0,784.68,0.71,3.58,,,,0.522,,11.12,,2026-07-28T13:27:17.492Z
batch-06-026,408.04,475.0,16.5,8.66,83.96,,2.84,218.0,662.4,9.98,15.2,946.6,0.79,4.02,,,,0.81,0.28,,,2026-07-28T13:27:17.492Z
batch-06-027,395.1,559.8,19.56,18.48,80.9,,5.96,522.2,407.6,7.66,361.0,494.38,1.64,9.18,,,,0.532,0.45,6.12,,2026-07-28T13:27:17.492Z
batch-06-028,380.64,546.0,16.9,7.96,102.56,,6.54,530.0,667.4,5.98,197.2,2149.6,1.32,4.02,,945.0,,,0.47,17.32,,2026-07-28T13:27:17.492Z
batch-06-029,368.72,585.4,37.8,22.72,56.3,,5.08,244.8,668.0,2.6,100.4,643.02,0.84,3.6,,,,0.794,0.54,,49.0,2026-07-28T13:27:17.492Z
batch-06-030,370.1,577.0,23.7,23.95,66.81,,5.24,229.0,241.4,4.25,349.0,565.8,1.0,4.62,,201.0,,0.78,0.48,18.54,,2026-07-28T13:27:17.492Z
batch-06-031,402.36,486.1,21.61,14.63,67.76,,4.04,115.8,320.2,2.95,257.8,605.78,,2.33,,,,,,,,2026-07-28T13:27:17.493Z
batch-06-032,375.98,582.2,22.86,23.82,72.62,,4.72,470.8,412.4,21.1,254.0,1669.6,2.16,4.48,,280.2,,0.87,,13.32,,2026-07-28T13:27:17.493Z
batch-06-033,398.18,457.0,19.78,14.82,64.5,,2.72,235.2,699.6,10.3,48.4,1578.08,3.232,4.72,,,,0.882,0.464,,,2026-07-28T13:27:17.493Z
batch-06-034,391.58,489.0,36.84,13.58,51.98,7.13,6.02,373.0,392.8,5.24,503.7,434.47,0.332,2.7,,180.0,,0.486,,,70.4,2026-07-28T13:27:17.493Z
batch-06-035,423.975,382.85,26.245,3.79,58.24,,2.75,143.45,754.5,8.48,58.0,624.93,0.33,2.455,,,,0.845,0.205,,,2026-07-28T13:27:17.493Z
batch-06-036,403.39,509.1,25.57,17.01,62.53,,6.5,403.9,374.95,3.16,523.3,425.14,0.745,3.345,,,,0.636,0.23,3.365,,2026-07-28T13:27:17.493Z
batch-06-037,376.075,511.55,20.74,9.665,83.79,10.035,8.865,1034.0,919.2,8.175,255.6,1033.325,0.405,2.305,,,,,0.415,5.16,22.0,2026-07-28T13:27:17.493Z
batch-06-038,412.99,421.3,26.28,7.365,61.605,6.91,6.76,244.0,468.25,4.29,344.5,401.74,0.83,4.04,,,,,,,,2026-07-28T13:27:17.493Z
batch-06-039,411.185,442.0,23.115,8.745,66.055,,5.68,274.85,311.9,1.93,678.45,513.1,0.635,2.795,,,,,,,,2026-07-28T13:27:17.493Z
batch-06-040,394.83,510.65,37.59,10.195,63.17,21.21,5.655,116.1,334.8,4.305,205.2,208.965,,,,2864.2,,0.704,0.01,7.205,26.4,2026-07-28T13:27:17.494Z
batch-06-041,418.925,499.25,17.235,20.045,63.455,10.635,5.34,646.85,386.1,22.895,125.35,1059.99,1.076,2.335,,188.8,,0.855,,13.04,,2026-07-28T13:27:17.494Z
batch-06-042,382.835,481.3,21.66,20.44,55.36,9.0,4.705,377.6,419.4,2.83,391.5,520.55,0.66,2.86,,,,0.471,,12.05,70.4,2026-07-28T13:27:17.494Z
batch-06-043,417.95,430.1,17.585,2.265,84.35,,2.85,224.9,685.25,10.635,14.4,694.45,0.587,3.625,,,,1.035,0.206,,,2026-07-28T13:27:17.494Z
batch-06-044,404.005,523.5,19.94,13.03,81.575,12.655,6.45,525.4,373.8,5.82,386.2,519.99,0.917,4.175,,,,0.731,0.306,2.925,,2026-07-28T13:27:17.494Z
batch-06-045,394.13,485.9,19.505,2.235,96.41,10.515,6.78,676.25,685.1,7.4,212.45,832.165,1.09,6.675,,,,,0.502,6.4,,2026-07-28T13:27:17.494Z
batch-06-046,414.805,431.75,19.87,2.655,82.035,10.14,5.635,84.1,441.55,3.3,85.8,1281.04,1.42,5.755,,,,0.951,0.517,,,2026-07-28T13:27:17.494Z
batch-06-047,376.015,548.4,34.035,16.535,62.4,10.54,5.53,302.8,474.4,1.235,386.0,470.995,0.55,2.31,,106.85,,0.911,0.175,12.27,44.0,2026-07-28T13:27:17.494Z
batch-06-048,385.9,506.9,22.74,16.075,66.095,21.21,4.63,180.1,242.8,4.945,162.8,151.44,,3.38,,2822.2,,0.701,0.27,9.37,,2026-07-28T13:27:17.494Z
batch-06-049,404.48,514.95,22.895,17.495,65.67,,4.46,475.2,361.0,19.085,239.4,1172.85,,1.525,,,,,,,,2026-07-28T13:27:17.495Z
batch-06-050,411.96,387.65,22.73,7.67,59.055,,3.585,120.25,785.8,10.485,148.85,918.99,1.415,5.305,,,,1.006,0.04,,,2026-07-28T13:27:17.495Z
batch-06-051,374.65,507.8,22.015,7.79,88.065,13.26,6.54,692.0,656.7,6.075,232.35,1649.3,2.76,2.605,,,,,0.7,3.885,,2026-07-28T13:27:17.495Z
batch-06-052,214.45,179.5,4.65,12.25,15.55,,3.1,135.0,120.0,1.45,43.0,716.0,0.31,1.2,,293.5,,0.115,0.22,1.7,19.5,2026-07-28T13:27:17.495Z
batch-06-053,218.65,125.5,6.75,2.8,18.4,5.25,3.4,132.0,102.0,0.55,41.5,320.0,0.01,0.6,,148.0,,0.235,0.115,0.95,33.0,2026-07-28T13:27:17.495Z
batch-06-054,127.2,271.2,4.32,0.64,66.16,4.96,1.68,40.0,54.4,2.44,30.8,293.16,,,,94.8,240.0,0.016,,1.0,18.0,2026-07-28T13:27:17.495Z
batch-06-055,137.36,159.0,2.2,0.44,38.66,4.86,1.34,42.8,59.4,1.46,10.8,547.4,0.26,0.68,,0.0,0.0,0.09,0.63,2.14,10.6,2026-07-28T13:27:17.495Z
batch-06-056,123.64,172.6,6.11,0.93,38.1,2.02,1.22,87.2,105.7,2.21,3.0,196.9,0.255,0.87,,,,0.16,0.045,0.52,,2026-07-28T13:27:17.495Z
batch-06-057,121.96,142.4,6.9,0.8,29.12,3.5,1.22,103.4,114.0,2.78,4.6,418.6,0.262,1.1,,,,0.13,0.048,1.22,,2026-07-28T13:27:17.495Z
batch-06-058,123.2,248.0,6.2,1.0,57.9,4.5,3.5,25.0,124.0,1.7,7.0,431.3,246.8,2.3,,294.0,555.0,0.22,0.1,1.7,7.0,2026-07-28T13:27:17.495Z
batch-06-059,187.01,201.1,2.31,9.99,28.35,,2.34,15.0,63.6,1.51,11.0,584.2,0.46,0.84,,283.5,270.0,0.299,0.12,2.06,19.5,2026-07-28T13:27:17.495Z
batch-06-060,150.9,127.8,8.58,5.34,13.02,4.26,2.16,147.0,129.6,2.82,5.4,57.72,0.054,0.78,,110.4,,0.162,0.156,0.6,26.4,2026-07-28T13:27:17.495Z
batch-07-001,207.33,477.9,12.54,4.32,101.86,7.08,10.45,166.5,235.2,5.61,16.3,1678.7,0.616,2.85,,,,0.38,0.412,140.59,,2026-07-28T13:33:26.632Z
batch-07-002,246.78,327.2,9.4,1.85,69.31,5.05,2.66,187.2,328.5,4.14,29.8,1217.5,191.816,1.8,,329.0,,0.145,0.074,3.66,,2026-07-28T13:33:26.633Z
batch-07-003,251.87,300.9,11.11,1.13,63.03,2.77,2.96,427.0,238.6,5.2,20.4,789.41,0.79,5.03,,,,0.243,0.156,3.01,,2026-07-28T13:33:26.633Z
batch-07-004,254.64,311.0,10.71,7.45,54.0,3.13,3.2,272.7,271.5,5.13,23.1,891.56,0.472,2.04,,141.0,55.0,0.103,1.102,1.3,36.0,2026-07-28T13:33:26.633Z
batch-07-005,247.1,323.6,9.05,1.85,68.6,7.42,3.3,119.0,236.0,2.7,22.7,1133.0,0.79,2.86,,1238.1,,0.1,0.706,12.36,,2026-07-28T13:33:26.633Z
batch-07-006,292.1,313.0,6.83,4.49,62.06,,4.52,232.0,189.6,1.91,63.15,492.58,63.635,20.04,,17.0,,0.114,0.27,1.0,60.0,2026-07-28T13:33:26.633Z
batch-07-007,228.27,400.9,11.16,1.53,86.78,8.07,2.26,225.0,183.6,4.0,16.4,602.31,1.19,5.13,,,,0.128,0.166,3.31,,2026-07-28T13:33:26.633Z
batch-07-008,176.52,430.8,16.74,4.56,86.92,6.54,9.76,141.0,289.2,5.22,11.8,878.96,0.556,2.58,,,,0.44,0.262,137.98,,2026-07-28T13:33:26.633Z
batch-07-009,207.12,380.0,13.06,5.6,72.04,4.54,2.18,156.6,463.2,4.14,26.8,409.18,191.636,6.78,,1310.6,,0.196,0.194,5.1,,2026-07-28T13:33:26.634Z
batch-07-010,292.1,271.8,12.1,1.02,52.3,,2.58,472.0,265.0,1.9,395.0,,,,0.0,,,0.24,,,6.0,2026-07-28T13:33:26.634Z
batch-07-011,251.75,294.6,9.7,1.05,63.2,10.87,4.3,83.0,220.0,2.7,27.2,1304.3,1.04,2.71,,150.6,,0.52,0.066,11.71,,2026-07-28T13:33:26.634Z
batch-07-012,212.28,366.4,11.44,8.28,63.54,14.32,4.36,197.4,283.0,4.14,36.6,767.96,0.432,2.16,,0.0,0.0,0.352,0.692,2.46,1.0,2026-07-28T13:33:26.634Z
batch-07-013,316.55,332.5,7.55,4.85,65.6,,5.45,239.5,234.0,2.3,72.45,1320.4,63.815,21.15,,17.0,,0.21,0.3,3.85,61.5,2026-07-28T13:33:26.634Z
batch-07-014,245.43,326.9,11.29,1.07,69.51,8.83,2.7,212.0,219.2,4.36,16.8,853.25,0.466,1.45,,,,0.415,0.102,1.39,,2026-07-28T13:33:26.634Z
batch-07-015,232.62,376.4,11.96,4.33,77.43,5.57,10.16,178.0,252.1,5.1,20.4,1482.36,1.04,5.48,,,,0.153,0.326,139.66,,2026-07-28T13:33:26.634Z
batch-07-016,381.1,517.0,38.52,11.62,64.3,,4.46,550.8,433.0,12.32,181.95,1118.52,63.948,21.22,,3614.0,,0.23,,,66.0,2026-07-28T13:33:26.634Z
batch-07-017,412.43,392.7,31.69,4.3,57.42,,4.16,225.9,465.8,8.2,92.15,1653.3,64.14,20.85,,,4115.4,0.262,0.89,7.13,92.0,2026-07-28T13:33:26.634Z
batch-07-018,406.76,426.6,22.42,6.28,71.34,,3.2,116.2,299.5,5.28,234.35,892.0,63.91,20.65,,,,0.25,0.32,5.99,,2026-07-28T13:33:26.634Z
batch-07-019,386.3,461.0,25.32,10.82,70.54,,7.1,856.0,844.6,11.24,107.15,777.84,64.22,22.1,,,6896.0,0.246,0.28,4.94,66.0,2026-07-28T13:33:26.635Z
batch-07-020,406.88,427.8,21.84,6.75,70.29,,4.24,315.6,329.7,6.14,337.15,508.4,63.8,20.72,,,,,,,,2026-07-28T13:33:26.635Z
batch-07-021,414.57,405.4,21.11,6.85,64.57,,2.9,235.1,361.4,4.02,355.05,693.88,64.15,22.61,,,,,,,,2026-07-28T13:33:26.635Z
batch-07-022,387.9,515.0,38.48,9.14,66.66,,4.22,113.6,285.4,4.44,77.95,566.12,,,,66.8,,0.562,0.26,9.26,60.0,2026-07-28T13:33:26.635Z
batch-07-023,428.4,386.8,18.46,10.08,57.8,,5.26,704.2,378.6,11.66,58.95,1093.88,64.07,21.68,,4086.0,12980.0,0.292,0.7,3.42,264.0,2026-07-28T13:33:26.635Z
batch-07-024,373.37,544.2,20.6,20.86,72.52,,2.65,197.2,378.4,4.18,35.15,858.94,64.38,21.36,,,,0.24,0.53,6.32,70.0,2026-07-28T13:33:26.635Z
batch-07-025,412.5,417.8,18.66,2.88,82.7,,3.26,595.2,435.6,11.86,51.95,1236.08,64.21,21.88,,,,0.362,0.49,4.02,,2026-07-28T13:33:26.635Z
batch-07-026,400.44,465.0,22.4,2.66,90.16,,4.34,318.0,349.4,9.08,41.15,1661.0,64.29,21.72,,9548.0,,0.35,1.0,7.32,,2026-07-28T13:33:26.635Z
batch-07-027,417.1,397.8,16.86,2.28,80.5,,3.26,242.2,362.6,9.76,100.95,750.38,64.74,26.48,,,,0.272,0.37,6.82,,2026-07-28T13:33:26.635Z
batch-07-028,393.04,478.0,22.4,2.16,97.36,,5.04,380.0,552.4,7.88,57.15,1618.4,64.82,22.92,,3264.0,,0.23,0.39,17.42,,2026-07-28T13:33:26.636Z
batch-07-029,382.52,503.4,33.9,15.72,55.5,,2.98,280.8,561.0,4.1,86.35,538.22,63.74,20.3,,37.8,824.8,0.234,0.06,4.14,76.0,2026-07-28T13:33:26.636Z
batch-07-030,376.7,523.0,22.4,15.55,72.61,,2.74,205.0,228.4,5.15,32.95,427.0,64.22,23.72,,98.0,,0.2,0.4,11.84,,2026-07-28T13:33:26.636Z
batch-07-031,415.76,398.1,21.51,7.03,62.76,,2.94,89.8,287.2,2.85,141.75,752.78,,21.23,,,,,,,,2026-07-28T13:33:26.636Z
batch-07-032,387.78,460.2,25.16,8.02,74.22,,4.82,570.8,351.4,10.2,191.95,1453.6,64.9,22.98,,4089.2,,0.43,0.612,5.02,264.0,2026-07-28T13:33:26.636Z
batch-07-033,396.58,435.0,19.88,8.42,72.3,,2.82,249.2,320.6,5.2,60.35,1405.08,66.532,22.02,,,,0.342,0.444,3.58,,2026-07-28T13:33:26.636Z
batch-07-034,386.89,505.95,40.73,10.67,61.165,13.43,5.545,230.2,414.05,10.93,175.7,1808.505,0.88,2.875,,10509.6,,0.437,,,66.2,2026-07-28T13:33:26.636Z
batch-07-035,414.115,410.25,24.745,3.13,70.22,10.02,2.79,153.25,350.3,6.4,141.4,996.83,0.43,1.455,,,,0.351,0.445,6.535,361.0,2026-07-28T13:33:26.636Z
batch-07-036,405.19,433.1,28.91,6.45,69.45,,5.0,330.1,575.75,6.14,195.3,824.32,0.845,2.345,,,,0.23,0.25,4.265,,2026-07-28T13:33:26.636Z
batch-07-037,397.895,457.55,17.26,9.445,75.75,8.855,4.725,592.8,512.8,7.195,110.2,568.345,0.285,2.405,,,,0.339,0.215,5.84,48.6,2026-07-28T13:33:26.636Z
batch-07-038,414.57,420.1,20.16,6.045,70.285,19.37,3.94,253.8,330.25,5.07,287.1,737.56,0.842,4.14,,,,,,,,2026-07-28T13:33:26.636Z
batch-07-039,411.885,436.4,20.735,6.105,73.195,,3.08,205.45,250.9,2.93,332.85,769.5,0.515,2.235,,,,,,,,2026-07-28T13:33:26.636Z
batch-07-040,398.39,485.25,39.39,8.875,58.65,11.23,5.695,546.1,368.4,9.485,121.4,1201.265,,,,4543.4,,0.452,0.536,8.325,255.4,2026-07-28T13:33:26.637Z
batch-07-041,424.245,429.85,15.735,9.045,72.355,10.335,3.62,287.05,314.1,5.415,30.55,596.99,0.516,2.215,,110.2,,0.273,0.434,4.26,42.0,2026-07-28T13:33:26.637Z
batch-07-042,387.605,491.7,21.5,19.94,62.84,9.92,3.115,557.0,512.2,10.07,63.3,1397.21,1.06,2.96,,,,0.317,0.795,5.33,37.6,2026-07-28T13:33:26.637Z
batch-07-043,400.83,483.9,22.685,2.265,95.01,15.79,4.21,316.1,338.25,9.655,45.0,1803.79,0.907,2.845,,,,0.541,1.106,7.66,,2026-07-28T13:33:26.637Z
batch-07-044,419.445,410.1,15.58,1.81,84.975,13.455,3.19,198.6,321.6,8.14,102.2,1125.09,0.797,2.955,,1890.0,,0.457,0.326,4.485,,2026-07-28T13:33:26.637Z
batch-07-045,399.01,475.9,24.165,2.455,94.53,10.875,4.84,492.45,555.9,9.5,60.45,571.345,1.41,7.215,,,,0.229,0.522,7.3,,2026-07-28T13:33:26.637Z
batch-07-046,421.225,406.35,14.19,1.555,84.995,11.82,3.035,104.9,321.15,4.96,72.4,1489.26,1.08,3.875,,57.8,,0.347,0.097,15.48,,2026-07-28T13:33:26.637Z
batch-07-047,374.515,553.8,31.215,13.895,72.62,19.26,2.49,257.6,457.4,2.235,40.4,641.815,0.562,3.07,,116.25,,0.285,0.195,5.69,70.6,2026-07-28T13:33:26.637Z
batch-07-048,391.88,474.9,21.24,14.315,64.435,27.07,3.13,132.7,203.8,4.845,37.2,636.64,0.8,3.92,,31.0,,0.691,0.444,10.05,,2026-07-28T13:33:26.638Z
batch-07-049,408.7,445.55,24.035,6.715,71.27,,4.28,566.4,291.2,7.105,173.2,1258.75,,1.625,,,,,,,,2026-07-28T13:33:26.638Z
batch-07-050,401.44,428.25,21.45,7.23,71.475,11.55,3.405,116.85,366.2,4.885,164.05,1052.19,1.515,4.085,,113.2,,0.424,0.126,3.535,42.0,2026-07-28T13:33:26.638Z
batch-07-051,393.39,460.4,21.395,8.23,78.925,11.2,3.06,649.0,380.1,10.155,78.15,1793.94,2.86,2.925,,,,0.391,0.94,5.005,,2026-07-28T13:33:26.638Z
batch-07-052,222.85,107.5,4.5,3.25,16.45,,2.95,162.0,130.5,1.3,42.925,363.5,95.26,28.95,,13.0,,0.085,0.1,0.35,90.0,2026-07-28T13:33:26.638Z
batch-07-053,214.75,143.5,4.5,2.8,25.15,8.1,2.8,133.5,109.5,0.4,44.5,417.5,0.16,0.75,,23.5,,0.22,0.145,0.65,46.5,2026-07-28T13:33:26.638Z
batch-07-054,124.8,292.8,3.72,3.76,65.44,5.08,10.08,24.4,71.2,2.2,2.0,721.92,0.2,0.52,,175.2,210.0,0.136,0.308,164.2,63.6,2026-07-28T13:33:26.638Z
batch-07-055,135.56,176.0,1.7,0.84,40.76,1.46,1.14,57.8,188.4,1.86,24.8,491.1,191.46,0.78,0.0,329.0,0.0,0.06,0.49,3.14,131.6,2026-07-28T13:33:26.638Z
batch-07-056,133.72,146.2,6.11,1.65,27.18,5.14,1.22,95.6,106.9,2.45,11.4,432.7,0.135,1.23,,,,0.124,0.645,1.48,,2026-07-28T13:33:26.638Z
batch-07-057,124.96,137.4,6.3,0.7,26.92,2.8,1.22,306.4,104.0,2.48,4.6,445.2,0.162,0.9,,,,0.16,0.068,0.42,,2026-07-28T13:33:26.638Z
batch-07-058,142.2,181.0,5.7,0.9,40.0,2.8,1.2,48.0,122.0,1.6,6.0,114.3,0.3,1.0,,286.0,280.0,0.17,0.01,0.8,33.0,2026-07-28T13:33:26.638Z
batch-07-059,195.41,129.1,2.16,0.99,29.25,,2.19,42.0,74.1,1.36,10.925,231.7,95.41,28.59,,3.0,90.0,0.269,0.0,0.71,90.0,2026-07-28T13:33:26.639Z
batch-07-060,147.78,142.2,6.78,5.34,18.42,6.54,1.68,148.2,135.6,2.7,7.8,135.72,0.174,0.9,,10.8,,0.15,0.18,0.36,37.2,2026-07-28T13:33:26.639Z
batch-08-001,214.13,463.9,13.54,3.82,94.66,8.18,3.85,349.5,421.2,5.91,24.3,2093.3,308.916,2.95,,,,0.35,0.292,4.49,,2026-07-28T13:38:43.326Z
batch-08-002,247.38,315.2,9.6,1.35,69.11,6.35,2.56,163.2,210.5,3.84,16.8,1253.8,,,,329.0,,0.155,0.134,1.86,,2026-07-28T13:38:43.326Z
batch-08-003,244.77,319.9,11.41,1.03,69.83,9.77,2.96,218.0,274.6,5.5,40.4,787.91,0.89,5.13,,,,0.143,0.236,4.11,,2026-07-28T13:38:43.326Z
batch-08-004,248.44,333.0,10.91,7.55,59.7,5.63,3.4,260.7,295.5,4.53,42.1,904.56,0.372,2.44,,53.0,18.0,1.103,1.152,2.5,119.0,2026-07-28T13:38:43.326Z
batch-08-005,243.1,331.6,8.95,1.45,73.5,5.42,3.0,110.0,222.0,2.7,27.7,1009.8,,,,2842.1,,0.1,0.206,13.46,,2026-07-28T13:38:43.326Z
batch-08-006,274.7,374.0,7.43,4.19,79.16,3.22,4.52,225.0,177.6,1.61,64.2,700.48,0.235,1.24,,2548.0,,0.114,0.36,1.6,56.0,2026-07-28T13:38:43.326Z
batch-08-007,231.07,383.9,11.16,1.63,83.58,4.27,2.56,249.0,193.6,4.2,18.4,1041.41,170.39,5.23,,,,0.078,0.166,3.21,,2026-07-28T13:38:43.327Z
batch-08-008,183.32,416.8,17.74,4.06,79.72,7.64,3.16,324.0,475.2,5.52,19.8,1293.56,308.856,2.68,,,,0.41,0.142,1.88,,2026-07-28T13:38:43.327Z
batch-08-009,207.72,368.0,13.26,5.1,71.84,5.84,2.08,132.6,345.2,3.84,13.8,445.48,,,,1310.6,,0.206,0.254,3.3,,2026-07-28T13:38:43.327Z
batch-08-010,285.0,290.8,12.4,0.92,59.1,,2.58,263.0,301.0,2.2,415.0,,,,,,,0.14,,,18.0,2026-07-28T13:38:43.327Z
batch-08-011,245.55,316.6,9.9,1.15,68.9,13.37,4.5,71.0,244.0,2.1,46.2,1317.3,0.94,3.11,,62.6,,1.52,0.116,12.91,,2026-07-28T13:38:43.327Z
batch-08-012,208.28,374.4,11.34,7.88,68.44,12.32,4.06,188.4,269.0,4.14,41.6,644.76,,,,1604.0,25.0,0.352,0.192,3.56,197.0,2026-07-28T13:38:43.327Z
batch-08-013,299.15,393.5,8.15,4.55,82.7,3.4,5.45,232.5,222.0,2.0,73.5,1528.3,0.415,2.35,,2548.0,,0.21,0.39,4.45,57.5,2026-07-28T13:38:43.327Z
batch-08-014,248.23,309.9,11.29,1.17,66.31,5.03,3.0,236.0,229.2,4.56,18.8,1292.35,169.666,1.55,,,,0.365,0.102,1.29,,2026-07-28T13:38:43.327Z
batch-08-015,239.42,362.4,12.96,3.83,70.23,6.67,3.56,361.0,438.1,5.4,28.4,1896.96,309.34,5.58,,,,0.123,0.206,3.56,,2026-07-28T13:38:43.327Z
batch-08-016,354.5,616.0,39.32,11.92,86.8,6.54,7.46,1183.8,397.0,19.62,185.0,674.02,0.748,3.62,,17183.0,,0.57,,,180.0,2026-07-28T13:38:43.327Z
batch-08-017,390.83,467.7,27.49,3.4,84.32,7.46,3.96,156.9,399.8,4.9,119.2,1409.6,0.74,2.85,,,1263.4,0.142,0.28,4.93,76.0,2026-07-28T13:38:43.328Z
batch-08-018,382.56,511.6,25.82,6.38,92.24,,3.0,269.2,283.5,2.38,171.4,1008.9,0.45,2.05,,,,0.19,1.01,10.59,,2026-07-28T13:38:43.328Z
batch-08-019,369.9,534.0,22.12,10.32,90.04,5.86,7.7,1157.0,740.6,14.74,72.2,1538.54,0.58,4.3,,,1480.0,0.226,0.73,6.54,102.0,2026-07-28T13:38:43.328Z
batch-08-020,381.28,534.8,24.84,8.25,91.39,8.74,4.24,326.6,297.7,5.64,350.2,692.9,0.6,2.92,,,,,,,,2026-07-28T13:38:43.328Z
batch-08-021,399.77,446.4,23.91,7.15,75.07,,4.1,446.1,379.4,6.52,386.1,1283.98,0.53,4.61,,,,,,,,2026-07-28T13:38:43.328Z
batch-08-022,364.5,586.0,40.08,10.04,84.76,4.74,7.02,800.6,683.4,26.94,83.0,1028.62,,,,11979.8,,0.182,0.49,10.26,58.0,2026-07-28T13:38:43.328Z
batch-08-023,388.6,509.8,27.26,11.18,86.7,5.36,6.26,723.2,486.6,12.56,58.0,1386.38,1.03,5.08,,20837.0,21258.0,0.112,0.95,7.22,384.0,2026-07-28T13:38:43.328Z
batch-08-024,353.48,555.6,20.4,18.16,84.64,6.58,3.32,390.6,337.4,6.58,52.2,1352.62,0.8,4.94,,,,0.23,0.89,6.82,62.0,2026-07-28T13:38:43.328Z
batch-08-025,359.9,618.8,25.26,4.78,121.2,21.26,8.86,2342.2,391.6,17.16,137.0,1267.58,0.81,3.88,,,,0.902,0.38,11.82,,2026-07-28T13:38:43.328Z
batch-08-026,380.64,540.0,19.4,3.16,110.46,10.04,6.34,1235.0,357.4,17.78,50.2,727.5,0.89,3.92,,17183.0,,0.59,0.49,4.72,,2026-07-28T13:38:43.328Z
batch-08-027,388.9,496.8,18.66,1.98,106.2,8.36,4.26,247.2,348.6,7.46,80.0,1177.08,1.54,8.68,,,,0.152,0.36,6.42,,2026-07-28T13:38:43.329Z
batch-08-028,381.24,529.0,18.8,1.66,115.06,9.34,3.24,303.0,306.4,4.38,34.2,1922.5,1.16,4.12,,4089.0,,0.29,1.08,22.62,,2026-07-28T13:38:43.329Z
batch-08-029,350.72,616.4,38.1,15.62,80.6,5.46,5.58,815.8,709.0,10.4,45.4,1484.52,0.5,2.9,,8118.8,1232.8,0.194,0.71,5.94,102.0,2026-07-28T13:38:43.329Z
batch-08-030,355.5,608.0,25.8,17.25,88.51,8.74,2.94,226.0,212.4,5.45,86.0,495.5,0.7,4.12,,4933.0,,1.16,0.53,12.04,,2026-07-28T13:38:43.329Z
batch-08-031,392.36,469.1,23.11,7.93,80.86,,5.74,776.8,685.2,25.35,146.8,1215.28,,4.03,,,,,,,,2026-07-28T13:38:43.329Z
batch-08-032,347.98,583.2,33.96,9.12,103.12,6.42,5.82,589.8,459.4,11.1,191.0,1746.1,1.86,6.38,,20840.2,,0.25,0.862,8.82,384.0,2026-07-28T13:38:43.329Z
batch-08-033,344.78,624.0,28.48,10.92,107.0,22.5,8.82,2366.2,386.6,16.1,165.4,1834.98,3.132,4.22,,,,0.862,0.674,11.58,,2026-07-28T13:38:43.329Z
batch-08-034,385.07,504.35,35.45,10.11,68.745,7.65,5.625,186.0,364.65,7.83,206.3,1750.845,170.08,3.855,,0.0,501.5,0.255,,,53.0,2026-07-28T13:38:43.329Z
batch-08-035,409.435,419.65,27.825,3.67,71.2,6.0,2.87,353.25,355.9,3.74,73.0,1335.83,169.564,1.775,,,,0.235,1.105,10.835,55.2,2026-07-28T13:38:43.329Z
batch-08-036,409.09,429.3,24.73,6.33,68.89,,5.96,692.9,484.55,10.52,157.7,1871.5,169.781,3.545,,,,0.158,0.646,5.265,,2026-07-28T13:38:43.329Z
batch-08-037,391.675,491.15,19.9,11.525,76.95,9.455,5.025,636.6,500.8,7.175,125.4,981.705,169.705,3.605,,,,1.323,0.259,5.74,33.2,2026-07-28T13:38:43.329Z
batch-08-038,420.23,381.1,22.58,6.805,59.825,4.57,5.56,517.6,373.25,8.35,322.1,1597.08,169.8,5.12,,,,,,,,2026-07-28T13:38:43.329Z
batch-08-039,408.085,430.4,21.835,7.525,71.095,,6.46,992.85,711.9,28.21,339.25,1488.66,170.177,4.095,,,,,,,,2026-07-28T13:38:43.330Z
batch-08-040,376.55,536.45,48.41,10.515,68.43,5.23,7.095,598.7,510.4,11.005,121.2,1733.425,,,,20176.4,22464.0,0.204,0.712,11.745,391.8,2026-07-28T13:38:43.330Z
batch-08-041,417.805,441.45,18.155,10.465,70.915,6.755,7.66,1422.05,418.7,20.135,56.75,756.69,169.936,3.855,,16115.0,,0.575,0.588,3.28,167.4,2026-07-28T13:38:43.330Z
batch-08-042,387.215,436.7,18.62,17.02,58.42,6.44,3.725,396.0,372.8,7.11,61.1,1718.09,170.07,5.48,,,9639.1,0.279,0.723,4.93,37.6,2026-07-28T13:38:43.330Z
batch-08-043,372.39,594.5,25.105,5.005,112.93,22.33,9.57,2581.9,361.45,17.555,146.0,1510.95,169.887,3.605,,,,0.975,0.446,13.06,,2026-07-28T13:38:43.330Z
batch-08-044,410.365,434.9,16.9,1.91,91.235,10.975,4.59,235.8,329.4,6.14,80.0,1804.87,170.217,4.155,,0.0,,0.275,0.216,3.285,,2026-07-28T13:38:43.330Z
batch-08-045,407.97,447.9,19.545,2.335,91.99,6.855,3.16,439.45,308.5,6.18,36.05,1116.265,170.324,7.315,,,,0.245,1.182,12.26,,2026-07-28T13:38:43.330Z
batch-08-046,408.185,446.55,18.15,1.875,90.595,8.68,6.195,725.1,507.15,12.42,28.2,2740.6,170.456,5.515,,6153.8,,0.253,0.713,16.7,,2026-07-28T13:38:43.330Z
batch-08-047,373.135,563.2,34.295,16.195,68.1,9.08,3.01,312.4,463.0,3.095,99.6,927.575,169.63,2.29,,2641.65,,1.291,0.239,5.15,33.2,2026-07-28T13:38:43.330Z
batch-08-048,388.08,468.9,22.34,15.735,62.335,4.79,6.51,920.1,664.8,30.125,43.6,1355.8,170.462,5.78,,10342.2,,0.223,0.598,10.39,,2026-07-28T13:38:43.331Z
batch-08-049,386.86,496.75,33.055,8.355,81.05,,5.68,619.0,433.2,8.625,173.0,1790.91,,4.145,,,,,,,,2026-07-28T13:38:43.331Z
batch-08-050,366.4,552.05,30.25,10.41,87.635,21.17,10.305,2477.25,462.0,17.405,280.45,1735.49,170.715,5.285,,7188.2,,0.946,0.28,11.575,79.4,2026-07-28T13:38:43.331Z
batch-08-051,386.07,485.2,21.615,8.99,81.665,10.26,6.66,1377.0,363.7,18.715,82.35,1515.4,172.28,4.345,,,,0.715,0.72,3.805,,2026-07-28T13:38:43.331Z
batch-08-052,196.75,199.0,5.4,2.8,42.1,2.85,2.95,151.5,112.5,0.85,44.5,675.35,0.16,0.75,,3809.5,,0.085,0.235,1.25,84.0,2026-07-28T13:38:43.331Z
batch-08-053,218.95,118.0,4.5,2.95,20.35,2.4,3.25,169.5,124.5,0.7,47.5,1076.15,253.96,0.9,,10.0,,0.145,0.145,0.5,46.5,2026-07-28T13:38:43.331Z
batch-08-054,132.96,276.0,4.92,3.16,56.8,6.4,2.16,244.0,294.4,2.56,11.6,1219.44,370.16,0.64,,118.8,,0.1,0.164,0.88,3.6,2026-07-28T13:38:43.331Z
batch-08-055,136.16,164.0,1.9,0.34,40.56,2.76,1.04,33.8,70.4,1.56,11.8,527.4,,,,329.0,1020.0,0.07,0.55,1.34,112.6,2026-07-28T13:38:43.331Z
batch-08-056,129.16,152.2,6.23,0.81,32.58,6.7,1.22,117.2,123.7,2.09,27.0,279.1,0.135,1.35,,,,1.324,0.117,1.96,,2026-07-28T13:38:43.331Z
batch-08-057,120.46,150.4,6.7,1.2,30.62,3.3,1.02,90.4,103.0,2.18,15.6,294.4,,,,1604.0,,0.08,0.048,2.42,,2026-07-28T13:38:43.331Z
batch-08-058,136.5,210.0,6.0,1.6,44.3,0.8,1.6,12.0,135.0,1.8,22.9,588.9,0.3,1.2,,145.0,,0.21,0.02,1.3,4.0,2026-07-28T13:38:43.331Z
batch-08-059,169.31,220.6,3.06,0.54,54.9,6.13,2.19,31.5,56.1,0.91,12.5,543.55,0.31,0.39,,3799.5,1827.0,0.269,0.135,1.61,84.0,2026-07-28T13:38:43.332Z
batch-08-060,151.14,121.8,6.78,5.46,14.58,1.98,2.04,177.0,147.6,2.94,10.2,662.64,203.214,1.02,,0.0,504.0,0.09,0.18,0.24,37.2,2026-07-28T13:38:43.332Z
batch-09-001,208.83,476.9,11.04,1.42,105.96,15.38,2.75,179.5,214.2,5.31,85.3,1238.7,0.516,2.55,,,,0.35,0.222,4.69,,2026-07-28T13:44:23.201Z
batch-09-002,245.18,333.2,9.6,1.75,70.91,10.65,2.56,165.2,201.5,3.04,14.8,1140.8,0.616,1.6,,932.0,,0.275,0.084,1.66,,2026-07-28T13:44:23.201Z
batch-09-003,249.77,335.9,12.41,1.23,63.93,3.47,2.66,229.0,262.6,5.7,21.4,649.11,0.89,5.23,,,,0.183,0.176,4.51,,2026-07-28T13:44:23.201Z
batch-09-004,253.04,316.0,10.71,7.45,55.5,2.73,3.3,242.7,264.5,4.53,24.1,885.16,0.372,2.04,,113.0,16400.0,0.163,1.102,1.5,33.0,2026-07-28T13:44:23.201Z
batch-09-005,242.7,330.6,8.75,1.05,74.4,6.52,3.1,120.0,219.0,2.9,18.7,1020.1,0.89,2.56,,1398.1,,0.16,0.226,11.86,,2026-07-28T13:44:23.201Z
batch-09-006,288.7,324.0,7.03,4.19,65.66,3.02,4.42,214.0,186.6,1.21,63.2,538.18,0.135,1.24,,333.0,,0.164,0.28,1.2,58.0,2026-07-28T13:44:23.202Z
batch-09-007,228.17,402.9,12.76,1.73,85.08,8.47,2.26,225.0,183.6,4.0,16.4,602.31,1.19,5.13,,,,0.188,0.146,3.41,,2026-07-28T13:44:23.202Z
batch-09-008,178.02,429.8,15.24,1.66,91.02,14.84,2.06,154.0,268.2,4.92,80.8,438.96,0.456,2.28,,,,0.41,0.072,2.08,,2026-07-28T13:44:23.202Z
batch-09-009,205.52,386.0,13.26,5.5,73.64,10.14,2.08,134.6,336.2,3.04,11.8,332.48,0.436,6.58,,1913.6,,0.326,0.204,3.1,,2026-07-28T13:44:23.202Z
batch-09-010,290.0,306.8,13.4,1.12,53.2,,2.28,274.0,289.0,2.4,396.0,,,,,,,0.18,,,5.0,2026-07-28T13:44:23.202Z
batch-09-011,250.15,299.6,9.7,1.05,64.7,10.47,4.4,53.0,213.0,2.1,28.2,1297.9,0.94,2.71,,122.6,,0.58,0.066,11.91,,2026-07-28T13:44:23.203Z
batch-09-012,207.88,373.4,11.14,7.48,69.34,13.42,4.16,198.4,266.0,4.34,32.6,655.06,0.532,1.86,,160.0,3715.0,0.412,0.212,1.96,65.0,2026-07-28T13:44:23.203Z
batch-09-013,313.15,343.5,7.75,4.55,69.2,3.2,5.35,221.5,231.0,1.6,72.5,1366.0,0.315,2.35,,333.0,,0.26,0.31,4.05,59.5,2026-07-28T13:44:23.203Z
batch-09-014,245.33,328.9,12.89,1.27,67.81,9.23,2.7,212.0,219.2,4.36,16.8,853.25,0.466,1.45,,,,0.475,0.082,1.49,,2026-07-28T13:44:23.203Z
batch-09-015,234.12,375.4,10.46,1.43,81.53,13.87,2.46,191.0,231.1,4.8,89.4,1042.36,0.94,5.18,,,,0.123,0.136,3.76,,2026-07-28T13:44:23.203Z
batch-09-016,361.5,588.0,44.52,11.32,77.7,,4.96,400.8,408.0,17.62,156.0,619.72,0.848,3.62,,8280.0,,0.78,,,116.0,2026-07-28T13:44:23.203Z
batch-09-017,399.63,421.7,34.89,3.8,66.62,18.86,5.06,161.9,534.8,4.5,80.2,1351.7,,,,,2045.4,0.272,0.3,6.33,118.0,2026-07-28T13:44:23.203Z
batch-09-018,392.56,483.6,28.02,6.78,77.54,,5.3,712.2,338.5,5.98,166.4,1208.6,0.41,2.65,,,,1.14,0.73,13.59,,2026-07-28T13:44:23.203Z
batch-09-019,378.9,490.0,25.52,11.32,78.54,5.66,5.8,816.0,807.6,11.14,89.2,769.04,1.12,5.1,,,17688.0,0.276,0.29,7.34,66.0,2026-07-28T13:44:23.203Z
batch-09-020,386.88,502.8,25.44,8.25,81.69,8.74,7.74,459.6,360.7,10.44,391.2,535.8,2.1,2.92,,,,,,,,2026-07-28T13:44:23.203Z
batch-09-021,405.97,424.4,27.31,7.55,63.77,,5.4,465.1,506.4,9.72,381.1,1666.68,0.73,2.41,,,,,,,,2026-07-28T13:44:23.204Z
batch-09-022,356.7,628.0,42.68,9.04,91.26,8.14,6.72,681.6,316.4,9.54,84.0,291.72,,,,1868.8,,0.812,0.33,13.46,102.0,2026-07-28T13:44:23.204Z
batch-09-023,420.6,401.8,18.66,9.98,65.0,8.56,5.56,526.2,365.6,12.56,47.0,1761.28,0.73,2.88,,10396.0,2006.0,0.302,2.45,15.22,276.0,2026-07-28T13:44:23.204Z
batch-09-024,354.68,553.6,22.6,18.96,79.14,10.58,4.62,285.6,384.4,4.38,21.2,1630.72,1.0,2.94,,,,0.36,1.23,8.02,120.0,2026-07-28T13:44:23.204Z
batch-09-025,392.9,488.8,24.66,2.58,96.1,,3.76,445.2,410.6,17.16,26.0,737.28,1.11,4.28,,,,0.912,0.9,7.42,,2026-07-28T13:44:23.204Z
batch-09-026,387.64,494.0,25.6,2.16,99.36,22.24,5.24,254.0,418.4,5.38,29.2,1359.4,,,,2882.0,,0.36,0.41,6.52,,2026-07-28T13:44:23.204Z
batch-09-027,402.9,454.8,22.46,2.78,86.7,14.56,5.36,838.2,401.6,10.46,33.0,1066.98,1.24,8.48,,,,1.162,0.78,14.42,,2026-07-28T13:44:23.204Z
batch-09-028,385.64,507.0,22.6,2.66,105.36,8.54,3.74,340.0,515.4,7.78,39.2,1609.6,1.72,5.92,,8762.0,,0.26,0.4,19.82,,2026-07-28T13:44:23.204Z
batch-09-029,362.52,578.4,37.5,17.22,66.9,8.86,6.48,424.8,592.0,8.4,140.4,565.62,2.04,2.5,,20317.8,,1.024,0.27,3.94,90.0,2026-07-28T13:44:23.204Z
batch-09-030,368.1,542.0,28.6,16.25,71.81,7.74,5.24,435.0,373.4,10.85,59.0,1399.8,0.8,3.52,,2834.0,,0.49,0.81,13.44,,2026-07-28T13:44:23.204Z
batch-09-031,384.56,511.1,25.71,6.93,87.36,,5.44,657.8,318.2,7.95,147.8,478.38,,3.83,,,,,,,,2026-07-28T13:44:23.204Z
batch-09-032,379.98,475.2,25.36,7.92,81.42,9.62,5.12,392.8,338.4,11.1,180.0,2121.0,1.56,4.18,,10399.2,,0.44,2.362,16.82,276.0,2026-07-28T13:44:23.205Z
batch-09-033,382.18,478.0,23.88,9.32,79.7,12.5,4.92,353.2,361.6,5.7,48.4,2233.48,3.232,3.82,,,,0.472,1.194,5.58,,2026-07-28T13:44:23.205Z
batch-09-034,376.45,527.75,45.63,10.65,65.625,24.61,6.645,179.6,493.25,7.63,162.5,1426.585,,,,2830.4,,0.453,,,109.0,2026-07-28T13:44:23.205Z
batch-09-035,402.135,462.85,32.285,4.21,71.38,18.78,5.21,828.65,396.5,7.94,66.6,1294.93,0.43,2.335,,,,1.335,0.865,14.775,43.0,2026-07-28T13:44:23.205Z
batch-09-036,400.69,454.9,30.51,7.53,72.59,,3.68,305.9,538.35,6.8,175.5,764.48,1.285,4.325,,,,0.268,0.23,6.785,,2026-07-28T13:44:23.205Z
batch-09-037,379.535,529.95,22.6,11.625,82.63,13.875,8.685,771.0,550.2,12.695,169.6,548.325,2.265,3.505,,,,1.213,0.415,5.5,78.2,2026-07-28T13:44:23.205Z
batch-09-038,408.75,430.9,28.36,7.345,63.745,12.51,6.8,526.6,493.05,12.11,315.7,1757.48,0.93,2.6,,,,,,,,2026-07-28T13:44:23.205Z
batch-09-039,381.205,550.6,26.735,6.525,94.595,,5.94,850.05,288.3,9.31,339.45,417.5,1.395,3.775,,,,,,,,2026-07-28T13:44:23.205Z
batch-09-040,393.45,491.65,40.99,9.295,60.91,13.17,6.135,370.1,357.4,11.245,108.2,1885.245,,,,11137.8,,0.468,2.43,21.185,282.8,2026-07-28T13:44:23.205Z
batch-09-041,412.045,467.05,21.515,10.565,74.835,13.375,6.04,421.25,362.5,6.735,17.35,1458.07,0.735,2.875,,5694.8,,0.421,1.228,6.34,111.2,2026-07-28T13:44:23.205Z
batch-09-042,365.395,526.1,27.48,17.34,71.14,,3.645,396.2,453.0,16.37,32.7,741.75,1.42,4.06,,,,0.917,1.165,8.65,106.8,2026-07-28T13:44:23.206Z
batch-09-043,390.39,505.7,27.585,2.245,99.47,26.97,5.31,265.5,417.45,6.355,31.8,1421.87,,,,,,0.557,0.426,6.66,,2026-07-28T13:44:23.206Z
batch-09-044,407.465,462.7,23.12,2.89,86.135,22.215,5.61,874.0,367.8,9.68,27.4,1423.19,0.797,3.835,,66450.0,,1.441,0.746,12.725,,2026-07-28T13:44:23.206Z
batch-09-045,394.51,497.7,25.765,3.535,97.67,10.395,3.52,468.25,518.5,10.16,40.65,511.505,1.85,9.195,,,,0.267,0.502,9.82,,2026-07-28T13:44:23.206Z
batch-09-046,402.865,478.75,19.53,3.735,91.875,16.84,6.995,283.1,358.55,10.46,131.8,1469.24,3.06,4.975,,22019.2,,1.221,0.297,15.14,,2026-07-28T13:44:23.206Z
batch-09-047,368.695,564.6,39.415,15.195,66.08,12.4,5.35,530.4,620.2,9.275,69.0,1661.735,0.65,1.53,,2779.25,,0.609,0.615,7.33,122.2,2026-07-28T13:44:23.206Z
batch-09-048,361.2,589.1,27.24,14.735,85.835,12.95,5.99,777.3,241.2,11.225,43.8,284.64,1.68,5.46,,1666.6,,0.971,0.49,14.55,,2026-07-28T13:44:23.206Z
batch-09-049,403.76,451.95,25.635,7.135,73.53,,4.72,390.4,280.2,8.865,160.0,1942.73,,1.625,,,,,,,,2026-07-28T13:44:23.206Z
batch-09-050,389.24,465.45,27.23,8.75,73.955,14.59,5.825,251.05,414.6,6.205,150.85,1913.27,1.735,4.745,,5697.8,,0.572,0.92,5.615,111.2,2026-07-28T13:44:23.206Z
batch-09-051,375.47,528.4,29.375,8.43,88.005,,3.72,503.8,355.9,16.755,49.55,1195.1,3.3,4.245,,,,1.001,1.36,8.625,,2026-07-28T13:44:23.207Z
batch-09-052,217.75,124.0,4.8,2.8,21.85,2.55,2.8,135.0,126.0,0.25,43.0,431.9,0.01,0.75,,487.0,,0.16,0.115,0.65,87.0,2026-07-28T13:44:23.207Z
batch-09-053,214.6,146.5,6.9,3.1,22.6,8.7,2.8,133.5,109.5,0.4,44.5,417.5,0.16,0.75,,25.0,,0.31,0.115,0.8,64.5,2026-07-28T13:44:23.207Z
batch-09-054,126.6,291.6,1.92,0.28,70.36,15.04,0.84,40.0,46.0,1.84,84.8,193.92,0.08,0.16,0.0,4.8,,0.1,0.08,1.12,73.2,2026-07-28T13:44:23.207Z
batch-09-055,140.36,182.0,2.8,0.44,35.56,1.96,0.84,46.8,88.4,1.86,10.8,516.7,0.26,0.68,,0.0,20.0,0.08,0.52,2.14,4.6,2026-07-28T13:44:23.207Z
batch-09-056,134.68,131.8,5.99,0.69,27.54,3.22,1.1,95.6,86.5,2.09,5.4,255.82,0.135,0.87,,,,0.196,0.057,0.76,,2026-07-28T13:44:23.207Z
batch-09-057,120.06,149.4,6.5,0.8,31.52,4.4,1.12,100.4,100.0,2.38,6.6,304.7,0.262,1.0,,160.0,,0.14,0.068,0.82,,2026-07-28T13:44:23.207Z
batch-09-058,139.8,188.0,5.4,0.9,42.2,2.5,1.6,20.0,114.0,1.0,7.0,113.2,0.2,1.0,,265.0,1425.0,0.23,0.01,1.0,6.0,2026-07-28T13:44:23.207Z
batch-09-059,190.31,145.6,2.46,0.54,34.65,5.83,2.04,15.0,69.6,0.31,11.0,300.1,0.16,0.39,,477.0,9.0,0.344,0.015,1.01,87.0,2026-07-28T13:44:23.207Z
batch-09-060,147.66,144.6,8.7,5.58,16.38,7.02,1.68,148.2,135.6,2.7,7.8,135.72,0.174,0.9,,12.0,,0.222,0.156,0.48,51.6,2026-07-28T13:44:23.207Z
batch-10-001,208.63,474.9,11.64,1.42,104.96,15.28,3.45,217.5,231.2,4.61,21.3,1469.7,0.616,2.85,,,,0.46,0.242,4.39,,2026-07-28T13:50:25.633Z
batch-10-002,237.78,367.2,10.0,1.45,77.91,8.25,2.86,174.2,251.5,3.24,19.8,1516.8,0.616,1.8,,24.0,,0.225,0.084,2.16,,2026-07-28T13:50:25.633Z
batch-10-003,245.07,317.9,12.11,1.23,68.13,2.87,3.46,217.0,250.6,5.0,42.4,746.51,0.79,5.03,,,,0.223,0.186,5.51,,2026-07-28T13:50:25.633Z
batch-10-004,250.14,328.0,10.41,7.45,58.9,3.13,3.1,245.7,264.5,6.03,24.1,904.46,0.372,2.04,,139.0,6520.0,0.113,1.102,1.6,30.0,2026-07-28T13:50:25.633Z
batch-10-005,244.2,326.6,8.75,1.25,72.8,,3.0,118.0,220.0,2.6,17.7,1010.2,0.89,2.56,,1384.1,,0.14,0.226,11.86,,2026-07-28T13:50:25.633Z
batch-10-006,282.4,348.0,6.83,4.19,72.46,3.82,4.12,217.0,172.6,3.01,64.2,580.98,0.235,1.24,,193.0,,0.144,0.29,1.4,16.0,2026-07-28T13:50:25.633Z
batch-10-007,220.27,429.9,11.56,1.43,93.78,3.17,2.96,236.0,210.6,4.4,23.4,713.31,1.39,5.63,,,,0.188,0.226,3.51,,2026-07-28T13:50:25.634Z
batch-10-008,177.82,427.8,15.84,1.66,90.02,14.74,2.76,192.0,285.2,4.22,16.8,669.96,0.556,2.58,,,,0.52,0.092,1.78,,2026-07-28T13:50:25.634Z
batch-10-009,198.12,420.0,13.66,5.2,80.64,7.74,2.38,143.6,386.2,3.24,16.8,708.48,0.436,6.78,,1005.6,,0.276,0.204,3.6,,2026-07-28T13:50:25.634Z
batch-10-010,285.3,288.8,13.1,1.12,57.4,,3.08,262.0,277.0,1.7,417.0,,,,,,,0.22,,,8.0,2026-07-28T13:50:25.634Z
batch-10-011,247.25,311.6,9.4,1.05,68.1,10.87,4.2,56.0,213.0,3.6,28.2,1317.2,0.94,2.71,,148.6,,0.53,0.066,12.01,,2026-07-28T13:50:25.634Z
batch-10-012,209.38,369.4,11.14,7.68,67.74,,4.06,196.4,267.0,4.04,31.6,645.16,0.532,1.86,,146.0,85.0,0.392,0.212,1.96,2.0,2026-07-28T13:50:25.634Z
batch-10-013,306.85,367.5,7.55,4.55,76.0,4.0,5.05,224.5,217.0,3.4,73.5,1408.8,0.415,2.35,,193.0,,0.24,0.32,4.25,17.5,2026-07-28T13:50:25.634Z
batch-10-014,237.43,355.9,11.69,0.97,76.51,3.93,3.4,223.0,246.2,4.76,23.8,964.25,0.666,1.95,,,,0.475,0.162,1.59,,2026-07-28T13:50:25.634Z
batch-10-015,233.92,373.4,11.06,1.43,80.53,13.77,3.16,229.0,248.1,4.1,25.4,1273.36,1.04,5.48,,,,0.233,0.156,3.46,,2026-07-28T13:50:25.634Z
batch-10-016,364.2,616.0,38.72,17.52,73.7,6.94,5.86,215.8,392.0,8.42,285.0,1434.52,1.148,2.22,,514.0,,1.0,,,32.0,2026-07-28T13:50:25.634Z
batch-10-017,397.13,465.7,30.49,5.6,72.82,12.46,3.96,154.9,508.8,4.9,101.2,880.3,0.74,2.05,,,,1.532,0.51,4.73,28.0,2026-07-28T13:50:25.635Z
batch-10-018,388.66,475.6,27.22,5.98,84.14,,4.0,85.2,370.5,4.98,193.4,1257.4,1.31,2.85,,,,0.52,0.34,28.19,,2026-07-28T13:50:25.635Z
batch-10-019,377.6,516.0,21.72,11.72,83.94,9.26,7.1,1003.0,649.6,14.34,82.2,1458.44,1.22,5.1,,,,1.036,0.5,5.54,30.0,2026-07-28T13:50:25.635Z
batch-10-020,358.98,598.8,36.24,10.05,96.29,5.74,8.44,968.6,372.7,7.04,300.2,2231.8,0.8,4.72,,,,,,,,2026-07-28T13:50:25.635Z
batch-10-021,386.47,504.4,27.91,7.35,82.57,,5.7,436.1,326.4,31.92,356.1,966.08,1.23,3.21,,,,,,,,2026-07-28T13:50:25.635Z
batch-10-022,361.0,590.0,45.68,9.64,83.46,6.54,6.62,288.6,438.4,18.54,201.0,1283.92,,,,350.8,,0.212,1.14,10.06,28.0,2026-07-28T13:50:25.635Z
batch-10-023,403.1,465.8,26.26,11.38,74.4,7.76,4.86,581.2,483.6,9.56,50.0,355.48,0.63,6.48,,6586.0,17004.0,0.222,0.46,6.02,222.0,2026-07-28T13:50:25.635Z
batch-10-024,350.98,561.6,21.6,19.16,83.34,8.18,4.92,932.6,442.4,22.78,144.2,1405.52,0.9,2.94,,,,0.24,0.84,7.22,22.0,2026-07-28T13:50:25.635Z
batch-10-025,395.6,516.8,18.86,8.78,92.1,9.66,4.66,260.2,394.6,7.96,155.0,1552.08,1.41,2.88,,,,1.132,0.71,3.62,,2026-07-28T13:50:25.635Z
batch-10-026,385.14,538.0,21.2,3.96,105.56,15.84,4.14,247.0,392.4,5.78,50.2,888.0,0.89,2.92,,560.0,,1.62,0.62,4.92,,2026-07-28T13:50:25.635Z
batch-10-027,399.0,446.8,21.66,1.98,93.3,12.36,4.06,211.2,433.6,9.46,60.0,1115.78,2.14,8.68,,,,0.542,0.39,29.02,,2026-07-28T13:50:25.636Z
batch-10-028,384.34,533.0,18.8,3.06,110.76,12.14,5.04,527.0,357.4,10.98,32.2,2299.0,1.82,5.92,,3790.0,,1.02,0.61,18.02,,2026-07-28T13:50:25.636Z
batch-10-029,330.15,632.8,43.61,16.63,81.5,5.86,6.96,899.2,538.6,4.91,44.0,2233.73,0.74,4.28,,10997.5,39404.0,0.492,1.07,7.32,296.0,2026-07-28T13:50:25.636Z
batch-10-030,348.6,622.0,29.2,16.05,90.61,13.34,5.54,406.0,193.4,33.05,34.0,699.2,1.3,4.32,,8402.0,,1.19,0.62,11.44,,2026-07-28T13:50:25.636Z
batch-10-031,388.86,473.1,28.71,7.53,79.56,,5.34,264.8,440.2,16.95,264.8,1470.58,,2.23,,,,,,,,2026-07-28T13:50:25.636Z
batch-10-032,362.48,539.2,32.96,9.32,90.82,8.82,4.42,447.8,456.4,8.1,183.0,715.2,1.46,7.78,,6589.2,,0.36,0.372,7.62,222.0,2026-07-28T13:50:25.636Z
batch-10-033,378.48,486.0,22.88,9.52,83.9,10.1,5.22,1000.2,419.6,24.1,171.4,2008.28,3.132,3.82,,,,0.352,0.804,4.78,,2026-07-28T13:50:25.636Z
batch-10-034,372.73,576.75,39.81,12.33,73.665,11.39,6.465,179.6,507.05,6.49,191.5,971.965,1.08,3.375,,422.2,,1.861,,,67.2,2026-07-28T13:50:25.636Z
batch-10-035,396.875,454.65,30.425,3.03,79.86,10.18,4.81,146.65,474.1,5.26,102.2,1412.53,1.51,3.055,,,,0.675,0.505,30.715,76.0,2026-07-28T13:50:25.636Z
batch-10-036,398.29,484.1,25.35,7.67,79.75,,6.14,519.3,406.95,8.74,173.7,1586.74,1.485,4.825,,,,1.126,0.53,4.685,,2026-07-28T13:50:25.636Z
batch-10-037,347.875,636.15,33.5,13.305,99.91,4.395,10.485,1338.6,605.8,7.375,75.4,2477.845,0.925,5.985,,,,0.663,1.375,9.34,362.0,2026-07-28T13:50:25.636Z
batch-10-038,386.33,519.5,28.04,6.825,85.645,12.49,8.16,502.4,337.45,34.95,294.1,1050.74,1.57,3.98,,,,,,,,2026-07-28T13:50:25.637Z
batch-10-039,384.965,509.4,29.055,6.885,87.235,,6.86,425.45,464.9,17.63,474.05,1572.84,1.595,2.515,,,,,,,,2026-07-28T13:50:25.637Z
batch-10-040,373.23,562.65,48.37,10.535,72.47,6.11,6.395,438.3,529.6,6.365,117.4,402.785,,,,7092.8,,0.402,0.31,10.945,280.6,2026-07-28T13:50:25.637Z
batch-10-041,407.005,476.45,19.435,10.485,80.675,4.555,7.4,1140.65,468.7,25.395,158.55,1274.27,0.716,3.375,,22393.6,,0.311,0.868,5.34,60.6,2026-07-28T13:50:25.637Z
batch-10-042,367.395,557.5,20.12,23.86,67.96,7.32,5.665,200.4,477.8,4.67,180.5,1701.95,1.84,3.02,,,,1.181,1.025,4.35,71.6,2026-07-28T13:50:25.637Z
batch-10-043,386.67,554.7,21.765,3.925,107.51,13.75,5.13,265.5,431.25,5.215,60.8,967.25,1.107,3.345,,,,1.965,0.725,4.78,,2026-07-28T13:50:25.637Z
batch-10-044,402.205,454.5,21.26,1.71,94.615,13.615,5.21,192.0,445.4,7.0,63.0,1540.79,1.877,4.555,,41.6,,0.781,0.386,28.665,,2026-07-28T13:50:25.637Z
batch-10-045,392.11,526.9,20.605,3.675,104.83,8.175,5.98,681.65,387.1,12.1,38.85,1333.765,2.05,9.695,,,,1.125,0.802,7.72,,2026-07-28T13:50:25.637Z
batch-10-046,371.205,584.95,30.43,5.415,109.155,7.36,8.795,850.7,414.15,5.14,37.6,3398.76,1.72,7.455,,11913.2,,0.671,1.257,18.98,,2026-07-28T13:50:25.637Z
batch-10-047,344.04,632.4,36.75,13.48,87.98,12.38,6.6,488.9,431.9,32.07,44.7,941.05,1.29,2.9,,9049.9,,1.395,0.47,4.9,106.8,2026-07-28T13:50:25.638Z
batch-10-048,364.96,547.9,29.56,15.095,78.475,5.01,6.91,352.7,417.8,19.545,178.4,1439.98,1.88,4.2,,142.8,,0.333,1.45,10.69,,2026-07-28T13:50:25.638Z
batch-10-049,383.54,522.95,33.015,8.375,85.09,,4.98,458.6,452.4,3.985,169.2,460.27,,6.085,,,,,,,,2026-07-28T13:50:25.638Z
batch-10-050,384.2,474.85,25.15,8.67,79.795,5.77,7.185,970.45,520.8,24.865,292.05,1729.47,1.715,5.245,,22396.6,,0.462,0.56,4.615,60.6,2026-07-28T13:50:25.638Z
batch-10-051,377.47,559.8,22.015,14.95,84.825,8.94,5.74,308.0,380.7,5.055,197.35,2155.3,3.72,3.205,,,,1.265,1.22,4.325,,2026-07-28T13:50:25.638Z
batch-10-052,208.3,160.0,4.5,2.8,32.05,3.75,2.35,139.5,105.0,2.95,44.5,496.1,0.16,0.75,,277.0,,0.13,0.13,0.95,24.0,2026-07-28T13:50:25.638Z
batch-10-053,202.75,187.0,5.1,2.65,35.65,0.75,3.85,150.0,150.0,1.0,55.0,584.0,0.46,1.5,,13.0,,0.31,0.235,0.95,81.0,2026-07-28T13:50:25.638Z
batch-10-054,126.36,289.2,2.64,0.28,69.16,14.92,1.68,85.6,66.4,1.0,8.0,471.12,0.2,0.52,,15.6,,0.232,0.104,0.76,15.6,2026-07-28T13:50:25.638Z
batch-10-055,140.8,240.0,2.52,0.48,54.72,5.48,1.48,48.8,123.6,1.04,16.0,868.8,0.28,0.84,,28.8,,0.16,0.504,1.84,32.8,2026-07-28T13:50:25.638Z
batch-10-056,126.16,160.6,6.71,0.69,34.74,2.26,1.7,92.0,105.7,2.57,30.6,414.34,0.135,0.75,,,,0.196,0.105,3.4,,2026-07-28T13:50:25.638Z
batch-10-057,121.56,145.4,6.5,1.0,29.92,,1.02,98.4,101.0,2.08,5.6,294.8,0.262,1.0,,146.0,,0.12,0.068,0.82,,2026-07-28T13:50:25.638Z
batch-10-058,142.1,182.0,5.6,1.0,40.2,1.4,1.1,27.0,119.0,1.7,23.0,135.3,0.2,1.0,,162.0,315.0,0.17,0.04,0.9,22.0,2026-07-28T13:50:25.639Z
batch-10-059,180.86,181.6,2.16,0.54,44.85,7.03,1.59,19.5,48.6,3.01,12.5,364.3,0.31,0.39,,267.0,4350.0,0.314,0.03,1.31,24.0,2026-07-28T13:50:25.639Z
batch-10-060,138.18,177.0,7.26,5.22,26.82,0.66,2.52,161.4,168.0,3.18,16.2,268.92,0.414,1.5,,2.4,,0.222,0.252,0.6,64.8,2026-07-28T13:50:25.639Z
batch-11-001,206.53,470.9,11.44,1.52,105.66,7.28,4.85,169.5,191.2,4.41,58.3,1693.7,0.616,2.95,,,,0.49,0.272,4.99,,2026-07-28T13:58:37.630Z
batch-11-002,235.88,355.2,10.2,1.55,79.31,4.85,3.16,170.2,228.5,2.94,44.8,1647.4,0.816,2.1,,48.0,,0.145,0.144,2.26,,2026-07-28T13:58:37.631Z
batch-11-003,245.77,325.9,11.31,1.23,68.93,5.87,2.76,222.0,246.6,5.6,41.4,650.81,0.99,5.23,,,,0.333,0.146,3.41,,2026-07-28T13:58:37.631Z
batch-11-004,243.74,327.0,10.41,7.45,57.1,4.33,11.3,235.7,300.5,4.83,61.1,914.56,0.572,2.24,,4.0,,0.123,1.122,,61.0,2026-07-28T13:58:37.631Z
batch-11-005,247.8,331.6,9.25,3.95,65.7,5.02,3.3,124.0,254.0,3.0,28.7,1013.4,0.79,2.56,,1238.1,,0.09,0.226,11.56,,2026-07-28T13:58:37.631Z
batch-11-006,282.7,345.0,6.93,4.09,71.86,2.12,4.42,220.0,178.6,1.61,77.2,553.78,0.335,1.24,,15.0,,0.084,0.34,1.4,58.0,2026-07-28T13:58:37.631Z
batch-11-007,225.47,404.9,11.36,1.63,88.98,5.87,2.56,230.0,197.6,4.4,15.4,822.21,1.19,6.03,,,,0.078,0.216,3.71,,2026-07-28T13:58:37.631Z
batch-11-008,175.72,423.8,15.64,1.76,90.72,6.74,4.16,144.0,245.2,4.02,53.8,893.96,0.556,2.68,,,,0.55,0.122,2.38,,2026-07-28T13:58:37.631Z
batch-11-009,196.22,408.0,13.86,5.3,82.04,4.34,2.68,139.6,363.2,2.94,41.8,839.08,0.636,7.08,,1029.6,,0.196,0.264,3.7,,2026-07-28T13:58:37.631Z
batch-11-010,286.0,296.8,12.3,1.12,58.2,,2.38,267.0,273.0,2.3,416.0,,,,,,,0.33,,,15.0,2026-07-28T13:58:37.632Z
batch-11-011,240.85,310.6,9.4,1.05,66.3,12.07,12.4,46.0,249.0,2.4,65.2,1327.3,1.14,2.91,,13.6,,0.54,0.086,,,2026-07-28T13:58:37.632Z
batch-11-012,212.98,374.4,11.64,10.38,60.64,11.92,4.36,202.4,301.0,4.44,42.6,648.36,0.432,1.86,,0.0,0.0,0.342,0.212,1.66,1.0,2026-07-28T13:58:37.632Z
batch-11-013,307.15,364.5,7.65,4.45,75.4,2.3,5.35,227.5,223.0,2.0,86.5,1381.6,0.515,2.35,,15.0,,0.18,0.37,4.25,59.5,2026-07-28T13:58:37.632Z
batch-11-014,242.63,330.9,11.49,1.17,71.71,6.63,3.0,217.0,233.2,4.76,15.8,1073.15,0.466,2.35,,,,0.365,0.152,1.79,,2026-07-28T13:58:37.632Z
batch-11-015,231.82,369.4,10.86,1.53,81.23,5.77,4.56,181.0,208.1,3.9,62.4,1497.36,1.04,5.58,,,,0.263,0.186,4.06,,2026-07-28T13:58:37.632Z
batch-11-016,347.7,623.0,40.42,11.02,93.9,7.04,6.96,610.8,338.0,10.42,166.0,2115.52,1.248,3.02,,7632.0,,0.28,,,106.0,2026-07-28T13:58:37.632Z
batch-11-017,385.63,496.7,29.59,3.7,85.62,5.76,5.46,407.9,444.8,7.9,218.2,,0.74,3.25,,,5005.4,0.172,1.56,6.93,100.0,2026-07-28T13:58:37.632Z
batch-11-018,378.36,538.6,27.92,6.28,92.74,,4.7,402.2,280.5,2.18,188.4,362.2,0.81,2.45,,,,0.66,0.79,7.19,,2026-07-28T13:58:37.632Z
batch-11-019,372.1,511.0,22.42,10.22,88.14,4.36,7.2,732.0,677.6,19.14,147.2,1469.84,0.52,3.5,,,9646.0,0.376,0.55,6.74,112.0,2026-07-28T13:58:37.633Z
batch-11-020,383.48,513.8,25.94,6.35,88.29,10.64,5.94,505.6,352.7,5.64,325.2,351.4,0.9,2.72,,,,,,,,2026-07-28T13:58:37.633Z
batch-11-021,390.77,487.4,23.41,6.45,84.77,,4.6,435.1,380.4,3.92,383.1,420.88,0.93,2.81,,,,,,,,2026-07-28T13:58:37.633Z
batch-11-022,377.9,535.0,38.98,8.94,73.46,4.64,7.12,255.6,354.4,10.54,176.0,1483.52,,,,58.8,,0.292,0.39,10.06,158.0,2026-07-28T13:58:37.633Z
batch-11-023,414.6,432.8,17.36,9.48,75.0,6.26,3.56,376.2,357.6,9.76,157.0,2093.68,,,,,7600.0,0.222,0.51,4.62,166.0,2026-07-28T13:58:37.633Z
batch-11-024,361.68,528.6,24.1,18.46,72.34,13.28,3.42,145.6,446.4,6.18,63.2,556.32,1.18,2.34,,,,0.32,0.67,5.62,68.0,2026-07-28T13:58:37.633Z
batch-11-025,379.1,523.8,20.56,2.28,112.3,9.76,5.76,655.2,340.6,9.96,36.0,2233.08,1.51,3.68,,,,0.412,1.36,7.22,,2026-07-28T13:58:37.633Z
batch-11-026,373.64,569.0,20.3,2.06,118.36,9.14,5.64,500.0,328.4,8.78,167.2,,0.89,4.12,,342.0,,0.26,1.67,7.12,,2026-07-28T13:58:37.633Z
batch-11-027,388.7,509.8,22.36,2.28,101.9,14.86,4.76,528.2,343.6,6.66,55.0,220.58,1.64,8.28,,,,0.682,0.84,8.02,,2026-07-28T13:58:37.633Z
batch-11-028,378.84,528.0,19.5,1.56,114.96,7.24,5.14,256.0,385.4,15.78,97.2,2310.4,1.12,4.32,,10918.0,,0.36,0.66,19.22,,2026-07-28T13:58:37.633Z
batch-11-029,354.65,547.8,33.31,12.93,73.5,10.76,4.46,436.2,518.6,3.51,69.0,353.33,0.84,2.28,,207.5,,0.732,0.72,5.32,74.0,2026-07-28T13:58:37.633Z
batch-11-030,352.9,605.0,24.7,15.15,92.81,16.24,4.44,405.0,247.4,5.05,61.0,154.0,1.0,3.92,,1032.0,,0.53,0.47,11.04,,2026-07-28T13:58:37.633Z
batch-11-031,405.76,418.1,22.01,6.83,69.56,,5.84,231.8,356.2,8.95,239.8,1670.18,,,,,,,,,,2026-07-28T13:58:37.633Z
batch-11-032,373.98,506.2,24.06,7.42,91.42,7.32,3.12,242.8,330.4,8.3,290.0,2453.4,,,,,,0.36,0.422,6.22,166.0,2026-07-28T13:58:37.634Z
batch-11-033,389.18,453.0,25.38,8.82,72.9,15.2,3.72,213.2,423.6,7.5,90.4,1159.08,3.412,3.22,,,,0.432,0.634,3.18,,2026-07-28T13:58:37.634Z
batch-11-034,364.95,589.15,38.51,10.55,83.605,8.59,7.385,448.6,417.05,11.33,297.9,,0.77,5.095,,384.2,5547.5,0.321,,,66.2,2026-07-28T13:58:37.634Z
batch-11-035,390.415,502.25,30.885,3.67,85.18,17.5,4.85,486.05,355.5,3.72,74.4,566.63,0.65,3.015,,,,0.785,0.935,7.815,28.8,2026-07-28T13:58:37.634Z
batch-11-036,397.11,456.9,25.81,6.33,80.23,,5.52,211.9,418.15,15.56,222.9,1738.1,0.405,3.465,,,,0.356,0.52,6.205,,2026-07-28T13:58:37.634Z
batch-11-037,379.695,520.95,21.86,9.545,86.97,14.355,7.005,820.0,564.2,7.375,80.6,548.225,0.725,4.185,,,,0.883,0.925,7.34,37.6,2026-07-28T13:58:37.634Z
batch-11-038,395.93,479.1,22.78,6.145,83.925,20.25,6.22,492.0,377.25,5.69,301.5,589.84,0.93,3.94,,,,,,,,2026-07-28T13:58:37.634Z
batch-11-039,408.425,427.2,21.375,6.425,72.095,,6.68,379.85,352.9,10.37,424.25,1931.22,,,,,,,,,,2026-07-28T13:58:37.634Z
batch-11-040,390.75,504.65,38.27,8.755,68.99,9.03,4.235,203.5,371.4,8.125,212.8,2453.625,,,,,8370.0,0.358,0.3,9.605,138.8,2026-07-28T13:58:37.634Z
batch-11-041,423.645,418.45,21.875,10.025,64.435,14.735,5.02,265.65,453.5,8.675,47.15,478.97,0.713,3.115,,10.2,,0.355,0.616,3.78,31.0,2026-07-28T13:58:37.635Z
batch-11-042,354.115,543.5,21.68,17.02,86.04,12.0,6.145,625.6,398.8,8.41,27.3,2589.87,1.64,4.3,,,12643.5,0.345,1.675,8.51,72.8,2026-07-28T13:58:37.635Z
batch-11-043,378.89,567.1,20.465,2.145,117.45,10.95,6.05,534.5,341.25,10.055,167.2,,0.797,5.065,,,,0.425,1.816,7.4,,2026-07-28T13:58:37.635Z
batch-11-044,395.745,502.1,21.72,2.35,99.935,20.935,5.25,531.4,326.8,5.46,35.2,694.89,1.017,4.515,,7848.8,,0.891,0.816,5.765,,2026-07-28T13:58:37.635Z
batch-11-045,390.93,499.7,21.065,2.335,105.31,7.355,5.36,374.25,398.3,18.92,88.05,1485.125,0.97,8.335,,,,0.355,0.792,9.24,,2026-07-28T13:58:37.635Z
batch-11-046,403.025,469.75,18.79,1.655,96.215,17.32,5.315,332.1,372.55,5.14,42.8,1469.14,1.52,5.655,,246.0,,0.891,0.807,16.98,,2026-07-28T13:58:37.635Z
batch-11-047,353.64,592.0,31.49,12.8,86.26,20.14,4.66,478.5,471.7,2.81,52.1,480.15,0.65,2.86,,1144.7,,0.625,0.24,4.66,35.4,2026-07-28T13:58:37.635Z
batch-11-048,388.42,465.7,21.88,14.635,63.335,7.49,6.73,307.1,305.8,12.285,128.6,1798.36,,,,23.4,,0.377,0.56,10.89,,2026-07-28T13:58:37.635Z
batch-11-049,401.06,464.95,22.915,6.595,81.61,,2.82,223.8,294.2,5.745,264.6,2511.11,,,,,,,,,,2026-07-28T13:58:37.635Z
batch-11-050,400.84,416.85,27.59,8.21,63.555,15.95,4.805,95.45,505.6,8.145,180.65,934.17,1.713,4.985,,13.2,21.25,0.506,0.308,3.055,31.0,2026-07-28T13:58:37.636Z
batch-11-051,364.19,545.8,23.575,8.11,102.905,13.62,6.22,733.2,301.7,8.795,44.15,3043.22,3.52,4.485,,,,0.429,1.87,8.485,,2026-07-28T13:58:37.636Z
batch-11-052,208.75,155.5,4.65,2.65,31.15,1.2,2.8,144.0,114.0,0.85,64.0,455.3,0.31,0.75,,10.0,,0.04,0.205,0.95,87.0,2026-07-28T13:58:37.636Z
batch-11-053,210.55,149.5,4.8,2.95,28.45,4.8,3.25,141.0,130.5,1.0,43.0,747.35,0.16,2.1,,22.0,,0.145,0.22,1.25,30.0,2026-07-28T13:58:37.636Z
batch-11-054,123.84,284.4,2.4,0.4,70.0,5.32,3.36,28.0,18.4,0.76,52.4,739.92,0.2,0.64,,25.2,,0.268,0.14,1.48,20.4,2026-07-28T13:58:37.636Z
batch-11-055,138.52,225.6,2.76,0.6,56.4,1.4,1.84,44.0,96.0,0.68,46.0,1025.52,0.52,1.2,,57.6,576.0,0.064,0.576,1.96,4.0,2026-07-28T13:58:37.636Z
batch-11-056,127.0,170.2,5.75,0.69,35.7,5.86,0.86,98.0,100.9,3.29,29.4,299.5,0.375,0.99,,,,0.328,0.057,0.88,,2026-07-28T13:58:37.636Z
batch-11-057,115.96,141.4,6.4,0.8,27.62,5.3,9.22,92.4,136.0,2.18,42.6,299.6,0.362,1.2,,4.0,,0.1,0.078,,,2026-07-28T13:58:37.636Z
batch-11-058,128.7,234.0,5.5,1.8,52.7,10.3,1.3,30.0,117.0,1.8,31.0,134.5,0.2,1.0,,256.0,285.0,0.16,0.04,2.1,21.0,2026-07-28T13:58:37.636Z
batch-11-059,181.31,177.1,2.31,0.39,43.95,4.48,2.04,24.0,57.6,0.91,32.0,323.5,0.46,0.39,,0.0,0.0,0.224,0.105,1.31,87.0,2026-07-28T13:58:37.636Z
batch-11-060,144.42,147.0,7.02,5.46,21.06,3.9,2.04,154.2,152.4,3.18,6.6,399.6,0.174,1.98,,9.6,12.0,0.09,0.24,0.84,24.0,2026-07-28T13:58:37.636Z
pilot-003,329.2,285.0,6.5,4.6,54.5,2.3,5.1,255.0,222.0,1.35,68.1,625.1,110.365,1.2,,1269.5,,0.11,0.33,1.3,29.0,2026-07-28T09:13:49.925Z
pilot-004,201.72,386.6,11.12,1.36,83.52,7.16,2.38,184.4,194.4,4.08,33.0,490.08,0.636,1.54,,,,0.204,0.412,0.64,,2026-07-28T09:13:49.925Z
pilot-005,225.48,321.8,13.22,11.2,47.28,2.32,2.82,224.6,388.2,4.28,15.6,594.34,160.192,6.52,,981.6,470.8,0.184,0.342,2.24,49.0,2026-07-28T09:13:49.925Z
pilot-009,377.2,533.0,36.72,11.92,68.2,3.64,6.26,612.8,306.0,16.92,199.0,1332.12,0.748,2.62,,5399.0,,0.2,,,64.0,2026-07-28T09:15:53.271Z
pilot-010,406.72,425.4,24.28,6.5,69.28,,3.12,246.4,339.7,2.56,174.8,775.28,110.73,2.31,,,,0.142,0.61,7.19,,2026-07-28T09:13:49.926Z
pilot-012,414.53,388.7,25.19,4.2,63.52,3.36,2.56,206.9,377.8,4.0,144.2,1055.6,160.44,1.95,,,10987.4,0.172,0.18,5.23,73.0,2026-07-28T09:13:49.926Z
pilot-015,380.54,547.2,26.26,17.84,72.82,,2.54,454.2,278.6,7.88,439.8,517.0,0.64,14.66,,,,,,,,2026-07-28T09:15:53.272Z
pilot-017,402.81,447.6,25.05,7.43,71.13,,3.58,330.9,358.2,9.34,411.3,565.6,0.41,2.05,,,,,,,,2026-07-28T09:13:49.926Z
pilot-018,411.74,408.6,21.2,7.37,65.43,2.96,4.36,330.8,349.9,5.62,403.0,712.88,0.92,2.48,,,,,,,,2026-07-28T09:13:49.926Z
pilot-019,380.0,533.0,39.58,10.04,70.56,4.04,6.42,590.6,341.4,14.44,104.0,1445.22,,,,5442.8,,0.252,0.35,10.16,113.0,2026-07-28T09:13:49.926Z
pilot-021,405.84,379.8,16.42,7.98,66.0,5.84,3.76,418.4,357.6,6.34,35.6,494.84,0.512,3.02,,29.0,829.0,0.12,0.802,6.72,103.0,2026-07-28T09:13:49.926Z
pilot-022,370.27,548.2,20.8,21.76,72.62,6.02,4.85,629.2,361.4,14.38,72.2,1470.94,1.18,2.96,,,,0.19,0.77,7.02,64.0,2026-07-28T09:13:49.926Z
pilot-024,131.36,138.4,3.655,2.155,26.195,,1.735,20.45,67.95,1.245,318.2,198.2,0.365,0.49,,,,0.15,0.133,0.715,,2026-07-28T09:13:49.926Z
pilot-025,227.1,251.0,8.8,3.6,47.1,1.6,3.3,134.0,213.0,1.5,48.6,498.7,110.41,1.5,,181.0,,0.24,0.13,1.0,5.0,2026-07-28T09:13:49.926Z
