menu_id,food_ingredient_id,amount_g,component_role,preparation_note,sort_order
batch-02-001,252,150.0,staple,"",0
batch-02-001,1145,150.0,beverage,"",1
batch-02-001,713,100.0,fruit,"",2
batch-02-002,316,120.0,staple,"",0
batch-02-002,377,80.0,protein,"",1
batch-02-002,685,100.0,fruit,"",2
batch-02-003,33,120.0,staple,"",0
batch-02-003,431,80.0,protein,"",1
batch-02-003,749,100.0,fruit,"",2
batch-02-004,249,150.0,staple,"",0
batch-02-004,378,80.0,protein,"",1
batch-02-004,721,100.0,fruit,"",2
batch-02-005,251,150.0,staple,"",0
batch-02-005,383,80.0,protein,"",1
batch-02-005,751,100.0,fruit,"",2
batch-02-006,31,120.0,staple,"",0
batch-02-006,1145,150.0,beverage,"",1
batch-02-006,756,100.0,fruit,"",2
batch-02-007,45,60.0,staple,"",0
batch-02-007,1144,200.0,beverage,"",1
batch-02-007,713,100.0,fruit,"",2
batch-02-008,243,180.0,staple,"",0
batch-02-008,377,80.0,protein,"",1
batch-02-008,749,100.0,fruit,"",2
batch-02-009,244,120.0,staple,"",0
batch-02-009,1145,150.0,beverage,"",1
batch-02-009,685,100.0,fruit,"",2
batch-02-010,253,120.0,staple,"",0
batch-02-010,383,80.0,protein,"",1
batch-02-010,721,100.0,fruit,"",2
batch-02-011,31,120.0,staple,"",0
batch-02-011,431,80.0,protein,"",1
batch-02-011,751,100.0,fruit,"",2
batch-02-012,252,150.0,staple,"",0
batch-02-012,378,80.0,protein,"",1
batch-02-012,756,100.0,fruit,"",2
batch-02-013,249,150.0,staple,"",0
batch-02-013,1145,150.0,beverage,"",1
batch-02-013,749,100.0,fruit,"",2
batch-02-014,251,150.0,staple,"",0
batch-02-014,373,80.0,protein,"",1
batch-02-014,713,100.0,fruit,"",2
batch-02-015,33,120.0,staple,"",0
batch-02-015,377,80.0,protein,"",1
batch-02-015,685,100.0,fruit,"",2
batch-02-016,22,120.0,staple,"",0
batch-02-016,867,80.0,protein,"",1
batch-02-016,624,200.0,vegetable,"",2
batch-02-016,685,100.0,fruit,"",3
batch-02-017,26,120.0,staple,"",0
batch-02-017,1036,90.0,protein,"",1
batch-02-017,627,200.0,vegetable,"",2
batch-02-017,721,100.0,fruit,"",3
batch-02-018,22,120.0,staple,"",0
batch-02-018,1021,90.0,protein,"",1
batch-02-018,629,200.0,vegetable,"",2
batch-02-018,749,100.0,fruit,"",3
batch-02-019,26,120.0,staple,"",0
batch-02-019,1034,80.0,protein,"",1
batch-02-019,633,200.0,vegetable,"",2
batch-02-019,751,100.0,fruit,"",3
batch-02-020,22,120.0,staple,"",0
batch-02-020,1038,90.0,protein,"",1
batch-02-020,634,200.0,vegetable,"",2
batch-02-020,713,100.0,fruit,"",3
batch-02-021,26,120.0,staple,"",0
batch-02-021,1039,90.0,protein,"",1
batch-02-021,635,200.0,vegetable,"",2
batch-02-021,756,100.0,fruit,"",3
batch-02-022,22,120.0,staple,"",0
batch-02-022,1018,80.0,protein,"",1
batch-02-022,641,200.0,vegetable,"",2
batch-02-022,749,100.0,fruit,"",3
batch-02-023,26,120.0,staple,"",0
batch-02-023,431,100.0,protein,"",1
batch-02-023,642,200.0,vegetable,"",2
batch-02-023,721,100.0,fruit,"",3
batch-02-024,22,120.0,staple,"",0
batch-02-024,452,70.0,protein,"",1
batch-02-024,622,200.0,vegetable,"",2
batch-02-024,685,100.0,fruit,"",3
batch-02-025,26,120.0,staple,"",0
batch-02-025,377,100.0,protein,"",1
batch-02-025,624,200.0,vegetable,"",2
batch-02-025,751,100.0,fruit,"",3
batch-02-026,22,120.0,staple,"",0
batch-02-026,378,100.0,protein,"",1
batch-02-026,627,200.0,vegetable,"",2
batch-02-026,749,100.0,fruit,"",3
batch-02-027,26,120.0,staple,"",0
batch-02-027,383,100.0,protein,"",1
batch-02-027,629,200.0,vegetable,"",2
batch-02-027,713,100.0,fruit,"",3
batch-02-028,22,120.0,staple,"",0
batch-02-028,373,100.0,protein,"",1
batch-02-028,633,200.0,vegetable,"",2
batch-02-028,721,100.0,fruit,"",3
batch-02-029,26,120.0,staple,"",0
batch-02-029,1035,60.0,protein,"",1
batch-02-029,634,200.0,vegetable,"",2
batch-02-029,751,100.0,fruit,"",3
batch-02-030,22,120.0,staple,"",0
batch-02-030,846,70.0,protein,"",1
batch-02-030,635,200.0,vegetable,"",2
batch-02-030,749,100.0,fruit,"",3
batch-02-031,26,120.0,staple,"",0
batch-02-031,1032,90.0,protein,"",1
batch-02-031,641,200.0,vegetable,"",2
batch-02-031,685,100.0,fruit,"",3
batch-02-032,22,120.0,staple,"",0
batch-02-032,376,80.0,protein,"",1
batch-02-032,642,200.0,vegetable,"",2
batch-02-032,721,100.0,fruit,"",3
batch-02-033,26,120.0,staple,"",0
batch-02-033,370,80.0,protein,"",1
batch-02-033,626,200.0,vegetable,"",2
batch-02-033,751,100.0,fruit,"",3
batch-02-034,26,110.0,staple,"",0
batch-02-034,867,75.0,protein,"",1
batch-02-034,627,220.0,vegetable,"",2
batch-02-034,749,100.0,fruit,"",3
batch-02-035,22,110.0,staple,"",0
batch-02-035,1036,85.0,protein,"",1
batch-02-035,624,220.0,vegetable,"",2
batch-02-035,713,100.0,fruit,"",3
batch-02-036,26,110.0,staple,"",0
batch-02-036,1021,85.0,protein,"",1
batch-02-036,633,220.0,vegetable,"",2
batch-02-036,721,100.0,fruit,"",3
batch-02-037,22,110.0,staple,"",0
batch-02-037,1034,75.0,protein,"",1
batch-02-037,629,220.0,vegetable,"",2
batch-02-037,751,100.0,fruit,"",3
batch-02-038,26,110.0,staple,"",0
batch-02-038,1038,85.0,protein,"",1
batch-02-038,635,220.0,vegetable,"",2
batch-02-038,685,100.0,fruit,"",3
batch-02-039,22,110.0,staple,"",0
batch-02-039,1039,85.0,protein,"",1
batch-02-039,641,220.0,vegetable,"",2
batch-02-039,749,100.0,fruit,"",3
batch-02-040,26,110.0,staple,"",0
batch-02-040,1018,75.0,protein,"",1
batch-02-040,622,220.0,vegetable,"",2
batch-02-040,721,100.0,fruit,"",3
batch-02-041,22,110.0,staple,"",0
batch-02-041,431,90.0,protein,"",1
batch-02-041,634,220.0,vegetable,"",2
batch-02-041,713,100.0,fruit,"",3
batch-02-042,26,110.0,staple,"",0
batch-02-042,452,65.0,protein,"",1
batch-02-042,627,220.0,vegetable,"",2
batch-02-042,751,100.0,fruit,"",3
batch-02-043,22,110.0,staple,"",0
batch-02-043,377,90.0,protein,"",1
batch-02-043,633,220.0,vegetable,"",2
batch-02-043,749,100.0,fruit,"",3
batch-02-044,26,110.0,staple,"",0
batch-02-044,378,90.0,protein,"",1
batch-02-044,641,220.0,vegetable,"",2
batch-02-044,685,100.0,fruit,"",3
batch-02-045,22,110.0,staple,"",0
batch-02-045,383,90.0,protein,"",1
batch-02-045,624,220.0,vegetable,"",2
batch-02-045,721,100.0,fruit,"",3
batch-02-046,26,110.0,staple,"",0
batch-02-046,373,90.0,protein,"",1
batch-02-046,629,220.0,vegetable,"",2
batch-02-046,713,100.0,fruit,"",3
batch-02-047,22,110.0,staple,"",0
batch-02-047,1035,55.0,protein,"",1
batch-02-047,634,220.0,vegetable,"",2
batch-02-047,749,100.0,fruit,"",3
batch-02-048,26,110.0,staple,"",0
batch-02-048,846,65.0,protein,"",1
batch-02-048,635,220.0,vegetable,"",2
batch-02-048,751,100.0,fruit,"",3
batch-02-049,22,110.0,staple,"",0
batch-02-049,1032,85.0,protein,"",1
batch-02-049,642,220.0,vegetable,"",2
batch-02-049,685,100.0,fruit,"",3
batch-02-050,26,110.0,staple,"",0
batch-02-050,376,75.0,protein,"",1
batch-02-050,626,220.0,vegetable,"",2
batch-02-050,721,100.0,fruit,"",3
batch-02-051,22,110.0,staple,"",0
batch-02-051,370,75.0,protein,"",1
batch-02-051,622,220.0,vegetable,"",2
batch-02-051,713,100.0,fruit,"",3
batch-02-052,1145,100.0,beverage,"",0
batch-02-052,713,150.0,fruit,"",1
batch-02-053,1145,100.0,beverage,"",0
batch-02-053,721,150.0,fruit,"",1
batch-02-054,252,100.0,staple,"",0
batch-02-054,749,100.0,fruit,"",1
batch-02-055,243,100.0,staple,"",0
batch-02-055,685,100.0,fruit,"",1
batch-02-056,377,60.0,protein,"",0
batch-02-056,751,100.0,fruit,"",1
batch-02-057,378,60.0,protein,"",0
batch-02-057,713,100.0,fruit,"",1
batch-02-058,31,80.0,staple,"",0
batch-02-058,756,80.0,fruit,"",1
batch-02-059,251,80.0,staple,"",0
batch-02-059,721,100.0,fruit,"",1
batch-02-060,383,60.0,protein,"",0
batch-02-060,749,100.0,fruit,"",1
batch-03-001,245,150.0,staple,"",0
batch-03-001,377,80.0,protein,"",1
batch-03-001,721,100.0,fruit,"",2
batch-03-002,247,180.0,staple,"",0
batch-03-002,378,80.0,protein,"",1
batch-03-002,749,100.0,fruit,"",2
batch-03-003,250,180.0,staple,"",0
batch-03-003,383,80.0,protein,"",1
batch-03-003,685,100.0,fruit,"",2
batch-03-004,251,150.0,staple,"",0
batch-03-004,431,80.0,protein,"",1
batch-03-004,756,100.0,fruit,"",2
batch-03-005,252,150.0,staple,"",0
batch-03-005,373,80.0,protein,"",1
batch-03-005,751,100.0,fruit,"",2
batch-03-006,253,120.0,staple,"",0
batch-03-006,1145,150.0,beverage,"",1
batch-03-006,713,100.0,fruit,"",2
batch-03-007,249,150.0,staple,"",0
batch-03-007,383,80.0,protein,"",1
batch-03-007,756,100.0,fruit,"",2
batch-03-008,31,120.0,staple,"",0
batch-03-008,377,80.0,protein,"",1
batch-03-008,721,100.0,fruit,"",2
batch-03-009,33,120.0,staple,"",0
batch-03-009,378,80.0,protein,"",1
batch-03-009,751,100.0,fruit,"",2
batch-03-010,45,60.0,staple,"",0
batch-03-010,1144,200.0,beverage,"",1
batch-03-010,749,100.0,fruit,"",2
batch-03-011,243,180.0,staple,"",0
batch-03-011,373,80.0,protein,"",1
batch-03-011,685,100.0,fruit,"",2
batch-03-012,244,120.0,staple,"",0
batch-03-012,431,80.0,protein,"",1
batch-03-012,713,100.0,fruit,"",2
batch-03-013,245,150.0,staple,"",0
batch-03-013,1145,150.0,beverage,"",1
batch-03-013,756,100.0,fruit,"",2
batch-03-014,250,180.0,staple,"",0
batch-03-014,377,80.0,protein,"",1
batch-03-014,721,100.0,fruit,"",2
batch-03-015,247,180.0,staple,"",0
batch-03-015,383,80.0,protein,"",1
batch-03-015,751,100.0,fruit,"",2
batch-03-016,26,120.0,staple,"",0
batch-03-016,867,80.0,protein,"",1
batch-03-016,633,200.0,vegetable,"",2
batch-03-016,713,100.0,fruit,"",3
batch-03-017,22,120.0,staple,"",0
batch-03-017,1036,90.0,protein,"",1
batch-03-017,634,200.0,vegetable,"",2
batch-03-017,749,100.0,fruit,"",3
batch-03-018,26,120.0,staple,"",0
batch-03-018,1021,90.0,protein,"",1
batch-03-018,635,200.0,vegetable,"",2
batch-03-018,751,100.0,fruit,"",3
batch-03-019,22,120.0,staple,"",0
batch-03-019,1034,80.0,protein,"",1
batch-03-019,641,200.0,vegetable,"",2
batch-03-019,685,100.0,fruit,"",3
batch-03-020,26,120.0,staple,"",0
batch-03-020,1038,90.0,protein,"",1
batch-03-020,642,200.0,vegetable,"",2
batch-03-020,721,100.0,fruit,"",3
batch-03-021,22,120.0,staple,"",0
batch-03-021,1039,90.0,protein,"",1
batch-03-021,626,200.0,vegetable,"",2
batch-03-021,713,100.0,fruit,"",3
batch-03-022,26,120.0,staple,"",0
batch-03-022,1018,80.0,protein,"",1
batch-03-022,627,200.0,vegetable,"",2
batch-03-022,751,100.0,fruit,"",3
batch-03-023,22,120.0,staple,"",0
batch-03-023,431,100.0,protein,"",1
batch-03-023,629,200.0,vegetable,"",2
batch-03-023,749,100.0,fruit,"",3
batch-03-024,26,120.0,staple,"",0
batch-03-024,452,70.0,protein,"",1
batch-03-024,633,200.0,vegetable,"",2
batch-03-024,721,100.0,fruit,"",3
batch-03-025,22,120.0,staple,"",0
batch-03-025,377,100.0,protein,"",1
batch-03-025,634,200.0,vegetable,"",2
batch-03-025,685,100.0,fruit,"",3
batch-03-026,26,120.0,staple,"",0
batch-03-026,378,100.0,protein,"",1
batch-03-026,635,200.0,vegetable,"",2
batch-03-026,713,100.0,fruit,"",3
batch-03-027,22,120.0,staple,"",0
batch-03-027,383,100.0,protein,"",1
batch-03-027,641,200.0,vegetable,"",2
batch-03-027,751,100.0,fruit,"",3
batch-03-028,26,120.0,staple,"",0
batch-03-028,373,100.0,protein,"",1
batch-03-028,642,200.0,vegetable,"",2
batch-03-028,749,100.0,fruit,"",3
batch-03-029,22,120.0,staple,"",0
batch-03-029,1035,60.0,protein,"",1
batch-03-029,626,200.0,vegetable,"",2
batch-03-029,721,100.0,fruit,"",3
batch-03-030,26,120.0,staple,"",0
batch-03-030,846,70.0,protein,"",1
batch-03-030,627,200.0,vegetable,"",2
batch-03-030,685,100.0,fruit,"",3
batch-03-031,22,120.0,staple,"",0
batch-03-031,1032,90.0,protein,"",1
batch-03-031,629,200.0,vegetable,"",2
batch-03-031,713,100.0,fruit,"",3
batch-03-032,26,120.0,staple,"",0
batch-03-032,376,80.0,protein,"",1
batch-03-032,633,200.0,vegetable,"",2
batch-03-032,751,100.0,fruit,"",3
batch-03-033,22,120.0,staple,"",0
batch-03-033,370,80.0,protein,"",1
batch-03-033,634,200.0,vegetable,"",2
batch-03-033,749,100.0,fruit,"",3
batch-03-034,22,110.0,staple,"",0
batch-03-034,867,75.0,protein,"",1
batch-03-034,641,220.0,vegetable,"",2
batch-03-034,721,100.0,fruit,"",3
batch-03-035,26,110.0,staple,"",0
batch-03-035,1036,85.0,protein,"",1
batch-03-035,642,220.0,vegetable,"",2
batch-03-035,751,100.0,fruit,"",3
batch-03-036,22,110.0,staple,"",0
batch-03-036,1021,85.0,protein,"",1
batch-03-036,626,220.0,vegetable,"",2
batch-03-036,685,100.0,fruit,"",3
batch-03-037,26,110.0,staple,"",0
batch-03-037,1034,75.0,protein,"",1
batch-03-037,627,220.0,vegetable,"",2
batch-03-037,749,100.0,fruit,"",3
batch-03-038,22,110.0,staple,"",0
batch-03-038,1038,85.0,protein,"",1
batch-03-038,629,220.0,vegetable,"",2
batch-03-038,751,100.0,fruit,"",3
batch-03-039,26,110.0,staple,"",0
batch-03-039,1039,85.0,protein,"",1
batch-03-039,633,220.0,vegetable,"",2
batch-03-039,721,100.0,fruit,"",3
batch-03-040,22,110.0,staple,"",0
batch-03-040,1018,75.0,protein,"",1
batch-03-040,634,220.0,vegetable,"",2
batch-03-040,713,100.0,fruit,"",3
batch-03-041,26,110.0,staple,"",0
batch-03-041,431,90.0,protein,"",1
batch-03-041,635,220.0,vegetable,"",2
batch-03-041,685,100.0,fruit,"",3
batch-03-042,22,110.0,staple,"",0
batch-03-042,452,65.0,protein,"",1
batch-03-042,641,220.0,vegetable,"",2
batch-03-042,751,100.0,fruit,"",3
batch-03-043,26,110.0,staple,"",0
batch-03-043,377,90.0,protein,"",1
batch-03-043,642,220.0,vegetable,"",2
batch-03-043,721,100.0,fruit,"",3
batch-03-044,22,110.0,staple,"",0
batch-03-044,378,90.0,protein,"",1
batch-03-044,626,220.0,vegetable,"",2
batch-03-044,713,100.0,fruit,"",3
batch-03-045,26,110.0,staple,"",0
batch-03-045,383,90.0,protein,"",1
batch-03-045,627,220.0,vegetable,"",2
batch-03-045,685,100.0,fruit,"",3
batch-03-046,22,110.0,staple,"",0
batch-03-046,373,90.0,protein,"",1
batch-03-046,629,220.0,vegetable,"",2
batch-03-046,749,100.0,fruit,"",3
batch-03-047,26,110.0,staple,"",0
batch-03-047,1035,55.0,protein,"",1
batch-03-047,633,220.0,vegetable,"",2
batch-03-047,713,100.0,fruit,"",3
batch-03-048,22,110.0,staple,"",0
batch-03-048,846,65.0,protein,"",1
batch-03-048,634,220.0,vegetable,"",2
batch-03-048,721,100.0,fruit,"",3
batch-03-049,26,110.0,staple,"",0
batch-03-049,1032,85.0,protein,"",1
batch-03-049,635,220.0,vegetable,"",2
batch-03-049,751,100.0,fruit,"",3
batch-03-050,22,110.0,staple,"",0
batch-03-050,376,75.0,protein,"",1
batch-03-050,641,220.0,vegetable,"",2
batch-03-050,685,100.0,fruit,"",3
batch-03-051,26,110.0,staple,"",0
batch-03-051,370,75.0,protein,"",1
batch-03-051,642,220.0,vegetable,"",2
batch-03-051,749,100.0,fruit,"",3
batch-03-052,1145,100.0,beverage,"",0
batch-03-052,749,150.0,fruit,"",1
batch-03-053,1145,100.0,beverage,"",0
batch-03-053,751,150.0,fruit,"",1
batch-03-054,244,80.0,staple,"",0
batch-03-054,713,100.0,fruit,"",1
batch-03-055,245,80.0,staple,"",0
batch-03-055,749,100.0,fruit,"",1
batch-03-056,373,60.0,protein,"",0
batch-03-056,685,100.0,fruit,"",1
batch-03-057,370,50.0,protein,"",0
batch-03-057,721,100.0,fruit,"",1
batch-03-058,33,80.0,staple,"",0
batch-03-058,787,150.0,fruit,"",1
batch-03-059,250,100.0,staple,"",0
batch-03-059,756,80.0,fruit,"",1
batch-03-060,376,50.0,protein,"",0
batch-03-060,751,100.0,fruit,"",1
batch-04-001,245,150.0,staple,"",0
batch-04-001,377,80.0,protein,"",1
batch-04-001,787,100.0,fruit,"",2
batch-04-002,247,150.0,staple,"",0
batch-04-002,378,80.0,protein,"",1
batch-04-002,713,100.0,fruit,"",2
batch-04-003,250,150.0,staple,"",0
batch-04-003,383,80.0,protein,"",1
batch-04-003,749,100.0,fruit,"",2
batch-04-004,251,150.0,staple,"",0
batch-04-004,431,80.0,protein,"",1
batch-04-004,721,100.0,fruit,"",2
batch-04-005,252,150.0,staple,"",0
batch-04-005,373,80.0,protein,"",1
batch-04-005,685,100.0,fruit,"",2
batch-04-006,253,120.0,staple,"",0
batch-04-006,1145,150.0,beverage,"",1
batch-04-006,751,100.0,fruit,"",2
batch-04-007,249,150.0,staple,"",0
batch-04-007,383,80.0,protein,"",1
batch-04-007,787,100.0,fruit,"",2
batch-04-008,31,120.0,staple,"",0
batch-04-008,377,80.0,protein,"",1
batch-04-008,713,100.0,fruit,"",2
batch-04-009,33,120.0,staple,"",0
batch-04-009,378,80.0,protein,"",1
batch-04-009,749,100.0,fruit,"",2
batch-04-010,45,60.0,staple,"",0
batch-04-010,1144,200.0,beverage,"",1
batch-04-010,751,100.0,fruit,"",2
batch-04-011,243,150.0,staple,"",0
batch-04-011,373,80.0,protein,"",1
batch-04-011,721,100.0,fruit,"",2
batch-04-012,244,120.0,staple,"",0
batch-04-012,431,80.0,protein,"",1
batch-04-012,756,100.0,fruit,"",2
batch-04-013,245,150.0,staple,"",0
batch-04-013,1145,150.0,beverage,"",1
batch-04-013,685,100.0,fruit,"",2
batch-04-014,250,150.0,staple,"",0
batch-04-014,377,80.0,protein,"",1
batch-04-014,713,100.0,fruit,"",2
batch-04-015,247,150.0,staple,"",0
batch-04-015,383,80.0,protein,"",1
batch-04-015,749,100.0,fruit,"",2
batch-04-016,22,120.0,staple,"",0
batch-04-016,867,80.0,protein,"",1
batch-04-016,622,200.0,vegetable,"",2
batch-04-016,787,100.0,fruit,"",3
batch-04-017,26,120.0,staple,"",0
batch-04-017,1036,90.0,protein,"",1
batch-04-017,624,200.0,vegetable,"",2
batch-04-017,787,100.0,fruit,"",3
batch-04-018,22,120.0,staple,"",0
batch-04-018,1021,90.0,protein,"",1
batch-04-018,626,200.0,vegetable,"",2
batch-04-018,787,100.0,fruit,"",3
batch-04-019,26,120.0,staple,"",0
batch-04-019,1034,80.0,protein,"",1
batch-04-019,627,200.0,vegetable,"",2
batch-04-019,787,100.0,fruit,"",3
batch-04-020,22,120.0,staple,"",0
batch-04-020,1038,90.0,protein,"",1
batch-04-020,629,200.0,vegetable,"",2
batch-04-020,787,100.0,fruit,"",3
batch-04-021,26,120.0,staple,"",0
batch-04-021,1039,90.0,protein,"",1
batch-04-021,633,200.0,vegetable,"",2
batch-04-021,787,100.0,fruit,"",3
batch-04-022,22,120.0,staple,"",0
batch-04-022,1018,80.0,protein,"",1
batch-04-022,634,200.0,vegetable,"",2
batch-04-022,787,100.0,fruit,"",3
batch-04-023,26,120.0,staple,"",0
batch-04-023,431,100.0,protein,"",1
batch-04-023,635,200.0,vegetable,"",2
batch-04-023,787,100.0,fruit,"",3
batch-04-024,22,120.0,staple,"",0
batch-04-024,452,70.0,protein,"",1
batch-04-024,641,200.0,vegetable,"",2
batch-04-024,787,100.0,fruit,"",3
batch-04-025,26,120.0,staple,"",0
batch-04-025,377,100.0,protein,"",1
batch-04-025,642,200.0,vegetable,"",2
batch-04-025,787,100.0,fruit,"",3
batch-04-026,22,120.0,staple,"",0
batch-04-026,378,100.0,protein,"",1
batch-04-026,622,200.0,vegetable,"",2
batch-04-026,787,100.0,fruit,"",3
batch-04-027,26,120.0,staple,"",0
batch-04-027,383,100.0,protein,"",1
batch-04-027,624,200.0,vegetable,"",2
batch-04-027,787,100.0,fruit,"",3
batch-04-028,22,120.0,staple,"",0
batch-04-028,373,100.0,protein,"",1
batch-04-028,626,200.0,vegetable,"",2
batch-04-028,787,100.0,fruit,"",3
batch-04-029,26,120.0,staple,"",0
batch-04-029,1035,60.0,protein,"",1
batch-04-029,627,200.0,vegetable,"",2
batch-04-029,787,100.0,fruit,"",3
batch-04-030,22,120.0,staple,"",0
batch-04-030,846,70.0,protein,"",1
batch-04-030,629,200.0,vegetable,"",2
batch-04-030,787,100.0,fruit,"",3
batch-04-031,26,120.0,staple,"",0
batch-04-031,1032,90.0,protein,"",1
batch-04-031,633,200.0,vegetable,"",2
batch-04-031,787,100.0,fruit,"",3
batch-04-032,22,120.0,staple,"",0
batch-04-032,376,80.0,protein,"",1
batch-04-032,634,200.0,vegetable,"",2
batch-04-032,787,100.0,fruit,"",3
batch-04-033,26,120.0,staple,"",0
batch-04-033,370,80.0,protein,"",1
batch-04-033,641,200.0,vegetable,"",2
batch-04-033,787,100.0,fruit,"",3
batch-04-034,26,110.0,staple,"",0
batch-04-034,867,75.0,protein,"",1
batch-04-034,624,220.0,vegetable,"",2
batch-04-034,756,100.0,fruit,"",3
batch-04-035,22,110.0,staple,"",0
batch-04-035,1036,85.0,protein,"",1
batch-04-035,626,220.0,vegetable,"",2
batch-04-035,756,100.0,fruit,"",3
batch-04-036,26,110.0,staple,"",0
batch-04-036,1021,85.0,protein,"",1
batch-04-036,627,220.0,vegetable,"",2
batch-04-036,756,100.0,fruit,"",3
batch-04-037,22,110.0,staple,"",0
batch-04-037,1034,75.0,protein,"",1
batch-04-037,629,220.0,vegetable,"",2
batch-04-037,756,100.0,fruit,"",3
batch-04-038,26,110.0,staple,"",0
batch-04-038,1038,85.0,protein,"",1
batch-04-038,633,220.0,vegetable,"",2
batch-04-038,756,100.0,fruit,"",3
batch-04-039,22,110.0,staple,"",0
batch-04-039,1039,85.0,protein,"",1
batch-04-039,634,220.0,vegetable,"",2
batch-04-039,756,100.0,fruit,"",3
batch-04-040,26,110.0,staple,"",0
batch-04-040,1018,75.0,protein,"",1
batch-04-040,635,220.0,vegetable,"",2
batch-04-040,756,100.0,fruit,"",3
batch-04-041,22,110.0,staple,"",0
batch-04-041,431,95.0,protein,"",1
batch-04-041,641,220.0,vegetable,"",2
batch-04-041,756,100.0,fruit,"",3
batch-04-042,26,110.0,staple,"",0
batch-04-042,452,65.0,protein,"",1
batch-04-042,642,220.0,vegetable,"",2
batch-04-042,756,100.0,fruit,"",3
batch-04-043,22,110.0,staple,"",0
batch-04-043,377,95.0,protein,"",1
batch-04-043,622,220.0,vegetable,"",2
batch-04-043,756,100.0,fruit,"",3
batch-04-044,26,110.0,staple,"",0
batch-04-044,378,95.0,protein,"",1
batch-04-044,624,220.0,vegetable,"",2
batch-04-044,756,100.0,fruit,"",3
batch-04-045,22,110.0,staple,"",0
batch-04-045,383,95.0,protein,"",1
batch-04-045,626,220.0,vegetable,"",2
batch-04-045,756,100.0,fruit,"",3
batch-04-046,26,110.0,staple,"",0
batch-04-046,373,95.0,protein,"",1
batch-04-046,627,220.0,vegetable,"",2
batch-04-046,756,100.0,fruit,"",3
batch-04-047,22,110.0,staple,"",0
batch-04-047,1035,55.0,protein,"",1
batch-04-047,629,220.0,vegetable,"",2
batch-04-047,756,100.0,fruit,"",3
batch-04-048,26,110.0,staple,"",0
batch-04-048,846,65.0,protein,"",1
batch-04-048,633,220.0,vegetable,"",2
batch-04-048,756,100.0,fruit,"",3
batch-04-049,22,110.0,staple,"",0
batch-04-049,1032,85.0,protein,"",1
batch-04-049,634,220.0,vegetable,"",2
batch-04-049,756,100.0,fruit,"",3
batch-04-050,26,110.0,staple,"",0
batch-04-050,376,75.0,protein,"",1
batch-04-050,635,220.0,vegetable,"",2
batch-04-050,756,100.0,fruit,"",3
batch-04-051,22,110.0,staple,"",0
batch-04-051,370,75.0,protein,"",1
batch-04-051,642,220.0,vegetable,"",2
batch-04-051,756,100.0,fruit,"",3
batch-04-052,1145,100.0,beverage,"",0
batch-04-052,685,120.0,fruit,"",1
batch-04-053,1145,120.0,beverage,"",0
batch-04-053,787,150.0,fruit,"",1
batch-04-054,253,80.0,staple,"",0
batch-04-054,749,120.0,fruit,"",1
batch-04-055,251,80.0,staple,"",0
batch-04-055,713,100.0,fruit,"",1
batch-04-056,377,50.0,protein,"",0
batch-04-056,756,80.0,fruit,"",1
batch-04-057,378,60.0,protein,"",0
batch-04-057,721,100.0,fruit,"",1
batch-04-058,31,100.0,staple,"",0
batch-04-058,751,100.0,fruit,"",1
batch-04-059,243,80.0,staple,"",0
batch-04-059,787,150.0,fruit,"",1
batch-04-060,431,60.0,protein,"",0
batch-04-060,685,100.0,fruit,"",1
batch-05-001,245,150.0,staple,"",0
batch-05-001,377,80.0,protein,"",1
batch-05-001,694,100.0,fruit,"",2
batch-05-002,247,150.0,staple,"",0
batch-05-002,378,80.0,protein,"",1
batch-05-002,736,100.0,fruit,"",2
batch-05-003,250,150.0,staple,"",0
batch-05-003,383,80.0,protein,"",1
batch-05-003,688,100.0,fruit,"",2
batch-05-004,251,150.0,staple,"",0
batch-05-004,431,80.0,protein,"",1
batch-05-004,712,100.0,fruit,"",2
batch-05-005,252,150.0,staple,"",0
batch-05-005,373,80.0,protein,"",1
batch-05-005,717,100.0,fruit,"",2
batch-05-006,253,120.0,staple,"",0
batch-05-006,1145,150.0,beverage,"",1
batch-05-006,725,100.0,fruit,"",2
batch-05-007,249,150.0,staple,"",0
batch-05-007,383,80.0,protein,"",1
batch-05-007,746,100.0,fruit,"",2
batch-05-008,31,120.0,staple,"",0
batch-05-008,377,80.0,protein,"",1
batch-05-008,694,100.0,fruit,"",2
batch-05-009,33,120.0,staple,"",0
batch-05-009,378,80.0,protein,"",1
batch-05-009,736,100.0,fruit,"",2
batch-05-010,45,60.0,staple,"",0
batch-05-010,1144,200.0,beverage,"",1
batch-05-010,688,100.0,fruit,"",2
batch-05-011,243,150.0,staple,"",0
batch-05-011,373,80.0,protein,"",1
batch-05-011,712,100.0,fruit,"",2
batch-05-012,244,120.0,staple,"",0
batch-05-012,431,80.0,protein,"",1
batch-05-012,717,100.0,fruit,"",2
batch-05-013,245,150.0,staple,"",0
batch-05-013,1145,150.0,beverage,"",1
batch-05-013,725,100.0,fruit,"",2
batch-05-014,250,150.0,staple,"",0
batch-05-014,377,80.0,protein,"",1
batch-05-014,746,100.0,fruit,"",2
batch-05-015,247,150.0,staple,"",0
batch-05-015,383,80.0,protein,"",1
batch-05-015,694,100.0,fruit,"",2
batch-05-016,22,120.0,staple,"",0
batch-05-016,867,80.0,protein,"",1
batch-05-016,623,200.0,vegetable,"",2
batch-05-016,694,100.0,fruit,"",3
batch-05-017,26,120.0,staple,"",0
batch-05-017,1036,90.0,protein,"",1
batch-05-017,625,200.0,vegetable,"",2
batch-05-017,694,100.0,fruit,"",3
batch-05-018,22,120.0,staple,"",0
batch-05-018,1021,90.0,protein,"",1
batch-05-018,630,200.0,vegetable,"",2
batch-05-018,694,100.0,fruit,"",3
batch-05-019,26,120.0,staple,"",0
batch-05-019,1034,80.0,protein,"",1
batch-05-019,631,200.0,vegetable,"",2
batch-05-019,694,100.0,fruit,"",3
batch-05-020,22,120.0,staple,"",0
batch-05-020,1038,90.0,protein,"",1
batch-05-020,632,200.0,vegetable,"",2
batch-05-020,694,100.0,fruit,"",3
batch-05-021,26,120.0,staple,"",0
batch-05-021,1039,90.0,protein,"",1
batch-05-021,636,200.0,vegetable,"",2
batch-05-021,694,100.0,fruit,"",3
batch-05-022,22,120.0,staple,"",0
batch-05-022,1018,80.0,protein,"",1
batch-05-022,637,200.0,vegetable,"",2
batch-05-022,694,100.0,fruit,"",3
batch-05-023,26,120.0,staple,"",0
batch-05-023,431,100.0,protein,"",1
batch-05-023,639,200.0,vegetable,"",2
batch-05-023,694,100.0,fruit,"",3
batch-05-024,22,120.0,staple,"",0
batch-05-024,452,70.0,protein,"",1
batch-05-024,640,200.0,vegetable,"",2
batch-05-024,694,100.0,fruit,"",3
batch-05-025,26,120.0,staple,"",0
batch-05-025,377,100.0,protein,"",1
batch-05-025,623,200.0,vegetable,"",2
batch-05-025,694,100.0,fruit,"",3
batch-05-026,22,120.0,staple,"",0
batch-05-026,378,100.0,protein,"",1
batch-05-026,625,200.0,vegetable,"",2
batch-05-026,694,100.0,fruit,"",3
batch-05-027,26,120.0,staple,"",0
batch-05-027,383,100.0,protein,"",1
batch-05-027,630,200.0,vegetable,"",2
batch-05-027,694,100.0,fruit,"",3
batch-05-028,22,120.0,staple,"",0
batch-05-028,373,100.0,protein,"",1
batch-05-028,631,200.0,vegetable,"",2
batch-05-028,694,100.0,fruit,"",3
batch-05-029,26,120.0,staple,"",0
batch-05-029,1035,60.0,protein,"",1
batch-05-029,632,200.0,vegetable,"",2
batch-05-029,694,100.0,fruit,"",3
batch-05-030,22,120.0,staple,"",0
batch-05-030,846,70.0,protein,"",1
batch-05-030,636,200.0,vegetable,"",2
batch-05-030,694,100.0,fruit,"",3
batch-05-031,26,120.0,staple,"",0
batch-05-031,1032,90.0,protein,"",1
batch-05-031,637,200.0,vegetable,"",2
batch-05-031,694,100.0,fruit,"",3
batch-05-032,22,120.0,staple,"",0
batch-05-032,376,80.0,protein,"",1
batch-05-032,639,200.0,vegetable,"",2
batch-05-032,694,100.0,fruit,"",3
batch-05-033,26,120.0,staple,"",0
batch-05-033,370,80.0,protein,"",1
batch-05-033,640,200.0,vegetable,"",2
batch-05-033,694,100.0,fruit,"",3
batch-05-034,26,110.0,staple,"",0
batch-05-034,867,75.0,protein,"",1
batch-05-034,625,220.0,vegetable,"",2
batch-05-034,736,100.0,fruit,"",3
batch-05-035,22,110.0,staple,"",0
batch-05-035,1036,85.0,protein,"",1
batch-05-035,630,220.0,vegetable,"",2
batch-05-035,736,100.0,fruit,"",3
batch-05-036,26,110.0,staple,"",0
batch-05-036,1021,85.0,protein,"",1
batch-05-036,631,220.0,vegetable,"",2
batch-05-036,736,100.0,fruit,"",3
batch-05-037,22,110.0,staple,"",0
batch-05-037,1034,75.0,protein,"",1
batch-05-037,632,220.0,vegetable,"",2
batch-05-037,736,100.0,fruit,"",3
batch-05-038,26,110.0,staple,"",0
batch-05-038,1038,85.0,protein,"",1
batch-05-038,636,220.0,vegetable,"",2
batch-05-038,736,100.0,fruit,"",3
batch-05-039,22,110.0,staple,"",0
batch-05-039,1039,85.0,protein,"",1
batch-05-039,637,220.0,vegetable,"",2
batch-05-039,736,100.0,fruit,"",3
batch-05-040,26,110.0,staple,"",0
batch-05-040,1018,75.0,protein,"",1
batch-05-040,639,220.0,vegetable,"",2
batch-05-040,736,100.0,fruit,"",3
batch-05-041,22,110.0,staple,"",0
batch-05-041,431,95.0,protein,"",1
batch-05-041,640,220.0,vegetable,"",2
batch-05-041,736,100.0,fruit,"",3
batch-05-042,26,110.0,staple,"",0
batch-05-042,452,65.0,protein,"",1
batch-05-042,623,220.0,vegetable,"",2
batch-05-042,736,100.0,fruit,"",3
batch-05-043,22,110.0,staple,"",0
batch-05-043,377,95.0,protein,"",1
batch-05-043,625,220.0,vegetable,"",2
batch-05-043,736,100.0,fruit,"",3
batch-05-044,26,110.0,staple,"",0
batch-05-044,378,95.0,protein,"",1
batch-05-044,630,220.0,vegetable,"",2
batch-05-044,736,100.0,fruit,"",3
batch-05-045,22,110.0,staple,"",0
batch-05-045,383,95.0,protein,"",1
batch-05-045,631,220.0,vegetable,"",2
batch-05-045,736,100.0,fruit,"",3
batch-05-046,26,110.0,staple,"",0
batch-05-046,373,95.0,protein,"",1
batch-05-046,632,220.0,vegetable,"",2
batch-05-046,736,100.0,fruit,"",3
batch-05-047,22,110.0,staple,"",0
batch-05-047,1035,55.0,protein,"",1
batch-05-047,636,220.0,vegetable,"",2
batch-05-047,736,100.0,fruit,"",3
batch-05-048,26,110.0,staple,"",0
batch-05-048,846,65.0,protein,"",1
batch-05-048,637,220.0,vegetable,"",2
batch-05-048,736,100.0,fruit,"",3
batch-05-049,22,110.0,staple,"",0
batch-05-049,1032,85.0,protein,"",1
batch-05-049,639,220.0,vegetable,"",2
batch-05-049,736,100.0,fruit,"",3
batch-05-050,26,110.0,staple,"",0
batch-05-050,376,75.0,protein,"",1
batch-05-050,640,220.0,vegetable,"",2
batch-05-050,736,100.0,fruit,"",3
batch-05-051,22,110.0,staple,"",0
batch-05-051,370,75.0,protein,"",1
batch-05-051,623,220.0,vegetable,"",2
batch-05-051,736,100.0,fruit,"",3
batch-05-052,1145,100.0,beverage,"",0
batch-05-052,694,120.0,fruit,"",1
batch-05-053,1145,100.0,beverage,"",0
batch-05-053,736,120.0,fruit,"",1
batch-05-054,253,80.0,staple,"",0
batch-05-054,688,120.0,fruit,"",1
batch-05-055,251,80.0,staple,"",0
batch-05-055,712,100.0,fruit,"",1
batch-05-056,377,50.0,protein,"",0
batch-05-056,717,120.0,fruit,"",1
batch-05-057,378,60.0,protein,"",0
batch-05-057,725,100.0,fruit,"",1
batch-05-058,31,100.0,staple,"",0
batch-05-058,746,100.0,fruit,"",1
batch-05-059,243,80.0,staple,"",0
batch-05-059,694,120.0,fruit,"",1
batch-05-060,431,60.0,protein,"",0
batch-05-060,736,120.0,fruit,"",1
batch-06-001,245,150.0,staple,"",0
batch-06-001,377,80.0,protein,"",1
batch-06-001,703,100.0,fruit,"",2
batch-06-002,247,150.0,staple,"",0
batch-06-002,378,80.0,protein,"",1
batch-06-002,704,100.0,fruit,"",2
batch-06-003,250,150.0,staple,"",0
batch-06-003,383,80.0,protein,"",1
batch-06-003,730,100.0,fruit,"",2
batch-06-004,251,150.0,staple,"",0
batch-06-004,431,80.0,protein,"",1
batch-06-004,733,100.0,fruit,"",2
batch-06-005,252,150.0,staple,"",0
batch-06-005,373,80.0,protein,"",1
batch-06-005,753,100.0,fruit,"",2
batch-06-006,253,120.0,staple,"",0
batch-06-006,1145,150.0,beverage,"",1
batch-06-006,683,100.0,fruit,"",2
batch-06-007,249,150.0,staple,"",0
batch-06-007,383,80.0,protein,"",1
batch-06-007,715,100.0,fruit,"",2
batch-06-008,31,120.0,staple,"",0
batch-06-008,377,80.0,protein,"",1
batch-06-008,703,100.0,fruit,"",2
batch-06-009,33,120.0,staple,"",0
batch-06-009,378,80.0,protein,"",1
batch-06-009,704,100.0,fruit,"",2
batch-06-010,45,60.0,staple,"",0
batch-06-010,1144,200.0,beverage,"",1
batch-06-010,730,100.0,fruit,"",2
batch-06-011,243,150.0,staple,"",0
batch-06-011,373,80.0,protein,"",1
batch-06-011,733,100.0,fruit,"",2
batch-06-012,244,120.0,staple,"",0
batch-06-012,431,80.0,protein,"",1
batch-06-012,753,100.0,fruit,"",2
batch-06-013,245,150.0,staple,"",0
batch-06-013,1145,150.0,beverage,"",1
batch-06-013,683,100.0,fruit,"",2
batch-06-014,250,150.0,staple,"",0
batch-06-014,377,80.0,protein,"",1
batch-06-014,715,100.0,fruit,"",2
batch-06-015,247,150.0,staple,"",0
batch-06-015,383,80.0,protein,"",1
batch-06-015,703,100.0,fruit,"",2
batch-06-016,22,120.0,staple,"",0
batch-06-016,867,75.0,protein,"",1
batch-06-016,647,200.0,vegetable,"",2
batch-06-016,683,100.0,fruit,"",3
batch-06-017,26,120.0,staple,"",0
batch-06-017,1036,90.0,protein,"",1
batch-06-017,657,200.0,vegetable,"",2
batch-06-017,683,100.0,fruit,"",3
batch-06-018,22,120.0,staple,"",0
batch-06-018,1021,90.0,protein,"",1
batch-06-018,661,200.0,vegetable,"",2
batch-06-018,683,100.0,fruit,"",3
batch-06-019,26,120.0,staple,"",0
batch-06-019,1034,80.0,protein,"",1
batch-06-019,662,200.0,vegetable,"",2
batch-06-019,683,100.0,fruit,"",3
batch-06-020,22,120.0,staple,"",0
batch-06-020,1038,90.0,protein,"",1
batch-06-020,669,200.0,vegetable,"",2
batch-06-020,683,100.0,fruit,"",3
batch-06-021,26,120.0,staple,"",0
batch-06-021,1039,90.0,protein,"",1
batch-06-021,672,200.0,vegetable,"",2
batch-06-021,683,100.0,fruit,"",3
batch-06-022,22,120.0,staple,"",0
batch-06-022,1018,80.0,protein,"",1
batch-06-022,679,200.0,vegetable,"",2
batch-06-022,683,100.0,fruit,"",3
batch-06-023,26,120.0,staple,"",0
batch-06-023,431,100.0,protein,"",1
batch-06-023,681,200.0,vegetable,"",2
batch-06-023,683,100.0,fruit,"",3
batch-06-024,22,120.0,staple,"",0
batch-06-024,452,60.0,protein,"",1
batch-06-024,647,200.0,vegetable,"",2
batch-06-024,683,100.0,fruit,"",3
batch-06-025,26,120.0,staple,"",0
batch-06-025,377,100.0,protein,"",1
batch-06-025,657,200.0,vegetable,"",2
batch-06-025,683,100.0,fruit,"",3
batch-06-026,22,120.0,staple,"",0
batch-06-026,378,100.0,protein,"",1
batch-06-026,661,200.0,vegetable,"",2
batch-06-026,683,100.0,fruit,"",3
batch-06-027,26,120.0,staple,"",0
batch-06-027,383,100.0,protein,"",1
batch-06-027,662,200.0,vegetable,"",2
batch-06-027,683,100.0,fruit,"",3
batch-06-028,22,120.0,staple,"",0
batch-06-028,373,100.0,protein,"",1
batch-06-028,669,200.0,vegetable,"",2
batch-06-028,683,100.0,fruit,"",3
batch-06-029,26,120.0,staple,"",0
batch-06-029,1035,60.0,protein,"",1
batch-06-029,672,200.0,vegetable,"",2
batch-06-029,683,100.0,fruit,"",3
batch-06-030,22,120.0,staple,"",0
batch-06-030,846,70.0,protein,"",1
batch-06-030,679,200.0,vegetable,"",2
batch-06-030,683,100.0,fruit,"",3
batch-06-031,26,120.0,staple,"",0
batch-06-031,1032,90.0,protein,"",1
batch-06-031,681,200.0,vegetable,"",2
batch-06-031,683,100.0,fruit,"",3
batch-06-032,22,120.0,staple,"",0
batch-06-032,376,80.0,protein,"",1
batch-06-032,647,200.0,vegetable,"",2
batch-06-032,683,100.0,fruit,"",3
batch-06-033,26,120.0,staple,"",0
batch-06-033,370,80.0,protein,"",1
batch-06-033,661,200.0,vegetable,"",2
batch-06-033,683,100.0,fruit,"",3
batch-06-034,26,110.0,staple,"",0
batch-06-034,867,70.0,protein,"",1
batch-06-034,657,220.0,vegetable,"",2
batch-06-034,715,100.0,fruit,"",3
batch-06-035,22,110.0,staple,"",0
batch-06-035,1036,85.0,protein,"",1
batch-06-035,661,220.0,vegetable,"",2
batch-06-035,715,100.0,fruit,"",3
batch-06-036,26,110.0,staple,"",0
batch-06-036,1021,85.0,protein,"",1
batch-06-036,662,220.0,vegetable,"",2
batch-06-036,715,100.0,fruit,"",3
batch-06-037,22,110.0,staple,"",0
batch-06-037,1034,75.0,protein,"",1
batch-06-037,669,220.0,vegetable,"",2
batch-06-037,715,100.0,fruit,"",3
batch-06-038,26,110.0,staple,"",0
batch-06-038,1038,85.0,protein,"",1
batch-06-038,672,220.0,vegetable,"",2
batch-06-038,715,100.0,fruit,"",3
batch-06-039,22,110.0,staple,"",0
batch-06-039,1039,85.0,protein,"",1
batch-06-039,679,220.0,vegetable,"",2
batch-06-039,715,100.0,fruit,"",3
batch-06-040,26,110.0,staple,"",0
batch-06-040,1018,75.0,protein,"",1
batch-06-040,681,220.0,vegetable,"",2
batch-06-040,715,100.0,fruit,"",3
batch-06-041,22,110.0,staple,"",0
batch-06-041,431,95.0,protein,"",1
batch-06-041,647,220.0,vegetable,"",2
batch-06-041,715,100.0,fruit,"",3
batch-06-042,26,110.0,staple,"",0
batch-06-042,452,55.0,protein,"",1
batch-06-042,657,220.0,vegetable,"",2
batch-06-042,715,100.0,fruit,"",3
batch-06-043,22,110.0,staple,"",0
batch-06-043,377,95.0,protein,"",1
batch-06-043,661,220.0,vegetable,"",2
batch-06-043,715,100.0,fruit,"",3
batch-06-044,26,110.0,staple,"",0
batch-06-044,378,95.0,protein,"",1
batch-06-044,662,220.0,vegetable,"",2
batch-06-044,715,100.0,fruit,"",3
batch-06-045,22,110.0,staple,"",0
batch-06-045,383,95.0,protein,"",1
batch-06-045,669,220.0,vegetable,"",2
batch-06-045,715,100.0,fruit,"",3
batch-06-046,26,110.0,staple,"",0
batch-06-046,373,95.0,protein,"",1
batch-06-046,672,220.0,vegetable,"",2
batch-06-046,715,100.0,fruit,"",3
batch-06-047,22,110.0,staple,"",0
batch-06-047,1035,55.0,protein,"",1
batch-06-047,679,220.0,vegetable,"",2
batch-06-047,715,100.0,fruit,"",3
batch-06-048,26,110.0,staple,"",0
batch-06-048,846,65.0,protein,"",1
batch-06-048,681,220.0,vegetable,"",2
batch-06-048,715,100.0,fruit,"",3
batch-06-049,22,110.0,staple,"",0
batch-06-049,1032,85.0,protein,"",1
batch-06-049,647,220.0,vegetable,"",2
batch-06-049,715,100.0,fruit,"",3
batch-06-050,26,110.0,staple,"",0
batch-06-050,376,75.0,protein,"",1
batch-06-050,661,220.0,vegetable,"",2
batch-06-050,715,100.0,fruit,"",3
batch-06-051,22,110.0,staple,"",0
batch-06-051,370,75.0,protein,"",1
batch-06-051,669,220.0,vegetable,"",2
batch-06-051,715,100.0,fruit,"",3
batch-06-052,1145,100.0,beverage,"",0
batch-06-052,683,150.0,fruit,"",1
batch-06-053,1145,100.0,beverage,"",0
batch-06-053,715,150.0,fruit,"",1
batch-06-054,253,80.0,staple,"",0
batch-06-054,703,120.0,fruit,"",1
batch-06-055,251,80.0,staple,"",0
batch-06-055,704,100.0,fruit,"",1
batch-06-056,377,50.0,protein,"",0
batch-06-056,730,120.0,fruit,"",1
batch-06-057,378,60.0,protein,"",0
batch-06-057,733,100.0,fruit,"",1
batch-06-058,31,100.0,staple,"",0
batch-06-058,753,100.0,fruit,"",1
batch-06-059,243,80.0,staple,"",0
batch-06-059,683,150.0,fruit,"",1
batch-06-060,431,60.0,protein,"",0
batch-06-060,715,120.0,fruit,"",1
batch-07-001,245,150.0,staple,"",0
batch-07-001,377,80.0,protein,"",1
batch-07-001,705,100.0,fruit,"",2
batch-07-002,247,150.0,staple,"",0
batch-07-002,378,80.0,protein,"",1
batch-07-002,706,100.0,fruit,"",2
batch-07-003,250,150.0,staple,"",0
batch-07-003,383,80.0,protein,"",1
batch-07-003,689,100.0,fruit,"",2
batch-07-004,251,150.0,staple,"",0
batch-07-004,431,80.0,protein,"",1
batch-07-004,693,100.0,fruit,"",2
batch-07-005,252,150.0,staple,"",0
batch-07-005,373,80.0,protein,"",1
batch-07-005,695,100.0,fruit,"",2
batch-07-006,253,120.0,staple,"",0
batch-07-006,1145,150.0,beverage,"",1
batch-07-006,687,100.0,fruit,"",2
batch-07-007,249,150.0,staple,"",0
batch-07-007,383,80.0,protein,"",1
batch-07-007,718,100.0,fruit,"",2
batch-07-008,31,120.0,staple,"",0
batch-07-008,377,80.0,protein,"",1
batch-07-008,705,100.0,fruit,"",2
batch-07-009,33,120.0,staple,"",0
batch-07-009,378,80.0,protein,"",1
batch-07-009,706,100.0,fruit,"",2
batch-07-010,45,60.0,staple,"",0
batch-07-010,1144,200.0,beverage,"",1
batch-07-010,689,100.0,fruit,"",2
batch-07-011,243,150.0,staple,"",0
batch-07-011,373,80.0,protein,"",1
batch-07-011,693,100.0,fruit,"",2
batch-07-012,244,120.0,staple,"",0
batch-07-012,431,80.0,protein,"",1
batch-07-012,695,100.0,fruit,"",2
batch-07-013,245,150.0,staple,"",0
batch-07-013,1145,150.0,beverage,"",1
batch-07-013,687,100.0,fruit,"",2
batch-07-014,250,150.0,staple,"",0
batch-07-014,377,80.0,protein,"",1
batch-07-014,718,100.0,fruit,"",2
batch-07-015,247,150.0,staple,"",0
batch-07-015,383,80.0,protein,"",1
batch-07-015,705,100.0,fruit,"",2
batch-07-016,22,120.0,staple,"",0
batch-07-016,867,80.0,protein,"",1
batch-07-016,497,200.0,vegetable,"",2
batch-07-016,687,100.0,fruit,"",3
batch-07-017,26,120.0,staple,"",0
batch-07-017,1036,90.0,protein,"",1
batch-07-017,501,200.0,vegetable,"",2
batch-07-017,687,100.0,fruit,"",3
batch-07-018,22,120.0,staple,"",0
batch-07-018,1021,90.0,protein,"",1
batch-07-018,513,200.0,vegetable,"",2
batch-07-018,687,100.0,fruit,"",3
batch-07-019,26,120.0,staple,"",0
batch-07-019,1034,80.0,protein,"",1
batch-07-019,514,200.0,vegetable,"",2
batch-07-019,687,100.0,fruit,"",3
batch-07-020,22,120.0,staple,"",0
batch-07-020,1038,90.0,protein,"",1
batch-07-020,538,200.0,vegetable,"",2
batch-07-020,687,100.0,fruit,"",3
batch-07-021,26,120.0,staple,"",0
batch-07-021,1039,90.0,protein,"",1
batch-07-021,578,200.0,vegetable,"",2
batch-07-021,687,100.0,fruit,"",3
batch-07-022,22,120.0,staple,"",0
batch-07-022,1018,80.0,protein,"",1
batch-07-022,593,200.0,vegetable,"",2
batch-07-022,687,100.0,fruit,"",3
batch-07-023,26,120.0,staple,"",0
batch-07-023,431,100.0,protein,"",1
batch-07-023,596,200.0,vegetable,"",2
batch-07-023,687,100.0,fruit,"",3
batch-07-024,22,120.0,staple,"",0
batch-07-024,452,70.0,protein,"",1
batch-07-024,609,200.0,vegetable,"",2
batch-07-024,687,100.0,fruit,"",3
batch-07-025,26,120.0,staple,"",0
batch-07-025,377,100.0,protein,"",1
batch-07-025,497,200.0,vegetable,"",2
batch-07-025,687,100.0,fruit,"",3
batch-07-026,22,120.0,staple,"",0
batch-07-026,378,100.0,protein,"",1
batch-07-026,501,200.0,vegetable,"",2
batch-07-026,687,100.0,fruit,"",3
batch-07-027,26,120.0,staple,"",0
batch-07-027,383,100.0,protein,"",1
batch-07-027,513,200.0,vegetable,"",2
batch-07-027,687,100.0,fruit,"",3
batch-07-028,22,120.0,staple,"",0
batch-07-028,373,100.0,protein,"",1
batch-07-028,514,200.0,vegetable,"",2
batch-07-028,687,100.0,fruit,"",3
batch-07-029,26,120.0,staple,"",0
batch-07-029,1035,60.0,protein,"",1
batch-07-029,538,200.0,vegetable,"",2
batch-07-029,687,100.0,fruit,"",3
batch-07-030,22,120.0,staple,"",0
batch-07-030,846,70.0,protein,"",1
batch-07-030,578,200.0,vegetable,"",2
batch-07-030,687,100.0,fruit,"",3
batch-07-031,26,120.0,staple,"",0
batch-07-031,1032,90.0,protein,"",1
batch-07-031,593,200.0,vegetable,"",2
batch-07-031,687,100.0,fruit,"",3
batch-07-032,22,120.0,staple,"",0
batch-07-032,376,80.0,protein,"",1
batch-07-032,596,200.0,vegetable,"",2
batch-07-032,687,100.0,fruit,"",3
batch-07-033,26,120.0,staple,"",0
batch-07-033,370,80.0,protein,"",1
batch-07-033,609,200.0,vegetable,"",2
batch-07-033,687,100.0,fruit,"",3
batch-07-034,26,110.0,staple,"",0
batch-07-034,867,75.0,protein,"",1
batch-07-034,501,220.0,vegetable,"",2
batch-07-034,718,100.0,fruit,"",3
batch-07-035,22,110.0,staple,"",0
batch-07-035,1036,85.0,protein,"",1
batch-07-035,513,220.0,vegetable,"",2
batch-07-035,718,100.0,fruit,"",3
batch-07-036,26,110.0,staple,"",0
batch-07-036,1021,85.0,protein,"",1
batch-07-036,514,220.0,vegetable,"",2
batch-07-036,718,100.0,fruit,"",3
batch-07-037,22,110.0,staple,"",0
batch-07-037,1034,75.0,protein,"",1
batch-07-037,538,220.0,vegetable,"",2
batch-07-037,718,100.0,fruit,"",3
batch-07-038,26,110.0,staple,"",0
batch-07-038,1038,85.0,protein,"",1
batch-07-038,578,220.0,vegetable,"",2
batch-07-038,718,100.0,fruit,"",3
batch-07-039,22,110.0,staple,"",0
batch-07-039,1039,85.0,protein,"",1
batch-07-039,593,220.0,vegetable,"",2
batch-07-039,718,100.0,fruit,"",3
batch-07-040,26,110.0,staple,"",0
batch-07-040,1018,75.0,protein,"",1
batch-07-040,596,220.0,vegetable,"",2
batch-07-040,718,100.0,fruit,"",3
batch-07-041,22,110.0,staple,"",0
batch-07-041,431,95.0,protein,"",1
batch-07-041,609,220.0,vegetable,"",2
batch-07-041,718,100.0,fruit,"",3
batch-07-042,26,110.0,staple,"",0
batch-07-042,452,65.0,protein,"",1
batch-07-042,497,220.0,vegetable,"",2
batch-07-042,718,100.0,fruit,"",3
batch-07-043,22,110.0,staple,"",0
batch-07-043,377,95.0,protein,"",1
batch-07-043,501,220.0,vegetable,"",2
batch-07-043,718,100.0,fruit,"",3
batch-07-044,26,110.0,staple,"",0
batch-07-044,378,95.0,protein,"",1
batch-07-044,513,220.0,vegetable,"",2
batch-07-044,718,100.0,fruit,"",3
batch-07-045,22,110.0,staple,"",0
batch-07-045,383,95.0,protein,"",1
batch-07-045,514,220.0,vegetable,"",2
batch-07-045,718,100.0,fruit,"",3
batch-07-046,26,110.0,staple,"",0
batch-07-046,373,95.0,protein,"",1
batch-07-046,538,220.0,vegetable,"",2
batch-07-046,718,100.0,fruit,"",3
batch-07-047,22,110.0,staple,"",0
batch-07-047,1035,55.0,protein,"",1
batch-07-047,578,220.0,vegetable,"",2
batch-07-047,718,100.0,fruit,"",3
batch-07-048,26,110.0,staple,"",0
batch-07-048,846,65.0,protein,"",1
batch-07-048,593,220.0,vegetable,"",2
batch-07-048,718,100.0,fruit,"",3
batch-07-049,22,110.0,staple,"",0
batch-07-049,1032,85.0,protein,"",1
batch-07-049,596,220.0,vegetable,"",2
batch-07-049,718,100.0,fruit,"",3
batch-07-050,26,110.0,staple,"",0
batch-07-050,376,75.0,protein,"",1
batch-07-050,609,220.0,vegetable,"",2
batch-07-050,718,100.0,fruit,"",3
batch-07-051,22,110.0,staple,"",0
batch-07-051,370,75.0,protein,"",1
batch-07-051,497,220.0,vegetable,"",2
batch-07-051,718,100.0,fruit,"",3
batch-07-052,1145,100.0,beverage,"",0
batch-07-052,687,150.0,fruit,"",1
batch-07-053,1145,100.0,beverage,"",0
batch-07-053,718,150.0,fruit,"",1
batch-07-054,253,80.0,staple,"",0
batch-07-054,705,120.0,fruit,"",1
batch-07-055,251,80.0,staple,"",0
batch-07-055,706,100.0,fruit,"",1
batch-07-056,377,50.0,protein,"",0
batch-07-056,695,120.0,fruit,"",1
batch-07-057,378,60.0,protein,"",0
batch-07-057,689,100.0,fruit,"",1
batch-07-058,31,100.0,staple,"",0
batch-07-058,693,100.0,fruit,"",1
batch-07-059,243,80.0,staple,"",0
batch-07-059,687,150.0,fruit,"",1
batch-07-060,431,60.0,protein,"",0
batch-07-060,718,120.0,fruit,"",1
batch-08-001,245,150.0,staple,"",0
batch-08-001,377,80.0,protein,"",1
batch-08-001,724,100.0,fruit,"",2
batch-08-002,247,150.0,staple,"",0
batch-08-002,378,80.0,protein,"",1
batch-08-002,710,100.0,fruit,"",2
batch-08-003,250,150.0,staple,"",0
batch-08-003,383,80.0,protein,"",1
batch-08-003,709,100.0,fruit,"",2
batch-08-004,251,150.0,staple,"",0
batch-08-004,431,80.0,protein,"",1
batch-08-004,714,100.0,fruit,"",2
batch-08-005,252,150.0,staple,"",0
batch-08-005,373,80.0,protein,"",1
batch-08-005,716,100.0,fruit,"",2
batch-08-006,253,120.0,staple,"",0
batch-08-006,1145,150.0,beverage,"",1
batch-08-006,707,100.0,fruit,"",2
batch-08-007,249,150.0,staple,"",0
batch-08-007,383,80.0,protein,"",1
batch-08-007,719,100.0,fruit,"",2
batch-08-008,31,120.0,staple,"",0
batch-08-008,377,80.0,protein,"",1
batch-08-008,724,100.0,fruit,"",2
batch-08-009,33,120.0,staple,"",0
batch-08-009,378,80.0,protein,"",1
batch-08-009,710,100.0,fruit,"",2
batch-08-010,45,60.0,staple,"",0
batch-08-010,1144,200.0,beverage,"",1
batch-08-010,709,100.0,fruit,"",2
batch-08-011,243,150.0,staple,"",0
batch-08-011,373,80.0,protein,"",1
batch-08-011,714,100.0,fruit,"",2
batch-08-012,244,120.0,staple,"",0
batch-08-012,431,80.0,protein,"",1
batch-08-012,716,100.0,fruit,"",2
batch-08-013,245,150.0,staple,"",0
batch-08-013,1145,150.0,beverage,"",1
batch-08-013,707,100.0,fruit,"",2
batch-08-014,250,150.0,staple,"",0
batch-08-014,377,80.0,protein,"",1
batch-08-014,719,100.0,fruit,"",2
batch-08-015,247,150.0,staple,"",0
batch-08-015,383,80.0,protein,"",1
batch-08-015,724,100.0,fruit,"",2
batch-08-016,22,120.0,staple,"",0
batch-08-016,867,80.0,protein,"",1
batch-08-016,464,200.0,vegetable,"",2
batch-08-016,707,100.0,fruit,"",3
batch-08-017,26,120.0,staple,"",0
batch-08-017,1036,90.0,protein,"",1
batch-08-017,465,200.0,vegetable,"",2
batch-08-017,707,100.0,fruit,"",3
batch-08-018,22,120.0,staple,"",0
batch-08-018,1021,90.0,protein,"",1
batch-08-018,468,200.0,vegetable,"",2
batch-08-018,707,100.0,fruit,"",3
batch-08-019,26,120.0,staple,"",0
batch-08-019,1034,80.0,protein,"",1
batch-08-019,469,200.0,vegetable,"",2
batch-08-019,707,100.0,fruit,"",3
batch-08-020,22,120.0,staple,"",0
batch-08-020,1038,90.0,protein,"",1
batch-08-020,470,200.0,vegetable,"",2
batch-08-020,707,100.0,fruit,"",3
batch-08-021,26,120.0,staple,"",0
batch-08-021,1039,90.0,protein,"",1
batch-08-021,471,200.0,vegetable,"",2
batch-08-021,707,100.0,fruit,"",3
batch-08-022,22,120.0,staple,"",0
batch-08-022,1018,80.0,protein,"",1
batch-08-022,480,200.0,vegetable,"",2
batch-08-022,707,100.0,fruit,"",3
batch-08-023,26,120.0,staple,"",0
batch-08-023,431,100.0,protein,"",1
batch-08-023,490,200.0,vegetable,"",2
batch-08-023,707,100.0,fruit,"",3
batch-08-024,22,120.0,staple,"",0
batch-08-024,452,60.0,protein,"",1
batch-08-024,471,200.0,vegetable,"",2
batch-08-024,707,100.0,fruit,"",3
batch-08-025,26,120.0,staple,"",0
batch-08-025,377,100.0,protein,"",1
batch-08-025,493,200.0,vegetable,"",2
batch-08-025,707,100.0,fruit,"",3
batch-08-026,22,120.0,staple,"",0
batch-08-026,378,100.0,protein,"",1
batch-08-026,464,200.0,vegetable,"",2
batch-08-026,707,100.0,fruit,"",3
batch-08-027,26,120.0,staple,"",0
batch-08-027,383,100.0,protein,"",1
batch-08-027,465,200.0,vegetable,"",2
batch-08-027,707,100.0,fruit,"",3
batch-08-028,22,120.0,staple,"",0
batch-08-028,373,100.0,protein,"",1
batch-08-028,468,200.0,vegetable,"",2
batch-08-028,707,100.0,fruit,"",3
batch-08-029,26,120.0,staple,"",0
batch-08-029,1035,60.0,protein,"",1
batch-08-029,469,200.0,vegetable,"",2
batch-08-029,707,100.0,fruit,"",3
batch-08-030,22,120.0,staple,"",0
batch-08-030,846,70.0,protein,"",1
batch-08-030,470,200.0,vegetable,"",2
batch-08-030,707,100.0,fruit,"",3
batch-08-031,26,120.0,staple,"",0
batch-08-031,1032,90.0,protein,"",1
batch-08-031,480,200.0,vegetable,"",2
batch-08-031,707,100.0,fruit,"",3
batch-08-032,22,120.0,staple,"",0
batch-08-032,376,80.0,protein,"",1
batch-08-032,490,200.0,vegetable,"",2
batch-08-032,707,100.0,fruit,"",3
batch-08-033,26,120.0,staple,"",0
batch-08-033,370,80.0,protein,"",1
batch-08-033,493,200.0,vegetable,"",2
batch-08-033,707,100.0,fruit,"",3
batch-08-034,26,110.0,staple,"",0
batch-08-034,867,75.0,protein,"",1
batch-08-034,465,220.0,vegetable,"",2
batch-08-034,719,100.0,fruit,"",3
batch-08-035,22,110.0,staple,"",0
batch-08-035,1036,85.0,protein,"",1
batch-08-035,468,220.0,vegetable,"",2
batch-08-035,719,100.0,fruit,"",3
batch-08-036,26,110.0,staple,"",0
batch-08-036,1021,85.0,protein,"",1
batch-08-036,469,220.0,vegetable,"",2
batch-08-036,719,100.0,fruit,"",3
batch-08-037,22,110.0,staple,"",0
batch-08-037,1034,75.0,protein,"",1
batch-08-037,470,220.0,vegetable,"",2
batch-08-037,719,100.0,fruit,"",3
batch-08-038,26,110.0,staple,"",0
batch-08-038,1038,85.0,protein,"",1
batch-08-038,471,220.0,vegetable,"",2
batch-08-038,719,100.0,fruit,"",3
batch-08-039,22,110.0,staple,"",0
batch-08-039,1039,85.0,protein,"",1
batch-08-039,480,220.0,vegetable,"",2
batch-08-039,719,100.0,fruit,"",3
batch-08-040,26,110.0,staple,"",0
batch-08-040,1018,75.0,protein,"",1
batch-08-040,490,220.0,vegetable,"",2
batch-08-040,719,100.0,fruit,"",3
batch-08-041,22,110.0,staple,"",0
batch-08-041,431,95.0,protein,"",1
batch-08-041,464,220.0,vegetable,"",2
batch-08-041,719,100.0,fruit,"",3
batch-08-042,26,110.0,staple,"",0
batch-08-042,452,55.0,protein,"",1
batch-08-042,471,220.0,vegetable,"",2
batch-08-042,719,100.0,fruit,"",3
batch-08-043,22,110.0,staple,"",0
batch-08-043,377,95.0,protein,"",1
batch-08-043,493,220.0,vegetable,"",2
batch-08-043,719,100.0,fruit,"",3
batch-08-044,26,110.0,staple,"",0
batch-08-044,378,95.0,protein,"",1
batch-08-044,465,220.0,vegetable,"",2
batch-08-044,719,100.0,fruit,"",3
batch-08-045,22,110.0,staple,"",0
batch-08-045,383,95.0,protein,"",1
batch-08-045,468,220.0,vegetable,"",2
batch-08-045,719,100.0,fruit,"",3
batch-08-046,26,110.0,staple,"",0
batch-08-046,373,95.0,protein,"",1
batch-08-046,469,220.0,vegetable,"",2
batch-08-046,719,100.0,fruit,"",3
batch-08-047,22,110.0,staple,"",0
batch-08-047,1035,55.0,protein,"",1
batch-08-047,470,220.0,vegetable,"",2
batch-08-047,719,100.0,fruit,"",3
batch-08-048,26,110.0,staple,"",0
batch-08-048,846,65.0,protein,"",1
batch-08-048,480,220.0,vegetable,"",2
batch-08-048,719,100.0,fruit,"",3
batch-08-049,22,110.0,staple,"",0
batch-08-049,1032,85.0,protein,"",1
batch-08-049,490,220.0,vegetable,"",2
batch-08-049,719,100.0,fruit,"",3
batch-08-050,26,110.0,staple,"",0
batch-08-050,376,75.0,protein,"",1
batch-08-050,493,220.0,vegetable,"",2
batch-08-050,719,100.0,fruit,"",3
batch-08-051,22,110.0,staple,"",0
batch-08-051,370,75.0,protein,"",1
batch-08-051,464,220.0,vegetable,"",2
batch-08-051,719,100.0,fruit,"",3
batch-08-052,1145,100.0,beverage,"",0
batch-08-052,707,150.0,fruit,"",1
batch-08-053,1145,100.0,beverage,"",0
batch-08-053,719,150.0,fruit,"",1
batch-08-054,253,80.0,staple,"",0
batch-08-054,724,120.0,fruit,"",1
batch-08-055,251,80.0,staple,"",0
batch-08-055,710,100.0,fruit,"",1
batch-08-056,377,50.0,protein,"",0
batch-08-056,714,120.0,fruit,"",1
batch-08-057,378,60.0,protein,"",0
batch-08-057,716,100.0,fruit,"",1
batch-08-058,31,100.0,staple,"",0
batch-08-058,728,100.0,fruit,"",1
batch-08-059,243,80.0,staple,"",0
batch-08-059,707,150.0,fruit,"",1
batch-08-060,431,60.0,protein,"",0
batch-08-060,719,120.0,fruit,"",1
batch-09-001,245,150.0,staple,"",0
batch-09-001,377,80.0,protein,"",1
batch-09-001,744,100.0,fruit,"",2
batch-09-002,247,150.0,staple,"",0
batch-09-002,378,80.0,protein,"",1
batch-09-002,743,100.0,fruit,"",2
batch-09-003,250,150.0,staple,"",0
batch-09-003,383,80.0,protein,"",1
batch-09-003,731,100.0,fruit,"",2
batch-09-004,251,150.0,staple,"",0
batch-09-004,431,80.0,protein,"",1
batch-09-004,738,100.0,fruit,"",2
batch-09-005,252,150.0,staple,"",0
batch-09-005,373,80.0,protein,"",1
batch-09-005,739,100.0,fruit,"",2
batch-09-006,253,120.0,staple,"",0
batch-09-006,1145,150.0,beverage,"",1
batch-09-006,729,100.0,fruit,"",2
batch-09-007,249,150.0,staple,"",0
batch-09-007,383,80.0,protein,"",1
batch-09-007,737,100.0,fruit,"",2
batch-09-008,31,120.0,staple,"",0
batch-09-008,377,80.0,protein,"",1
batch-09-008,744,100.0,fruit,"",2
batch-09-009,33,120.0,staple,"",0
batch-09-009,378,80.0,protein,"",1
batch-09-009,743,100.0,fruit,"",2
batch-09-010,45,60.0,staple,"",0
batch-09-010,1144,200.0,beverage,"",1
batch-09-010,731,100.0,fruit,"",2
batch-09-011,243,150.0,staple,"",0
batch-09-011,373,80.0,protein,"",1
batch-09-011,738,100.0,fruit,"",2
batch-09-012,244,120.0,staple,"",0
batch-09-012,431,80.0,protein,"",1
batch-09-012,739,100.0,fruit,"",2
batch-09-013,245,150.0,staple,"",0
batch-09-013,1145,150.0,beverage,"",1
batch-09-013,729,100.0,fruit,"",2
batch-09-014,250,150.0,staple,"",0
batch-09-014,377,80.0,protein,"",1
batch-09-014,737,100.0,fruit,"",2
batch-09-015,247,150.0,staple,"",0
batch-09-015,383,80.0,protein,"",1
batch-09-015,744,100.0,fruit,"",2
batch-09-016,22,120.0,staple,"",0
batch-09-016,867,80.0,protein,"",1
batch-09-016,491,200.0,vegetable,"",2
batch-09-016,729,100.0,fruit,"",3
batch-09-017,26,120.0,staple,"",0
batch-09-017,1036,90.0,protein,"",1
batch-09-017,494,200.0,vegetable,"",2
batch-09-017,729,100.0,fruit,"",3
batch-09-018,22,120.0,staple,"",0
batch-09-018,1021,90.0,protein,"",1
batch-09-018,495,200.0,vegetable,"",2
batch-09-018,729,100.0,fruit,"",3
batch-09-019,26,120.0,staple,"",0
batch-09-019,1034,80.0,protein,"",1
batch-09-019,496,200.0,vegetable,"",2
batch-09-019,729,100.0,fruit,"",3
batch-09-020,22,120.0,staple,"",0
batch-09-020,1038,90.0,protein,"",1
batch-09-020,499,200.0,vegetable,"",2
batch-09-020,729,100.0,fruit,"",3
batch-09-021,26,120.0,staple,"",0
batch-09-021,1039,90.0,protein,"",1
batch-09-021,502,200.0,vegetable,"",2
batch-09-021,729,100.0,fruit,"",3
batch-09-022,22,120.0,staple,"",0
batch-09-022,1018,80.0,protein,"",1
batch-09-022,504,200.0,vegetable,"",2
batch-09-022,729,100.0,fruit,"",3
batch-09-023,26,120.0,staple,"",0
batch-09-023,431,100.0,protein,"",1
batch-09-023,506,200.0,vegetable,"",2
batch-09-023,729,100.0,fruit,"",3
batch-09-024,22,120.0,staple,"",0
batch-09-024,452,60.0,protein,"",1
batch-09-024,507,200.0,vegetable,"",2
batch-09-024,729,100.0,fruit,"",3
batch-09-025,26,120.0,staple,"",0
batch-09-025,377,100.0,protein,"",1
batch-09-025,491,200.0,vegetable,"",2
batch-09-025,729,100.0,fruit,"",3
batch-09-026,22,120.0,staple,"",0
batch-09-026,378,100.0,protein,"",1
batch-09-026,494,200.0,vegetable,"",2
batch-09-026,729,100.0,fruit,"",3
batch-09-027,26,120.0,staple,"",0
batch-09-027,383,100.0,protein,"",1
batch-09-027,495,200.0,vegetable,"",2
batch-09-027,729,100.0,fruit,"",3
batch-09-028,22,120.0,staple,"",0
batch-09-028,373,100.0,protein,"",1
batch-09-028,496,200.0,vegetable,"",2
batch-09-028,729,100.0,fruit,"",3
batch-09-029,26,120.0,staple,"",0
batch-09-029,1035,60.0,protein,"",1
batch-09-029,499,200.0,vegetable,"",2
batch-09-029,729,100.0,fruit,"",3
batch-09-030,22,120.0,staple,"",0
batch-09-030,846,70.0,protein,"",1
batch-09-030,502,200.0,vegetable,"",2
batch-09-030,729,100.0,fruit,"",3
batch-09-031,26,120.0,staple,"",0
batch-09-031,1032,90.0,protein,"",1
batch-09-031,504,200.0,vegetable,"",2
batch-09-031,729,100.0,fruit,"",3
batch-09-032,22,120.0,staple,"",0
batch-09-032,376,80.0,protein,"",1
batch-09-032,506,200.0,vegetable,"",2
batch-09-032,729,100.0,fruit,"",3
batch-09-033,26,120.0,staple,"",0
batch-09-033,370,80.0,protein,"",1
batch-09-033,507,200.0,vegetable,"",2
batch-09-033,729,100.0,fruit,"",3
batch-09-034,26,110.0,staple,"",0
batch-09-034,867,75.0,protein,"",1
batch-09-034,494,220.0,vegetable,"",2
batch-09-034,737,100.0,fruit,"",3
batch-09-035,22,110.0,staple,"",0
batch-09-035,1036,85.0,protein,"",1
batch-09-035,495,220.0,vegetable,"",2
batch-09-035,737,100.0,fruit,"",3
batch-09-036,26,110.0,staple,"",0
batch-09-036,1021,85.0,protein,"",1
batch-09-036,496,220.0,vegetable,"",2
batch-09-036,737,100.0,fruit,"",3
batch-09-037,22,110.0,staple,"",0
batch-09-037,1034,75.0,protein,"",1
batch-09-037,499,220.0,vegetable,"",2
batch-09-037,737,100.0,fruit,"",3
batch-09-038,26,110.0,staple,"",0
batch-09-038,1038,85.0,protein,"",1
batch-09-038,502,220.0,vegetable,"",2
batch-09-038,737,100.0,fruit,"",3
batch-09-039,22,110.0,staple,"",0
batch-09-039,1039,85.0,protein,"",1
batch-09-039,504,220.0,vegetable,"",2
batch-09-039,737,100.0,fruit,"",3
batch-09-040,26,110.0,staple,"",0
batch-09-040,1018,75.0,protein,"",1
batch-09-040,506,220.0,vegetable,"",2
batch-09-040,737,100.0,fruit,"",3
batch-09-041,22,110.0,staple,"",0
batch-09-041,431,95.0,protein,"",1
batch-09-041,507,220.0,vegetable,"",2
batch-09-041,737,100.0,fruit,"",3
batch-09-042,26,110.0,staple,"",0
batch-09-042,452,55.0,protein,"",1
batch-09-042,491,220.0,vegetable,"",2
batch-09-042,737,100.0,fruit,"",3
batch-09-043,22,110.0,staple,"",0
batch-09-043,377,95.0,protein,"",1
batch-09-043,494,220.0,vegetable,"",2
batch-09-043,737,100.0,fruit,"",3
batch-09-044,26,110.0,staple,"",0
batch-09-044,378,95.0,protein,"",1
batch-09-044,495,220.0,vegetable,"",2
batch-09-044,737,100.0,fruit,"",3
batch-09-045,22,110.0,staple,"",0
batch-09-045,383,95.0,protein,"",1
batch-09-045,496,220.0,vegetable,"",2
batch-09-045,737,100.0,fruit,"",3
batch-09-046,26,110.0,staple,"",0
batch-09-046,373,95.0,protein,"",1
batch-09-046,499,220.0,vegetable,"",2
batch-09-046,737,100.0,fruit,"",3
batch-09-047,22,110.0,staple,"",0
batch-09-047,1035,55.0,protein,"",1
batch-09-047,502,220.0,vegetable,"",2
batch-09-047,737,100.0,fruit,"",3
batch-09-048,26,110.0,staple,"",0
batch-09-048,846,65.0,protein,"",1
batch-09-048,504,220.0,vegetable,"",2
batch-09-048,737,100.0,fruit,"",3
batch-09-049,22,110.0,staple,"",0
batch-09-049,1032,85.0,protein,"",1
batch-09-049,506,220.0,vegetable,"",2
batch-09-049,737,100.0,fruit,"",3
batch-09-050,26,110.0,staple,"",0
batch-09-050,376,75.0,protein,"",1
batch-09-050,507,220.0,vegetable,"",2
batch-09-050,737,100.0,fruit,"",3
batch-09-051,22,110.0,staple,"",0
batch-09-051,370,75.0,protein,"",1
batch-09-051,491,220.0,vegetable,"",2
batch-09-051,737,100.0,fruit,"",3
batch-09-052,1145,100.0,beverage,"",0
batch-09-052,729,150.0,fruit,"",1
batch-09-053,1145,100.0,beverage,"",0
batch-09-053,737,150.0,fruit,"",1
batch-09-054,253,80.0,staple,"",0
batch-09-054,744,120.0,fruit,"",1
batch-09-055,251,80.0,staple,"",0
batch-09-055,731,100.0,fruit,"",1
batch-09-056,377,50.0,protein,"",0
batch-09-056,738,120.0,fruit,"",1
batch-09-057,378,60.0,protein,"",0
batch-09-057,739,100.0,fruit,"",1
batch-09-058,31,100.0,staple,"",0
batch-09-058,740,100.0,fruit,"",1
batch-09-059,243,80.0,staple,"",0
batch-09-059,729,150.0,fruit,"",1
batch-09-060,431,60.0,protein,"",0
batch-09-060,737,120.0,fruit,"",1
batch-10-001,245,150.0,staple,"",0
batch-10-001,377,80.0,protein,"",1
batch-10-001,759,100.0,fruit,"",2
batch-10-002,247,150.0,staple,"",0
batch-10-002,378,80.0,protein,"",1
batch-10-002,758,100.0,fruit,"",2
batch-10-003,250,150.0,staple,"",0
batch-10-003,383,80.0,protein,"",1
batch-10-003,757,100.0,fruit,"",2
batch-10-004,251,150.0,staple,"",0
batch-10-004,431,80.0,protein,"",1
batch-10-004,742,100.0,fruit,"",2
batch-10-005,252,150.0,staple,"",0
batch-10-005,373,80.0,protein,"",1
batch-10-005,745,100.0,fruit,"",2
batch-10-006,253,120.0,staple,"",0
batch-10-006,1145,150.0,beverage,"",1
batch-10-006,741,100.0,fruit,"",2
batch-10-007,249,150.0,staple,"",0
batch-10-007,383,80.0,protein,"",1
batch-10-007,748,100.0,fruit,"",2
batch-10-008,31,120.0,staple,"",0
batch-10-008,377,80.0,protein,"",1
batch-10-008,759,100.0,fruit,"",2
batch-10-009,33,120.0,staple,"",0
batch-10-009,378,80.0,protein,"",1
batch-10-009,758,100.0,fruit,"",2
batch-10-010,45,60.0,staple,"",0
batch-10-010,1144,200.0,beverage,"",1
batch-10-010,757,100.0,fruit,"",2
batch-10-011,243,150.0,staple,"",0
batch-10-011,373,80.0,protein,"",1
batch-10-011,742,100.0,fruit,"",2
batch-10-012,244,120.0,staple,"",0
batch-10-012,431,80.0,protein,"",1
batch-10-012,745,100.0,fruit,"",2
batch-10-013,245,150.0,staple,"",0
batch-10-013,1145,150.0,beverage,"",1
batch-10-013,741,100.0,fruit,"",2
batch-10-014,250,150.0,staple,"",0
batch-10-014,377,80.0,protein,"",1
batch-10-014,748,100.0,fruit,"",2
batch-10-015,247,150.0,staple,"",0
batch-10-015,383,80.0,protein,"",1
batch-10-015,759,100.0,fruit,"",2
batch-10-016,22,120.0,staple,"",0
batch-10-016,867,80.0,protein,"",1
batch-10-016,515,200.0,vegetable,"",2
batch-10-016,741,100.0,fruit,"",3
batch-10-017,26,120.0,staple,"",0
batch-10-017,1036,90.0,protein,"",1
batch-10-017,516,200.0,vegetable,"",2
batch-10-017,741,100.0,fruit,"",3
batch-10-018,22,120.0,staple,"",0
batch-10-018,1021,90.0,protein,"",1
batch-10-018,517,200.0,vegetable,"",2
batch-10-018,741,100.0,fruit,"",3
batch-10-019,26,120.0,staple,"",0
batch-10-019,1034,80.0,protein,"",1
batch-10-019,519,200.0,vegetable,"",2
batch-10-019,741,100.0,fruit,"",3
batch-10-020,22,120.0,staple,"",0
batch-10-020,1038,90.0,protein,"",1
batch-10-020,520,200.0,vegetable,"",2
batch-10-020,741,100.0,fruit,"",3
batch-10-021,26,120.0,staple,"",0
batch-10-021,1039,90.0,protein,"",1
batch-10-021,522,200.0,vegetable,"",2
batch-10-021,741,100.0,fruit,"",3
batch-10-022,22,120.0,staple,"",0
batch-10-022,1018,80.0,protein,"",1
batch-10-022,523,200.0,vegetable,"",2
batch-10-022,741,100.0,fruit,"",3
batch-10-023,26,120.0,staple,"",0
batch-10-023,431,100.0,protein,"",1
batch-10-023,526,200.0,vegetable,"",2
batch-10-023,741,100.0,fruit,"",3
batch-10-024,22,120.0,staple,"",0
batch-10-024,452,60.0,protein,"",1
batch-10-024,530,200.0,vegetable,"",2
batch-10-024,741,100.0,fruit,"",3
batch-10-025,26,120.0,staple,"",0
batch-10-025,377,100.0,protein,"",1
batch-10-025,515,200.0,vegetable,"",2
batch-10-025,741,100.0,fruit,"",3
batch-10-026,22,120.0,staple,"",0
batch-10-026,378,100.0,protein,"",1
batch-10-026,516,200.0,vegetable,"",2
batch-10-026,741,100.0,fruit,"",3
batch-10-027,26,120.0,staple,"",0
batch-10-027,383,100.0,protein,"",1
batch-10-027,517,200.0,vegetable,"",2
batch-10-027,741,100.0,fruit,"",3
batch-10-028,22,120.0,staple,"",0
batch-10-028,373,100.0,protein,"",1
batch-10-028,519,200.0,vegetable,"",2
batch-10-028,741,100.0,fruit,"",3
batch-10-029,26,120.0,staple,"",0
batch-10-029,1035,50.0,protein,"",1
batch-10-029,520,200.0,vegetable,"",2
batch-10-029,741,100.0,fruit,"",3
batch-10-030,22,120.0,staple,"",0
batch-10-030,846,70.0,protein,"",1
batch-10-030,522,200.0,vegetable,"",2
batch-10-030,741,100.0,fruit,"",3
batch-10-031,26,120.0,staple,"",0
batch-10-031,1032,90.0,protein,"",1
batch-10-031,523,200.0,vegetable,"",2
batch-10-031,741,100.0,fruit,"",3
batch-10-032,22,120.0,staple,"",0
batch-10-032,376,80.0,protein,"",1
batch-10-032,526,200.0,vegetable,"",2
batch-10-032,741,100.0,fruit,"",3
batch-10-033,26,120.0,staple,"",0
batch-10-033,370,80.0,protein,"",1
batch-10-033,530,200.0,vegetable,"",2
batch-10-033,741,100.0,fruit,"",3
batch-10-034,26,110.0,staple,"",0
batch-10-034,867,75.0,protein,"",1
batch-10-034,516,220.0,vegetable,"",2
batch-10-034,748,100.0,fruit,"",3
batch-10-035,22,110.0,staple,"",0
batch-10-035,1036,85.0,protein,"",1
batch-10-035,517,220.0,vegetable,"",2
batch-10-035,748,100.0,fruit,"",3
batch-10-036,26,110.0,staple,"",0
batch-10-036,1021,85.0,protein,"",1
batch-10-036,519,220.0,vegetable,"",2
batch-10-036,748,100.0,fruit,"",3
batch-10-037,22,110.0,staple,"",0
batch-10-037,1034,75.0,protein,"",1
batch-10-037,520,220.0,vegetable,"",2
batch-10-037,748,100.0,fruit,"",3
batch-10-038,26,110.0,staple,"",0
batch-10-038,1038,85.0,protein,"",1
batch-10-038,522,220.0,vegetable,"",2
batch-10-038,748,100.0,fruit,"",3
batch-10-039,22,110.0,staple,"",0
batch-10-039,1039,85.0,protein,"",1
batch-10-039,523,220.0,vegetable,"",2
batch-10-039,748,100.0,fruit,"",3
batch-10-040,26,110.0,staple,"",0
batch-10-040,1018,75.0,protein,"",1
batch-10-040,526,220.0,vegetable,"",2
batch-10-040,748,100.0,fruit,"",3
batch-10-041,22,110.0,staple,"",0
batch-10-041,431,95.0,protein,"",1
batch-10-041,530,220.0,vegetable,"",2
batch-10-041,748,100.0,fruit,"",3
batch-10-042,26,110.0,staple,"",0
batch-10-042,452,55.0,protein,"",1
batch-10-042,515,220.0,vegetable,"",2
batch-10-042,748,100.0,fruit,"",3
batch-10-043,22,110.0,staple,"",0
batch-10-043,377,95.0,protein,"",1
batch-10-043,516,220.0,vegetable,"",2
batch-10-043,748,100.0,fruit,"",3
batch-10-044,26,110.0,staple,"",0
batch-10-044,378,95.0,protein,"",1
batch-10-044,517,220.0,vegetable,"",2
batch-10-044,748,100.0,fruit,"",3
batch-10-045,22,110.0,staple,"",0
batch-10-045,383,95.0,protein,"",1
batch-10-045,519,220.0,vegetable,"",2
batch-10-045,748,100.0,fruit,"",3
batch-10-046,26,110.0,staple,"",0
batch-10-046,373,95.0,protein,"",1
batch-10-046,520,220.0,vegetable,"",2
batch-10-046,748,100.0,fruit,"",3
batch-10-047,22,110.0,staple,"",0
batch-10-047,1035,50.0,protein,"",1
batch-10-047,522,220.0,vegetable,"",2
batch-10-047,748,100.0,fruit,"",3
batch-10-048,26,110.0,staple,"",0
batch-10-048,846,65.0,protein,"",1
batch-10-048,523,220.0,vegetable,"",2
batch-10-048,748,100.0,fruit,"",3
batch-10-049,22,110.0,staple,"",0
batch-10-049,1032,85.0,protein,"",1
batch-10-049,526,220.0,vegetable,"",2
batch-10-049,748,100.0,fruit,"",3
batch-10-050,26,110.0,staple,"",0
batch-10-050,376,75.0,protein,"",1
batch-10-050,530,220.0,vegetable,"",2
batch-10-050,748,100.0,fruit,"",3
batch-10-051,22,110.0,staple,"",0
batch-10-051,370,75.0,protein,"",1
batch-10-051,515,220.0,vegetable,"",2
batch-10-051,748,100.0,fruit,"",3
batch-10-052,1145,100.0,beverage,"",0
batch-10-052,741,150.0,fruit,"",1
batch-10-053,1145,100.0,beverage,"",0
batch-10-053,748,150.0,fruit,"",1
batch-10-054,253,80.0,staple,"",0
batch-10-054,759,120.0,fruit,"",1
batch-10-055,251,80.0,staple,"",0
batch-10-055,758,120.0,fruit,"",1
batch-10-056,377,50.0,protein,"",0
batch-10-056,757,120.0,fruit,"",1
batch-10-057,378,60.0,protein,"",0
batch-10-057,745,100.0,fruit,"",1
batch-10-058,31,100.0,staple,"",0
batch-10-058,752,100.0,fruit,"",1
batch-10-059,243,80.0,staple,"",0
batch-10-059,741,150.0,fruit,"",1
batch-10-060,431,60.0,protein,"",0
batch-10-060,748,120.0,fruit,"",1
batch-11-001,245,150.0,staple,"",0
batch-11-001,377,80.0,protein,"",1
batch-11-001,768,100.0,fruit,"",2
batch-11-002,247,150.0,staple,"",0
batch-11-002,378,80.0,protein,"",1
batch-11-002,770,100.0,fruit,"",2
batch-11-003,250,150.0,staple,"",0
batch-11-003,383,80.0,protein,"",1
batch-11-003,778,100.0,fruit,"",2
batch-11-004,251,150.0,staple,"",0
batch-11-004,431,80.0,protein,"",1
batch-11-004,781,100.0,fruit,"",2
batch-11-005,252,150.0,staple,"",0
batch-11-005,373,80.0,protein,"",1
batch-11-005,784,100.0,fruit,"",2
batch-11-006,253,120.0,staple,"",0
batch-11-006,1145,150.0,beverage,"",1
batch-11-006,779,100.0,fruit,"",2
batch-11-007,249,150.0,staple,"",0
batch-11-007,383,80.0,protein,"",1
batch-11-007,788,100.0,fruit,"",2
batch-11-008,31,120.0,staple,"",0
batch-11-008,377,80.0,protein,"",1
batch-11-008,768,100.0,fruit,"",2
batch-11-009,33,120.0,staple,"",0
batch-11-009,378,80.0,protein,"",1
batch-11-009,770,100.0,fruit,"",2
batch-11-010,45,60.0,staple,"",0
batch-11-010,1144,200.0,beverage,"",1
batch-11-010,778,100.0,fruit,"",2
batch-11-011,243,150.0,staple,"",0
batch-11-011,373,80.0,protein,"",1
batch-11-011,781,100.0,fruit,"",2
batch-11-012,244,120.0,staple,"",0
batch-11-012,431,80.0,protein,"",1
batch-11-012,784,100.0,fruit,"",2
batch-11-013,245,150.0,staple,"",0
batch-11-013,1145,150.0,beverage,"",1
batch-11-013,779,100.0,fruit,"",2
batch-11-014,250,150.0,staple,"",0
batch-11-014,377,80.0,protein,"",1
batch-11-014,788,100.0,fruit,"",2
batch-11-015,247,150.0,staple,"",0
batch-11-015,383,80.0,protein,"",1
batch-11-015,768,100.0,fruit,"",2
batch-11-016,22,120.0,staple,"",0
batch-11-016,867,80.0,protein,"",1
batch-11-016,531,200.0,vegetable,"",2
batch-11-016,779,100.0,fruit,"",3
batch-11-017,26,120.0,staple,"",0
batch-11-017,1036,90.0,protein,"",1
batch-11-017,532,200.0,vegetable,"",2
batch-11-017,779,100.0,fruit,"",3
batch-11-018,22,120.0,staple,"",0
batch-11-018,1021,90.0,protein,"",1
batch-11-018,533,200.0,vegetable,"",2
batch-11-018,779,100.0,fruit,"",3
batch-11-019,26,120.0,staple,"",0
batch-11-019,1034,80.0,protein,"",1
batch-11-019,534,200.0,vegetable,"",2
batch-11-019,779,100.0,fruit,"",3
batch-11-020,22,120.0,staple,"",0
batch-11-020,1038,90.0,protein,"",1
batch-11-020,535,200.0,vegetable,"",2
batch-11-020,779,100.0,fruit,"",3
batch-11-021,26,120.0,staple,"",0
batch-11-021,1039,90.0,protein,"",1
batch-11-021,536,200.0,vegetable,"",2
batch-11-021,779,100.0,fruit,"",3
batch-11-022,22,120.0,staple,"",0
batch-11-022,1018,80.0,protein,"",1
batch-11-022,537,200.0,vegetable,"",2
batch-11-022,779,100.0,fruit,"",3
batch-11-023,26,120.0,staple,"",0
batch-11-023,431,100.0,protein,"",1
batch-11-023,539,200.0,vegetable,"",2
batch-11-023,779,100.0,fruit,"",3
batch-11-024,22,120.0,staple,"",0
batch-11-024,452,60.0,protein,"",1
batch-11-024,543,200.0,vegetable,"",2
batch-11-024,779,100.0,fruit,"",3
batch-11-025,26,120.0,staple,"",0
batch-11-025,377,100.0,protein,"",1
batch-11-025,531,200.0,vegetable,"",2
batch-11-025,779,100.0,fruit,"",3
batch-11-026,22,120.0,staple,"",0
batch-11-026,378,100.0,protein,"",1
batch-11-026,532,200.0,vegetable,"",2
batch-11-026,779,100.0,fruit,"",3
batch-11-027,26,120.0,staple,"",0
batch-11-027,383,100.0,protein,"",1
batch-11-027,533,200.0,vegetable,"",2
batch-11-027,779,100.0,fruit,"",3
batch-11-028,22,120.0,staple,"",0
batch-11-028,373,100.0,protein,"",1
batch-11-028,534,200.0,vegetable,"",2
batch-11-028,779,100.0,fruit,"",3
batch-11-029,26,120.0,staple,"",0
batch-11-029,1035,50.0,protein,"",1
batch-11-029,535,200.0,vegetable,"",2
batch-11-029,779,100.0,fruit,"",3
batch-11-030,22,120.0,staple,"",0
batch-11-030,846,70.0,protein,"",1
batch-11-030,536,200.0,vegetable,"",2
batch-11-030,779,100.0,fruit,"",3
batch-11-031,26,120.0,staple,"",0
batch-11-031,1032,90.0,protein,"",1
batch-11-031,537,200.0,vegetable,"",2
batch-11-031,779,100.0,fruit,"",3
batch-11-032,22,120.0,staple,"",0
batch-11-032,376,80.0,protein,"",1
batch-11-032,539,200.0,vegetable,"",2
batch-11-032,779,100.0,fruit,"",3
batch-11-033,26,120.0,staple,"",0
batch-11-033,370,80.0,protein,"",1
batch-11-033,543,200.0,vegetable,"",2
batch-11-033,779,100.0,fruit,"",3
batch-11-034,26,110.0,staple,"",0
batch-11-034,867,75.0,protein,"",1
batch-11-034,532,220.0,vegetable,"",2
batch-11-034,788,100.0,fruit,"",3
batch-11-035,22,110.0,staple,"",0
batch-11-035,1036,85.0,protein,"",1
batch-11-035,533,220.0,vegetable,"",2
batch-11-035,788,100.0,fruit,"",3
batch-11-036,26,110.0,staple,"",0
batch-11-036,1021,85.0,protein,"",1
batch-11-036,534,220.0,vegetable,"",2
batch-11-036,788,100.0,fruit,"",3
batch-11-037,22,110.0,staple,"",0
batch-11-037,1034,75.0,protein,"",1
batch-11-037,535,220.0,vegetable,"",2
batch-11-037,788,100.0,fruit,"",3
batch-11-038,26,110.0,staple,"",0
batch-11-038,1038,85.0,protein,"",1
batch-11-038,536,220.0,vegetable,"",2
batch-11-038,788,100.0,fruit,"",3
batch-11-039,22,110.0,staple,"",0
batch-11-039,1039,85.0,protein,"",1
batch-11-039,537,220.0,vegetable,"",2
batch-11-039,788,100.0,fruit,"",3
batch-11-040,26,110.0,staple,"",0
batch-11-040,1018,75.0,protein,"",1
batch-11-040,539,220.0,vegetable,"",2
batch-11-040,788,100.0,fruit,"",3
batch-11-041,22,110.0,staple,"",0
batch-11-041,431,95.0,protein,"",1
batch-11-041,543,220.0,vegetable,"",2
batch-11-041,788,100.0,fruit,"",3
batch-11-042,26,110.0,staple,"",0
batch-11-042,452,55.0,protein,"",1
batch-11-042,531,220.0,vegetable,"",2
batch-11-042,788,100.0,fruit,"",3
batch-11-043,22,110.0,staple,"",0
batch-11-043,377,95.0,protein,"",1
batch-11-043,532,220.0,vegetable,"",2
batch-11-043,788,100.0,fruit,"",3
batch-11-044,26,110.0,staple,"",0
batch-11-044,378,95.0,protein,"",1
batch-11-044,533,220.0,vegetable,"",2
batch-11-044,788,100.0,fruit,"",3
batch-11-045,22,110.0,staple,"",0
batch-11-045,383,95.0,protein,"",1
batch-11-045,534,220.0,vegetable,"",2
batch-11-045,788,100.0,fruit,"",3
batch-11-046,26,110.0,staple,"",0
batch-11-046,373,95.0,protein,"",1
batch-11-046,535,220.0,vegetable,"",2
batch-11-046,788,100.0,fruit,"",3
batch-11-047,22,110.0,staple,"",0
batch-11-047,1035,50.0,protein,"",1
batch-11-047,536,220.0,vegetable,"",2
batch-11-047,788,100.0,fruit,"",3
batch-11-048,26,110.0,staple,"",0
batch-11-048,846,65.0,protein,"",1
batch-11-048,537,220.0,vegetable,"",2
batch-11-048,788,100.0,fruit,"",3
batch-11-049,22,110.0,staple,"",0
batch-11-049,1032,85.0,protein,"",1
batch-11-049,539,220.0,vegetable,"",2
batch-11-049,788,100.0,fruit,"",3
batch-11-050,26,110.0,staple,"",0
batch-11-050,376,75.0,protein,"",1
batch-11-050,543,220.0,vegetable,"",2
batch-11-050,788,100.0,fruit,"",3
batch-11-051,22,110.0,staple,"",0
batch-11-051,370,75.0,protein,"",1
batch-11-051,531,220.0,vegetable,"",2
batch-11-051,788,100.0,fruit,"",3
batch-11-052,1145,100.0,beverage,"",0
batch-11-052,779,150.0,fruit,"",1
batch-11-053,1145,100.0,beverage,"",0
batch-11-053,788,150.0,fruit,"",1
batch-11-054,253,80.0,staple,"",0
batch-11-054,768,120.0,fruit,"",1
batch-11-055,251,80.0,staple,"",0
batch-11-055,770,120.0,fruit,"",1
batch-11-056,377,50.0,protein,"",0
batch-11-056,778,120.0,fruit,"",1
batch-11-057,378,60.0,protein,"",0
batch-11-057,781,100.0,fruit,"",1
batch-11-058,31,100.0,staple,"",0
batch-11-058,786,100.0,fruit,"",1
batch-11-059,243,80.0,staple,"",0
batch-11-059,779,150.0,fruit,"",1
batch-11-060,431,60.0,protein,"",0
batch-11-060,788,120.0,fruit,"",1
pilot-003,252,150.0,staple,"",0
pilot-003,1145,150.0,beverage,"",1
pilot-003,685,100.0,fruit,"",2
pilot-004,316,120.0,staple,"",0
pilot-004,377,80.0,protein,"",1
pilot-004,749,100.0,fruit,"",2
pilot-005,33,120.0,staple,"",0
pilot-005,431,80.0,protein,"",1
pilot-005,721,100.0,fruit,"",2
pilot-009,22,120.0,staple,"",0
pilot-009,867,80.0,protein,"",1
pilot-009,622,200.0,vegetable,"",2
pilot-009,749,100.0,fruit,"",3
pilot-010,26,120.0,staple,"",0
pilot-010,1021,90.0,protein,"",1
pilot-010,624,200.0,vegetable,"",2
pilot-010,685,100.0,fruit,"",3
pilot-012,26,120.0,staple,"",0
pilot-012,1036,90.0,protein,"",1
pilot-012,641,200.0,vegetable,"",2
pilot-012,721,100.0,fruit,"",3
pilot-015,22,120.0,staple,"",0
pilot-015,877,80.0,protein,"",1
pilot-015,629,200.0,vegetable,"",2
pilot-015,751,100.0,fruit,"",3
pilot-017,22,120.0,staple,"",0
pilot-017,1039,90.0,protein,"",1
pilot-017,635,200.0,vegetable,"",2
pilot-017,751,100.0,fruit,"",3
pilot-018,26,120.0,staple,"",0
pilot-018,1038,90.0,protein,"",1
pilot-018,641,200.0,vegetable,"",2
pilot-018,749,100.0,fruit,"",3
pilot-019,22,120.0,staple,"",0
pilot-019,1018,80.0,protein,"",1
pilot-019,622,200.0,vegetable,"",2
pilot-019,721,100.0,fruit,"",3
pilot-021,26,120.0,staple,"",0
pilot-021,431,80.0,protein,"",1
pilot-021,624,200.0,vegetable,"",2
pilot-021,713,100.0,fruit,"",3
pilot-022,22,120.0,staple,"",0
pilot-022,452,70.0,protein,"",1
pilot-022,622,200.0,vegetable,"",2
pilot-022,749,100.0,fruit,"",3
pilot-024,1097,65.0,complete_dish,"",0
pilot-024,749,100.0,fruit,"",1
pilot-025,31,100.0,staple,"",0
pilot-025,1145,100.0,beverage,"",1
pilot-025,685,100.0,fruit,"",2
