rank_test_score,mean_test_score,std_test_score,mean_train_score,std_train_score,mean_fit_time,std_fit_time,mean_score_time,std_score_time,param_classifier__class_weight,param_classifier__criterion,param_classifier__max_depth,param_classifier__min_samples_leaf,param_classifier__min_samples_split,split0_test_score,split1_test_score,split2_test_score,split3_test_score,split4_test_score,params
1,0.944722880093764,0.023046406238937264,0.9731138495184919,0.0027718273559967973,0.0664456844329834,0.016864180325546655,0.0330620288848877,0.015835146970587084,balanced,entropy,10,4,10,0.9017072346179852,0.9660919540229885,0.9576271186440678,0.9406097210238712,0.9575783721599079,"{'classifier__class_weight': 'balanced', 'classifier__criterion': 'entropy', 'classifier__max_depth': 10, 'classifier__min_samples_leaf': 4, 'classifier__min_samples_split': 10}"
2,0.9430250425718472,0.022334924417344606,0.9731198934002222,0.002772175165022951,0.04751124382019043,0.013161593179728384,0.01684436798095703,0.006336649170775595,balanced,entropy,10,4,2,0.9017072346179852,0.9660919540229885,0.9491379310344827,0.9406097210238712,0.9575783721599079,"{'classifier__class_weight': 'balanced', 'classifier__criterion': 'entropy', 'classifier__max_depth': 10, 'classifier__min_samples_leaf': 4, 'classifier__min_samples_split': 2}"
2,0.9430250425718472,0.022334924417344606,0.9731198934002222,0.002772175165022951,0.05041723251342774,0.012183100180663218,0.02669682502746582,0.01094337721280736,balanced,entropy,10,4,5,0.9017072346179852,0.9660919540229885,0.9491379310344827,0.9406097210238712,0.9575783721599079,"{'classifier__class_weight': 'balanced', 'classifier__criterion': 'entropy', 'classifier__max_depth': 10, 'classifier__min_samples_leaf': 4, 'classifier__min_samples_split': 5}"
4,0.9413427988821216,0.02213439455058433,0.972689412873525,0.0023166654900553005,0.039599275588989256,0.005886881786776024,0.021713733673095703,0.0035368611227722534,,entropy,10,4,10,0.9017072346179852,0.9660919540229885,0.9576271186440678,0.9406097210238712,0.9406779661016949,"{'classifier__class_weight': None, 'classifier__criterion': 'entropy', 'classifier__max_depth': 10, 'classifier__min_samples_leaf': 4, 'classifier__min_samples_split': 10}"
5,0.941290085297459,0.02369964085829442,0.981345575524567,0.0024669980469561037,0.04435486793518066,0.012554654191085996,0.023513603210449218,0.010775514408493666,balanced,entropy,10,1,10,0.9101184194483483,0.9660919540229885,0.9576271186440678,0.9150345622119815,0.9575783721599079,"{'classifier__class_weight': 'balanced', 'classifier__criterion': 'entropy', 'classifier__max_depth': 10, 'classifier__min_samples_leaf': 1, 'classifier__min_samples_split': 10}"
6,0.9385258632110023,0.01846940657852235,0.9748279877911056,0.0033301084867960106,0.062436246871948244,0.007422722996123332,0.023856592178344727,0.01130820177577782,balanced,entropy,10,2,10,0.9101184194483483,0.9523692235514896,0.9576271186440678,0.9233766233766234,0.9491379310344827,"{'classifier__class_weight': 'balanced', 'classifier__criterion': 'entropy', 'classifier__max_depth': 10, 'classifier__min_samples_leaf': 2, 'classifier__min_samples_split': 10}"
7,0.9379422449875884,0.01917548670199376,0.972695456755255,0.002318188460134176,0.05101509094238281,0.0048168881739520004,0.03202319145202637,0.012694510655193354,,entropy,10,4,2,0.9017072346179852,0.957578372159908,0.9491379310344827,0.9406097210238712,0.9406779661016949,"{'classifier__class_weight': None, 'classifier__criterion': 'entropy', 'classifier__max_depth': 10, 'classifier__min_samples_leaf': 4, 'classifier__min_samples_split': 2}"
7,0.9379422449875884,0.01917548670199376,0.972695456755255,0.002318188460134176,0.04997010231018066,0.015366954755781367,0.01804375648498535,0.0019493237808026597,,entropy,10,4,5,0.9017072346179852,0.957578372159908,0.9491379310344827,0.9406097210238712,0.9406779661016949,"{'classifier__class_weight': None, 'classifier__criterion': 'entropy', 'classifier__max_depth': 10, 'classifier__min_samples_leaf': 4, 'classifier__min_samples_split': 5}"
9,0.9362033795608531,0.019533860510818218,0.9851636649043162,0.0013392014756589265,0.04672608375549316,0.02418061419686494,0.022858953475952147,0.0074810041908241285,balanced,entropy,,1,10,0.9101184194483483,0.949020737327189,0.9576271186440678,0.9152298850574713,0.949020737327189,"{'classifier__class_weight': 'balanced', 'classifier__criterion': 'entropy', 'classifier__max_depth': None, 'classifier__min_samples_leaf': 1, 'classifier__min_samples_split': 10}"
9,0.9362033795608531,0.019533860510818218,0.9851636649043162,0.0013392014756589265,0.04259815216064453,0.020706427137314784,0.013653421401977539,0.0029566856998179,balanced,entropy,15,1,10,0.9101184194483483,0.949020737327189,0.9576271186440678,0.9152298850574713,0.949020737327189,"{'classifier__class_weight': 'balanced', 'classifier__criterion': 'entropy', 'classifier__max_depth': 15, 'classifier__min_samples_leaf': 1, 'classifier__min_samples_split': 10}"
11,0.9361973677415284,0.029432129977881725,0.9847391842875736,0.0024688468175798933,0.05313167572021484,0.004592978252076634,0.02647252082824707,0.0073804687991373364,balanced,entropy,10,1,5,0.8847532116294794,0.9660919540229885,0.9576271186440678,0.9233766233766234,0.9491379310344827,"{'classifier__class_weight': 'balanced', 'classifier__criterion': 'entropy', 'classifier__max_depth': 10, 'classifier__min_samples_leaf': 1, 'classifier__min_samples_split': 5}"
12,0.9361531373549218,0.01881321350404309,1.0,0.0,0.022322940826416015,0.0009697478376771274,0.011071443557739258,0.0019759062202787587,balanced,gini,,1,2,0.9102061631198359,0.931712962962963,0.9575783721599079,0.9236410698878343,0.9576271186440678,"{'classifier__class_weight': 'balanced', 'classifier__criterion': 'gini', 'classifier__max_depth': None, 'classifier__min_samples_leaf': 1, 'classifier__min_samples_split': 2}"
12,0.9361531373549218,0.01881321350404309,1.0,0.0,0.03506016731262207,0.005748354617710546,0.01662764549255371,0.007572649727314365,balanced,gini,15,1,2,0.9102061631198359,0.931712962962963,0.9575783721599079,0.9236410698878343,0.9576271186440678,"{'classifier__class_weight': 'balanced', 'classifier__criterion': 'gini', 'classifier__max_depth': 15, 'classifier__min_samples_leaf': 1, 'classifier__min_samples_split': 2}"
14,0.9361355549152153,0.019249945234902886,0.974818692129,0.0033920701166919773,0.03534841537475586,0.005041088186852031,0.01887960433959961,0.006871078446993931,,entropy,,4,10,0.9017072346179852,0.949020737327189,0.9576271186440678,0.9406097210238712,0.931712962962963,"{'classifier__class_weight': None, 'classifier__criterion': 'entropy', 'classifier__max_depth': None, 'classifier__min_samples_leaf': 4, 'classifier__min_samples_split': 10}"
14,0.9361355549152153,0.019249945234902886,0.974818692129,0.0033920701166919773,0.04605879783630371,0.020285850304038313,0.014578437805175782,0.0030593152889457865,,entropy,15,4,10,0.9017072346179852,0.949020737327189,0.9576271186440678,0.9406097210238712,0.931712962962963,"{'classifier__class_weight': None, 'classifier__criterion': 'entropy', 'classifier__max_depth': 15, 'classifier__min_samples_leaf': 4, 'classifier__min_samples_split': 10}"
14,0.9361355549152153,0.019249945234902886,0.975243128773967,0.003466228395303813,0.03879117965698242,0.003814747562672909,0.01683320999145508,0.006033393023102524,balanced,entropy,,4,10,0.9017072346179852,0.949020737327189,0.9576271186440678,0.9406097210238712,0.931712962962963,"{'classifier__class_weight': 'balanced', 'classifier__criterion': 'entropy', 'classifier__max_depth': None, 'classifier__min_samples_leaf': 4, 'classifier__min_samples_split': 10}"
14,0.9361355549152153,0.019249945234902886,0.975243128773967,0.003466228395303813,0.02791295051574707,0.009619829739073597,0.009571409225463868,0.0017961678046334373,balanced,entropy,15,4,10,0.9017072346179852,0.949020737327189,0.9576271186440678,0.9406097210238712,0.931712962962963,"{'classifier__class_weight': 'balanced', 'classifier__criterion': 'entropy', 'classifier__max_depth': 15, 'classifier__min_samples_leaf': 4, 'classifier__min_samples_split': 10}"
18,0.9361133197292268,0.03560257489601437,0.9817701518936659,0.002162682279641055,0.04412546157836914,0.006213251767524686,0.029021453857421876,0.006381465490835691,,entropy,10,1,10,0.8757991388823032,0.9660919540229885,0.9576271186440678,0.9150345622119815,0.9660138248847926,"{'classifier__class_weight': None, 'classifier__criterion': 'entropy', 'classifier__max_depth': 10, 'classifier__min_samples_leaf': 1, 'classifier__min_samples_split': 10}"
19,0.9360757602087808,0.031551673805356395,0.98601008862064,0.0025455696332132545,0.05377140045166016,0.013010463701086997,0.0271090030670166,0.0059346346333999265,,entropy,10,1,5,0.8840467940049583,0.9660919540229885,0.9576271186440678,0.9150345622119815,0.9575783721599079,"{'classifier__class_weight': None, 'classifier__criterion': 'entropy', 'classifier__max_depth': 10, 'classifier__min_samples_leaf': 1, 'classifier__min_samples_split': 5}"
20,0.9359661326094241,0.03376432423800794,0.9881295154689091,0.0017020728563780646,0.033794593811035153,0.0047560240723957155,0.02510976791381836,0.007316289352739327,,entropy,10,1,2,0.8751565948435327,0.9660919540229885,0.9576271186440678,0.9233766233766234,0.9575783721599079,"{'classifier__class_weight': None, 'classifier__criterion': 'entropy', 'classifier__max_depth': 10, 'classifier__min_samples_leaf': 1, 'classifier__min_samples_split': 2}"
21,0.9351516332583723,0.02044168227740493,0.9807673215223867,0.003463716039921614,0.036106300354003903,0.009636954965296483,0.016201210021972657,0.001757718096280544,balanced,entropy,10,2,2,0.9017072346179852,0.9523692235514896,0.9576271186440678,0.9233766233766234,0.9406779661016949,"{'classifier__class_weight': 'balanced', 'classifier__criterion': 'entropy', 'classifier__max_depth': 10, 'classifier__min_samples_leaf': 2, 'classifier__min_samples_split': 2}"
22,0.9344377173932982,0.01758159929992276,0.9756683567385116,0.002735938387421203,0.042627716064453126,0.0045083126982277035,0.021773242950439455,0.009391411864747245,balanced,entropy,,4,2,0.9017072346179852,0.949020737327189,0.9491379310344827,0.9406097210238712,0.931712962962963,"{'classifier__class_weight': 'balanced', 'classifier__criterion': 'entropy', 'classifier__max_depth': None, 'classifier__min_samples_leaf': 4, 'classifier__min_samples_split': 2}"
22,0.9344377173932982,0.01758159929992276,0.9756683567385116,0.002735938387421203,0.027591705322265625,0.0064349352001413195,0.017572832107543946,0.004946804218994927,balanced,entropy,,4,5,0.9017072346179852,0.949020737327189,0.9491379310344827,0.9406097210238712,0.931712962962963,"{'classifier__class_weight': 'balanced', 'classifier__criterion': 'entropy', 'classifier__max_depth': None, 'classifier__min_samples_leaf': 4, 'classifier__min_samples_split': 5}"
22,0.9344377173932982,0.01758159929992276,0.9756683567385116,0.002735938387421203,0.03289141654968262,0.010359856417157788,0.012996339797973632,0.002412151132691949,balanced,entropy,15,4,2,0.9017072346179852,0.949020737327189,0.9491379310344827,0.9406097210238712,0.931712962962963,"{'classifier__class_weight': 'balanced', 'classifier__criterion': 'entropy', 'classifier__max_depth': 15, 'classifier__min_samples_leaf': 4, 'classifier__min_samples_split': 2}"
22,0.9344377173932982,0.01758159929992276,0.9756683567385116,0.002735938387421203,0.033604001998901366,0.010655596805037519,0.017752981185913085,0.005905373988264603,balanced,entropy,15,4,5,0.9017072346179852,0.949020737327189,0.9491379310344827,0.9406097210238712,0.931712962962963,"{'classifier__class_weight': 'balanced', 'classifier__criterion': 'entropy', 'classifier__max_depth': 15, 'classifier__min_samples_leaf': 4, 'classifier__min_samples_split': 5}"
26,0.9344318358197512,0.020220351137582696,0.9927959633498483,0.0025425252548637524,0.029923152923583985,0.01554321101049577,0.018939638137817384,0.007797423540405553,balanced,gini,,1,5,0.9102061631198359,0.931712962962963,0.9575783721599079,0.9150345622119815,0.9576271186440678,"{'classifier__class_weight': 'balanced', 'classifier__criterion': 'gini', 'classifier__max_depth': None, 'classifier__min_samples_leaf': 1, 'classifier__min_samples_split': 5}"
26,0.9344318358197512,0.020220351137582696,0.9927959633498483,0.0025425252548637524,0.034056568145751955,0.009231264478614446,0.018504619598388672,0.004974776283749844,balanced,gini,15,1,5,0.9102061631198359,0.931712962962963,0.9575783721599079,0.9150345622119815,0.9576271186440678,"{'classifier__class_weight': 'balanced', 'classifier__criterion': 'gini', 'classifier__max_depth': 15, 'classifier__min_samples_leaf': 1, 'classifier__min_samples_split': 5}"
28,0.934417384622307,0.03013959822241037,0.9932197454884392,0.0015853708140548533,0.02508964538574219,0.006885844636171962,0.013583087921142578,0.005791423488902492,,entropy,,1,5,0.8928265559097202,0.9660919540229885,0.9660919540229884,0.9066724187517975,0.9404040404040404,"{'classifier__class_weight': None, 'classifier__criterion': 'entropy', 'classifier__max_depth': None, 'classifier__min_samples_leaf': 1, 'classifier__min_samples_split': 5}"
28,0.934417384622307,0.03013959822241037,0.9932197454884392,0.0015853708140548533,0.042979860305786134,0.010830199832153522,0.02117772102355957,0.007553923605080461,,entropy,15,1,5,0.8928265559097202,0.9660919540229885,0.9660919540229884,0.9066724187517975,0.9404040404040404,"{'classifier__class_weight': None, 'classifier__criterion': 'entropy', 'classifier__max_depth': 15, 'classifier__min_samples_leaf': 1, 'classifier__min_samples_split': 5}"
30,0.9344065531920933,0.032608775330186045,0.9748116064053685,0.003341369979937709,0.05689635276794434,0.021741042280565996,0.0347175121307373,0.007427347065548319,,entropy,10,2,10,0.8757991388823032,0.9660919540229885,0.9576271186440678,0.9233766233766234,0.9491379310344827,"{'classifier__class_weight': None, 'classifier__criterion': 'entropy', 'classifier__max_depth': 10, 'classifier__min_samples_leaf': 2, 'classifier__min_samples_split': 10}"
31,0.9328653037050818,0.034173370917904795,0.9881299751369838,0.0028764134755725865,0.06760272979736329,0.021732739926713852,0.026730871200561522,0.0067072521642517376,balanced,entropy,10,1,2,0.8847532116294794,0.9660919540229885,0.9576271186440678,0.8982758620689655,0.9575783721599079,"{'classifier__class_weight': 'balanced', 'classifier__criterion': 'entropy', 'classifier__max_depth': 10, 'classifier__min_samples_leaf': 1, 'classifier__min_samples_split': 2}"
32,0.9327623377999604,0.018799164376742387,0.9826261827589331,0.0036452053939931596,0.07393627166748047,0.02763299833764577,0.02893228530883789,0.013922467841231762,,gini,,1,10,0.9186612576064909,0.931712962962963,0.9491379310344827,0.9066724187517975,0.9576271186440678,"{'classifier__class_weight': None, 'classifier__criterion': 'gini', 'classifier__max_depth': None, 'classifier__min_samples_leaf': 1, 'classifier__min_samples_split': 10}"
32,0.9327623377999604,0.018799164376742387,0.9822021419574296,0.0036939579047902695,0.050501346588134766,0.006350146700087451,0.019636058807373048,0.008401313757594108,,gini,10,1,10,0.9186612576064909,0.931712962962963,0.9491379310344827,0.9066724187517975,0.9576271186440678,"{'classifier__class_weight': None, 'classifier__criterion': 'gini', 'classifier__max_depth': 10, 'classifier__min_samples_leaf': 1, 'classifier__min_samples_split': 10}"
32,0.9327623377999604,0.018799164376742387,0.9826261827589331,0.0036452053939931596,0.0328826904296875,0.005276442128909213,0.016910839080810546,0.008111875414217967,,gini,15,1,10,0.9186612576064909,0.931712962962963,0.9491379310344827,0.9066724187517975,0.9576271186440678,"{'classifier__class_weight': None, 'classifier__criterion': 'gini', 'classifier__max_depth': 15, 'classifier__min_samples_leaf': 1, 'classifier__min_samples_split': 10}"
32,0.9327623377999604,0.01879916437674237,0.9822021419574296,0.0036939579047902695,0.04767289161682129,0.01292124619251511,0.018872928619384766,0.006638842190102236,balanced,gini,10,1,10,0.918661257606491,0.931712962962963,0.9491379310344827,0.9066724187517975,0.9576271186440678,"{'classifier__class_weight': 'balanced', 'classifier__criterion': 'gini', 'classifier__max_depth': 10, 'classifier__min_samples_leaf': 1, 'classifier__min_samples_split': 10}"
36,0.9327470191681858,0.02073260434834875,0.9862621325188776,0.0030437051810493837,0.023104047775268553,0.0022352745954209675,0.013242864608764648,0.003152419988450447,,entropy,,2,5,0.9101184194483483,0.957578372159908,0.9576271186440678,0.9150345622119815,0.9233766233766234,"{'classifier__class_weight': None, 'classifier__criterion': 'entropy', 'classifier__max_depth': None, 'classifier__min_samples_leaf': 2, 'classifier__min_samples_split': 5}"
36,0.9327470191681858,0.02073260434834875,0.9862621325188776,0.0030437051810493837,0.05117034912109375,0.02411539621339609,0.026654863357543947,0.013468651153708266,,entropy,15,2,5,0.9101184194483483,0.957578372159908,0.9576271186440678,0.9150345622119815,0.9233766233766234,"{'classifier__class_weight': None, 'classifier__criterion': 'entropy', 'classifier__max_depth': 15, 'classifier__min_samples_leaf': 2, 'classifier__min_samples_split': 5}"
38,0.932732050119381,0.022422680257056703,0.9927959633498483,0.0025425252548637524,0.10562214851379395,0.025690975231538352,0.022660207748413087,0.008811374539938141,,gini,,1,5,0.9017072346179852,0.931712962962963,0.9575783721599079,0.9150345622119815,0.9576271186440678,"{'classifier__class_weight': None, 'classifier__criterion': 'gini', 'classifier__max_depth': None, 'classifier__min_samples_leaf': 1, 'classifier__min_samples_split': 5}"
38,0.932732050119381,0.022422680257056703,0.9927959633498483,0.0025425252548637524,0.032295751571655276,0.004364824986568986,0.01528615951538086,0.0024869455741261936,,gini,15,1,5,0.9017072346179852,0.931712962962963,0.9575783721599079,0.9150345622119815,0.9576271186440678,"{'classifier__class_weight': None, 'classifier__criterion': 'gini', 'classifier__max_depth': 15, 'classifier__min_samples_leaf': 1, 'classifier__min_samples_split': 5}"
40,0.9327262241321634,0.02080541929599002,0.9752453812273846,0.002708460826899462,0.018855905532836913,0.0013627167453021765,0.012725543975830079,0.006827316410959533,,entropy,,4,2,0.8931497683123114,0.949020737327189,0.9491379310344827,0.9406097210238712,0.931712962962963,"{'classifier__class_weight': None, 'classifier__criterion': 'entropy', 'classifier__max_depth': None, 'classifier__min_samples_leaf': 4, 'classifier__min_samples_split': 2}"
40,0.9327262241321634,0.02080541929599002,0.9752453812273846,0.002708460826899462,0.021486568450927734,0.006455835194810897,0.013296794891357423,0.0067617008353344586,,entropy,,4,5,0.8931497683123114,0.949020737327189,0.9491379310344827,0.9406097210238712,0.931712962962963,"{'classifier__class_weight': None, 'classifier__criterion': 'entropy', 'classifier__max_depth': None, 'classifier__min_samples_leaf': 4, 'classifier__min_samples_split': 5}"
40,0.9327262241321634,0.02080541929599002,0.9752453812273846,0.002708460826899462,0.024134492874145506,0.005294316507483445,0.015973567962646484,0.00716162637035266,,entropy,15,4,2,0.8931497683123114,0.949020737327189,0.9491379310344827,0.9406097210238712,0.931712962962963,"{'classifier__class_weight': None, 'classifier__criterion': 'entropy', 'classifier__max_depth': 15, 'classifier__min_samples_leaf': 4, 'classifier__min_samples_split': 2}"
40,0.9327262241321634,0.02080541929599002,0.9752453812273846,0.002708460826899462,0.05090045928955078,0.018973078886361176,0.040868282318115234,0.02904445454474089,,entropy,15,4,5,0.8931497683123114,0.949020737327189,0.9491379310344827,0.9406097210238712,0.931712962962963,"{'classifier__class_weight': None, 'classifier__criterion': 'entropy', 'classifier__max_depth': 15, 'classifier__min_samples_leaf': 4, 'classifier__min_samples_split': 5}"
44,0.931667004223837,0.013622225848721765,0.9782277349749329,0.0026910778897551095,0.024243831634521484,0.05940416891077757,0.0012857913970947266,0.052713214539664814,balanced,entropy,,2,10,0.9101184194483483,0.93529800685569,0.9491379310344827,0.9233766233766234,0.9404040404040404,"{'classifier__class_weight': 'balanced', 'classifier__criterion': 'entropy', 'classifier__max_depth': None, 'classifier__min_samples_leaf': 2, 'classifier__min_samples_split': 10}"
44,0.931667004223837,0.013622225848721765,0.9782277349749329,0.0026910778897551095,0.02837681770324707,0.007314641018619611,0.01499485969543457,0.002873647283179758,balanced,entropy,15,2,10,0.9101184194483483,0.93529800685569,0.9491379310344827,0.9233766233766234,0.9404040404040404,"{'classifier__class_weight': 'balanced', 'classifier__criterion': 'entropy', 'classifier__max_depth': 15, 'classifier__min_samples_leaf': 2, 'classifier__min_samples_split': 10}"
46,0.9310537701683319,0.02032906030908204,0.9826261827589331,0.0036452053939931596,0.03307771682739258,0.006153832982581646,0.015579843521118164,0.0034307163465530496,balanced,gini,,1,10,0.9101184194483483,0.931712962962963,0.9491379310344827,0.9066724187517975,0.9576271186440678,"{'classifier__class_weight': 'balanced', 'classifier__criterion': 'gini', 'classifier__max_depth': None, 'classifier__min_samples_leaf': 1, 'classifier__min_samples_split': 10}"
46,0.9310537701683319,0.02032906030908204,0.9826261827589331,0.0036452053939931596,0.03134031295776367,0.004245834351507035,0.018245744705200195,0.0025973067861054092,balanced,gini,15,1,10,0.9101184194483483,0.931712962962963,0.9491379310344827,0.9066724187517975,0.9576271186440678,"{'classifier__class_weight': 'balanced', 'classifier__criterion': 'gini', 'classifier__max_depth': 15, 'classifier__min_samples_leaf': 1, 'classifier__min_samples_split': 10}"
48,0.9310537701683318,0.02247343205091694,1.0,0.0,0.1502514362335205,0.0379497332089521,0.02777891159057617,0.014171208853724367,,gini,,1,2,0.8931497683123114,0.931712962962963,0.9491379310344827,0.9236410698878343,0.9576271186440678,"{'classifier__class_weight': None, 'classifier__criterion': 'gini', 'classifier__max_depth': None, 'classifier__min_samples_leaf': 1, 'classifier__min_samples_split': 2}"
48,0.9310537701683318,0.02247343205091694,1.0,0.0,0.05658459663391113,0.028368090854917934,0.018428468704223634,0.008920641617265284,,gini,15,1,2,0.8931497683123114,0.931712962962963,0.9491379310344827,0.9236410698878343,0.9576271186440678,"{'classifier__class_weight': None, 'classifier__criterion': 'gini', 'classifier__max_depth': 15, 'classifier__min_samples_leaf': 1, 'classifier__min_samples_split': 2}"
50,0.930967442097006,0.02765699022632053,0.9815990065039217,0.0036112363134707557,0.057642221450805664,0.021437932271693865,0.03407144546508789,0.01776887041501493,,entropy,10,2,2,0.8840467940049583,0.9660919540229885,0.9491379310344827,0.9233766233766234,0.9321839080459771,"{'classifier__class_weight': None, 'classifier__criterion': 'entropy', 'classifier__max_depth': 10, 'classifier__min_samples_leaf': 2, 'classifier__min_samples_split': 2}"
50,0.930967442097006,0.02765699022632053,0.9799032237318022,0.003822177131302312,0.05803694725036621,0.021571446310962458,0.018686676025390626,0.008013501341499876,,entropy,10,2,5,0.8840467940049583,0.9660919540229885,0.9491379310344827,0.9233766233766234,0.9321839080459771,"{'classifier__class_weight': None, 'classifier__criterion': 'entropy', 'classifier__max_depth': 10, 'classifier__min_samples_leaf': 2, 'classifier__min_samples_split': 5}"
52,0.9300314474448784,0.024172766396011156,0.979072269605871,0.0032740384784356344,0.04728631973266602,0.01366888108994314,0.025188541412353514,0.005491802715370429,balanced,entropy,10,2,5,0.8847532116294794,0.9523692235514896,0.9491379310344827,0.931712962962963,0.9321839080459771,"{'classifier__class_weight': 'balanced', 'classifier__criterion': 'entropy', 'classifier__max_depth': 10, 'classifier__min_samples_leaf': 2, 'classifier__min_samples_split': 5}"
53,0.9300249563618734,0.011085936444569443,0.9744140313465574,0.004175310537550604,0.034593629837036136,0.00890432631910449,0.017261171340942384,0.0050525287911714805,balanced,gini,10,2,10,0.927087070584385,0.9266813099325415,0.9321839080459771,0.9150345622119815,0.9491379310344827,"{'classifier__class_weight': 'balanced', 'classifier__criterion': 'gini', 'classifier__max_depth': 10, 'classifier__min_samples_leaf': 2, 'classifier__min_samples_split': 10}"
54,0.9293552928224225,0.01378796398191133,0.9727027953181195,0.0035434332494585856,0.06466755867004395,0.02661372284814428,0.03623347282409668,0.014858630538209822,,gini,,4,2,0.9101184194483483,0.9404040404040404,0.9406097210238712,0.9150345622119815,0.9406097210238712,"{'classifier__class_weight': None, 'classifier__criterion': 'gini', 'classifier__max_depth': None, 'classifier__min_samples_leaf': 4, 'classifier__min_samples_split': 2}"
54,0.9293552928224225,0.01378796398191133,0.9727027953181195,0.0035434332494585856,0.06637096405029297,0.04070927807423902,0.024220705032348633,0.012462914231839558,,gini,,4,5,0.9101184194483483,0.9404040404040404,0.9406097210238712,0.9150345622119815,0.9406097210238712,"{'classifier__class_weight': None, 'classifier__criterion': 'gini', 'classifier__max_depth': None, 'classifier__min_samples_leaf': 4, 'classifier__min_samples_split': 5}"
54,0.9293552928224225,0.01378796398191133,0.9727027953181195,0.0035434332494585856,0.025157642364501954,0.008391354176371898,0.010821008682250976,0.0006222857477522689,,gini,15,4,2,0.9101184194483483,0.9404040404040404,0.9406097210238712,0.9150345622119815,0.9406097210238712,"{'classifier__class_weight': None, 'classifier__criterion': 'gini', 'classifier__max_depth': 15, 'classifier__min_samples_leaf': 4, 'classifier__min_samples_split': 2}"
54,0.9293552928224225,0.01378796398191133,0.9727027953181195,0.0035434332494585856,0.03333196640014648,0.017395694986857828,0.019258832931518553,0.013794178011455063,,gini,15,4,5,0.9101184194483483,0.9404040404040404,0.9406097210238712,0.9150345622119815,0.9406097210238712,"{'classifier__class_weight': None, 'classifier__criterion': 'gini', 'classifier__max_depth': 15, 'classifier__min_samples_leaf': 4, 'classifier__min_samples_split': 5}"
54,0.9293552928224225,0.01378796398191133,0.9727027953181195,0.0035434332494585856,0.03569264411926269,0.002840210881256173,0.016106605529785156,0.0034011590481220176,balanced,gini,,4,2,0.9101184194483483,0.9404040404040404,0.9406097210238712,0.9150345622119815,0.9406097210238712,"{'classifier__class_weight': 'balanced', 'classifier__criterion': 'gini', 'classifier__max_depth': None, 'classifier__min_samples_leaf': 4, 'classifier__min_samples_split': 2}"
54,0.9293552928224225,0.01378796398191133,0.9727027953181195,0.0035434332494585856,0.046707439422607425,0.01814619479476945,0.020914793014526367,0.006545909390751321,balanced,gini,,4,5,0.9101184194483483,0.9404040404040404,0.9406097210238712,0.9150345622119815,0.9406097210238712,"{'classifier__class_weight': 'balanced', 'classifier__criterion': 'gini', 'classifier__max_depth': None, 'classifier__min_samples_leaf': 4, 'classifier__min_samples_split': 5}"
54,0.9293552928224225,0.01378796398191133,0.9727027953181195,0.0035434332494585856,0.035138607025146484,0.006177483578256564,0.02445673942565918,0.009601051145863331,balanced,gini,15,4,2,0.9101184194483483,0.9404040404040404,0.9406097210238712,0.9150345622119815,0.9406097210238712,"{'classifier__class_weight': 'balanced', 'classifier__criterion': 'gini', 'classifier__max_depth': 15, 'classifier__min_samples_leaf': 4, 'classifier__min_samples_split': 2}"
54,0.9293552928224225,0.01378796398191133,0.9727027953181195,0.0035434332494585856,0.05578041076660156,0.02066773940574487,0.024842023849487305,0.0057549303711035525,balanced,gini,15,4,5,0.9101184194483483,0.9404040404040404,0.9406097210238712,0.9150345622119815,0.9406097210238712,"{'classifier__class_weight': 'balanced', 'classifier__criterion': 'gini', 'classifier__max_depth': 15, 'classifier__min_samples_leaf': 4, 'classifier__min_samples_split': 5}"
62,0.9293481281662096,0.026179188205770008,0.989405478423552,0.0040197643059924505,0.024116086959838866,0.0030496379276949105,0.013018369674682617,0.003165257989920787,,gini,10,1,2,0.8931497683123114,0.931712962962963,0.9575783721599079,0.9066724187517975,0.9576271186440678,"{'classifier__class_weight': None, 'classifier__criterion': 'gini', 'classifier__max_depth': 10, 'classifier__min_samples_leaf': 1, 'classifier__min_samples_split': 2}"
62,0.9293481281662096,0.026179188205770008,0.9872856542592757,0.0023211241342634644,0.03558692932128906,0.013652324645369616,0.022670888900756837,0.007346855934642325,,gini,10,1,5,0.8931497683123114,0.931712962962963,0.9575783721599079,0.9066724187517975,0.9576271186440678,"{'classifier__class_weight': None, 'classifier__criterion': 'gini', 'classifier__max_depth': 10, 'classifier__min_samples_leaf': 1, 'classifier__min_samples_split': 5}"
64,0.9293395571530532,0.032757720351253496,0.9860147193394452,0.002874437317631622,0.033691692352294925,0.00518909339888858,0.014355325698852539,0.0019845360774752474,,entropy,,1,10,0.8757991388823032,0.949020737327189,0.9576271186440678,0.9066724187517975,0.957578372159908,"{'classifier__class_weight': None, 'classifier__criterion': 'entropy', 'classifier__max_depth': None, 'classifier__min_samples_leaf': 1, 'classifier__min_samples_split': 10}"
64,0.9293395571530532,0.032757720351253496,0.9860147193394452,0.002874437317631622,0.04328031539916992,0.01293847043289397,0.026729345321655273,0.010501181424004621,,entropy,15,1,10,0.8757991388823032,0.949020737327189,0.9576271186440678,0.9066724187517975,0.957578372159908,"{'classifier__class_weight': None, 'classifier__criterion': 'entropy', 'classifier__max_depth': 15, 'classifier__min_samples_leaf': 1, 'classifier__min_samples_split': 10}"
66,0.9293148727171007,0.028112980934160925,0.9919481556290789,0.0008478997230090437,0.05225849151611328,0.010225097106277165,0.033955955505371095,0.01059124938896218,balanced,entropy,,1,5,0.8845188242148917,0.949020737327189,0.9660919540229884,0.9152298850574713,0.931712962962963,"{'classifier__class_weight': 'balanced', 'classifier__criterion': 'entropy', 'classifier__max_depth': None, 'classifier__min_samples_leaf': 1, 'classifier__min_samples_split': 5}"
66,0.9293148727171007,0.028112980934160925,0.9919481556290789,0.0008478997230090437,0.05017719268798828,0.014256129977019357,0.03651738166809082,0.023181751421344095,balanced,entropy,15,1,5,0.8845188242148917,0.949020737327189,0.9660919540229884,0.9152298850574713,0.931712962962963,"{'classifier__class_weight': 'balanced', 'classifier__criterion': 'entropy', 'classifier__max_depth': 15, 'classifier__min_samples_leaf': 1, 'classifier__min_samples_split': 5}"
68,0.9292834856856913,0.0262687364229339,0.9872856542592757,0.0023211241342634644,0.03608517646789551,0.013600825313364394,0.019314002990722657,0.006599584976876091,balanced,gini,10,1,5,0.8928265559097202,0.931712962962963,0.9575783721599079,0.9066724187517975,0.9576271186440678,"{'classifier__class_weight': 'balanced', 'classifier__criterion': 'gini', 'classifier__max_depth': 10, 'classifier__min_samples_leaf': 1, 'classifier__min_samples_split': 5}"
69,0.9292766959280497,0.023047457084111482,0.9828689831216064,0.0025831959827388204,0.05135955810546875,0.017305057669476247,0.02669205665588379,0.0166561972397135,,gini,,2,5,0.8845188242148917,0.931712962962963,0.9406097210238712,0.9404040404040404,0.9491379310344827,"{'classifier__class_weight': None, 'classifier__criterion': 'gini', 'classifier__max_depth': None, 'classifier__min_samples_leaf': 2, 'classifier__min_samples_split': 5}"
69,0.9292766959280497,0.023047457084111482,0.9828689831216064,0.0025831959827388204,0.0359900951385498,0.009297973035133281,0.014717340469360352,0.0024538809009624052,,gini,15,2,5,0.8845188242148917,0.931712962962963,0.9406097210238712,0.9404040404040404,0.9491379310344827,"{'classifier__class_weight': None, 'classifier__criterion': 'gini', 'classifier__max_depth': 15, 'classifier__min_samples_leaf': 2, 'classifier__min_samples_split': 5}"
71,0.928288062704473,0.010747946652654975,0.9786508626727427,0.0021270836905103994,0.04632272720336914,0.00986098203091285,0.021995115280151366,0.008169813421696433,balanced,gini,10,2,5,0.9185049993300991,0.9266813099325415,0.9406097210238712,0.9150345622119815,0.9406097210238712,"{'classifier__class_weight': 'balanced', 'classifier__criterion': 'gini', 'classifier__max_depth': 10, 'classifier__min_samples_leaf': 2, 'classifier__min_samples_split': 5}"
72,0.9282691382339443,0.01389700569389504,0.9748376001226078,0.0041492951073870505,0.026485586166381837,0.0055078963667262015,0.019449329376220702,0.010168400273185762,balanced,gini,,2,10,0.9185049993300991,0.917990232491464,0.9406779661016949,0.9150345622119815,0.9491379310344827,"{'classifier__class_weight': 'balanced', 'classifier__criterion': 'gini', 'classifier__max_depth': None, 'classifier__min_samples_leaf': 2, 'classifier__min_samples_split': 10}"
72,0.9282691382339443,0.01389700569389504,0.9748376001226078,0.0041492951073870505,0.04295306205749512,0.013250497186837285,0.020442819595336913,0.00428856361294017,balanced,gini,15,2,10,0.9185049993300991,0.917990232491464,0.9406779661016949,0.9150345622119815,0.9491379310344827,"{'classifier__class_weight': 'balanced', 'classifier__criterion': 'gini', 'classifier__max_depth': 15, 'classifier__min_samples_leaf': 2, 'classifier__min_samples_split': 10}"
74,0.9282174893560431,0.015751674821964084,0.9862797926132749,0.0030416720617786547,0.04471907615661621,0.006510866604758515,0.024727392196655273,0.0076471386640722455,balanced,entropy,,2,5,0.9102061631198359,0.9266813099325415,0.9576271186440678,0.9236410698878343,0.9229317851959362,"{'classifier__class_weight': 'balanced', 'classifier__criterion': 'entropy', 'classifier__max_depth': None, 'classifier__min_samples_leaf': 2, 'classifier__min_samples_split': 5}"
74,0.9282174893560431,0.015751674821964084,0.9862797926132749,0.0030416720617786547,0.03189916610717773,0.011745619061653542,0.014464044570922851,0.0028353310235040502,balanced,entropy,15,2,5,0.9102061631198359,0.9266813099325415,0.9576271186440678,0.9236410698878343,0.9229317851959362,"{'classifier__class_weight': 'balanced', 'classifier__criterion': 'entropy', 'classifier__max_depth': 15, 'classifier__min_samples_leaf': 2, 'classifier__min_samples_split': 5}"
76,0.9281310090230448,0.015364852978909419,0.9871270219800458,0.002122402615256206,0.04286923408508301,0.02163135197606882,0.022405242919921874,0.004518757557056071,balanced,entropy,,2,2,0.9186612576064909,0.9266813099325415,0.9576271186440678,0.9236410698878343,0.914044289044289,"{'classifier__class_weight': 'balanced', 'classifier__criterion': 'entropy', 'classifier__max_depth': None, 'classifier__min_samples_leaf': 2, 'classifier__min_samples_split': 2}"
76,0.9281310090230448,0.015364852978909419,0.9871270219800458,0.002122402615256206,0.04266223907470703,0.005816830216168736,0.026279783248901366,0.0069218889350350695,balanced,entropy,15,2,2,0.9186612576064909,0.9266813099325415,0.9576271186440678,0.9236410698878343,0.914044289044289,"{'classifier__class_weight': 'balanced', 'classifier__criterion': 'entropy', 'classifier__max_depth': 15, 'classifier__min_samples_leaf': 2, 'classifier__min_samples_split': 2}"
78,0.9276672045973374,0.020696689942519105,0.9743960058899921,0.0041803624488718815,0.03162121772766113,0.004903083237131245,0.017270803451538086,0.001982410448281369,,gini,10,2,10,0.8931497683123114,0.9404040404040404,0.9406097210238712,0.9150345622119815,0.9491379310344827,"{'classifier__class_weight': None, 'classifier__criterion': 'gini', 'classifier__max_depth': 10, 'classifier__min_samples_leaf': 2, 'classifier__min_samples_split': 10}"
79,0.9276339912872519,0.01637633615946368,0.9710023837781785,0.0023480123395991192,0.033216238021850586,0.005569938037219234,0.01785569190979004,0.006382660434237002,,gini,,4,10,0.9015119117724955,0.9404040404040404,0.9406097210238712,0.9150345622119815,0.9406097210238712,"{'classifier__class_weight': None, 'classifier__criterion': 'gini', 'classifier__max_depth': None, 'classifier__min_samples_leaf': 4, 'classifier__min_samples_split': 10}"
79,0.9276339912872519,0.01637633615946368,0.9710023837781785,0.0023480123395991192,0.033098602294921876,0.01456868577125017,0.02010197639465332,0.00735102752252701,,gini,10,4,2,0.9015119117724955,0.9404040404040404,0.9406097210238712,0.9150345622119815,0.9406097210238712,"{'classifier__class_weight': None, 'classifier__criterion': 'gini', 'classifier__max_depth': 10, 'classifier__min_samples_leaf': 4, 'classifier__min_samples_split': 2}"
79,0.9276339912872519,0.01637633615946368,0.9710023837781785,0.0023480123395991192,0.03687376976013183,0.013014085166277924,0.015755271911621092,0.005363615875881472,,gini,10,4,5,0.9015119117724955,0.9404040404040404,0.9406097210238712,0.9150345622119815,0.9406097210238712,"{'classifier__class_weight': None, 'classifier__criterion': 'gini', 'classifier__max_depth': 10, 'classifier__min_samples_leaf': 4, 'classifier__min_samples_split': 5}"
79,0.9276339912872519,0.01637633615946368,0.9710023837781785,0.0023480123395991192,0.02665095329284668,0.0060979555729404715,0.012164592742919922,0.0018587379957635197,,gini,10,4,10,0.9015119117724955,0.9404040404040404,0.9406097210238712,0.9150345622119815,0.9406097210238712,"{'classifier__class_weight': None, 'classifier__criterion': 'gini', 'classifier__max_depth': 10, 'classifier__min_samples_leaf': 4, 'classifier__min_samples_split': 10}"
79,0.9276339912872519,0.01637633615946368,0.9710023837781785,0.0023480123395991192,0.025453853607177734,0.006174084914109388,0.012899208068847656,0.0024910808982963268,,gini,15,4,10,0.9015119117724955,0.9404040404040404,0.9406097210238712,0.9150345622119815,0.9406097210238712,"{'classifier__class_weight': None, 'classifier__criterion': 'gini', 'classifier__max_depth': 15, 'classifier__min_samples_leaf': 4, 'classifier__min_samples_split': 10}"
84,0.9275953974606063,0.02461537225608768,0.989405478423552,0.0040197643059924505,0.04242730140686035,0.018475242063803434,0.01983466148376465,0.0067960062254725055,balanced,gini,10,1,2,0.8928265559097202,0.931712962962963,0.9491379310344827,0.9066724187517975,0.9576271186440678,"{'classifier__class_weight': 'balanced', 'classifier__criterion': 'gini', 'classifier__max_depth': 10, 'classifier__min_samples_leaf': 1, 'classifier__min_samples_split': 2}"
85,0.9275573221380021,0.0178000535727004,0.9845638527834387,0.0032958024227717373,0.0584568977355957,0.023114775886656662,0.036986351013183594,0.017818717296361544,,gini,,2,2,0.8928265559097202,0.931712962962963,0.9406097210238712,0.9320276497695853,0.9406097210238712,"{'classifier__class_weight': None, 'classifier__criterion': 'gini', 'classifier__max_depth': None, 'classifier__min_samples_leaf': 2, 'classifier__min_samples_split': 2}"
85,0.9275573221380021,0.0178000535727004,0.9845638527834387,0.0032958024227717373,0.0284451961517334,0.004514286920759873,0.020080423355102538,0.0032139987903273895,,gini,15,2,2,0.8928265559097202,0.931712962962963,0.9406097210238712,0.9320276497695853,0.9406097210238712,"{'classifier__class_weight': None, 'classifier__criterion': 'gini', 'classifier__max_depth': 15, 'classifier__min_samples_leaf': 2, 'classifier__min_samples_split': 2}"
87,0.9275553195855963,0.01650209925575346,0.9710023837781785,0.0023480123395991192,0.05062856674194336,0.01791654892524859,0.02620377540588379,0.012159236417150473,balanced,gini,,4,10,0.9011185532642176,0.9404040404040404,0.9406097210238712,0.9150345622119815,0.9406097210238712,"{'classifier__class_weight': 'balanced', 'classifier__criterion': 'gini', 'classifier__max_depth': None, 'classifier__min_samples_leaf': 4, 'classifier__min_samples_split': 10}"
87,0.9275553195855963,0.01650209925575346,0.9710023837781785,0.0023480123395991192,0.037610864639282225,0.017283279256203384,0.013832902908325196,0.001922431648730586,balanced,gini,10,4,2,0.9011185532642176,0.9404040404040404,0.9406097210238712,0.9150345622119815,0.9406097210238712,"{'classifier__class_weight': 'balanced', 'classifier__criterion': 'gini', 'classifier__max_depth': 10, 'classifier__min_samples_leaf': 4, 'classifier__min_samples_split': 2}"
87,0.9275553195855963,0.01650209925575346,0.9710023837781785,0.0023480123395991192,0.037985706329345705,0.004855812978880103,0.02103567123413086,0.007755165885295585,balanced,gini,10,4,5,0.9011185532642176,0.9404040404040404,0.9406097210238712,0.9150345622119815,0.9406097210238712,"{'classifier__class_weight': 'balanced', 'classifier__criterion': 'gini', 'classifier__max_depth': 10, 'classifier__min_samples_leaf': 4, 'classifier__min_samples_split': 5}"
87,0.9275553195855963,0.01650209925575346,0.9710023837781785,0.0023480123395991192,0.036506032943725585,0.006255389757625451,0.014784431457519532,0.0031809695766439813,balanced,gini,10,4,10,0.9011185532642176,0.9404040404040404,0.9406097210238712,0.9150345622119815,0.9406097210238712,"{'classifier__class_weight': 'balanced', 'classifier__criterion': 'gini', 'classifier__max_depth': 10, 'classifier__min_samples_leaf': 4, 'classifier__min_samples_split': 10}"
87,0.9275553195855963,0.01650209925575346,0.9710023837781785,0.0023480123395991192,0.0435483455657959,0.020604964512988336,0.020240592956542968,0.00749190808634041,balanced,gini,15,4,10,0.9011185532642176,0.9404040404040404,0.9406097210238712,0.9150345622119815,0.9406097210238712,"{'classifier__class_weight': 'balanced', 'classifier__criterion': 'gini', 'classifier__max_depth': 15, 'classifier__min_samples_leaf': 4, 'classifier__min_samples_split': 10}"
92,0.9275476942049277,0.027523903628343355,0.9782113535891958,0.0026977199508235713,0.026410865783691406,0.006625211030102237,0.016881465911865234,0.007293458194730618,,entropy,,2,10,0.8757991388823032,0.949020737327189,0.9491379310344827,0.9233766233766234,0.9404040404040404,"{'classifier__class_weight': None, 'classifier__criterion': 'entropy', 'classifier__max_depth': None, 'classifier__min_samples_leaf': 2, 'classifier__min_samples_split': 10}"
92,0.9275476942049277,0.027523903628343355,0.9782113535891958,0.0026977199508235713,0.03262472152709961,0.006332910169389695,0.013328075408935547,0.0027092680061630826,,entropy,15,2,10,0.8757991388823032,0.949020737327189,0.9491379310344827,0.9233766233766234,0.9404040404040404,"{'classifier__class_weight': None, 'classifier__criterion': 'entropy', 'classifier__max_depth': 15, 'classifier__min_samples_leaf': 2, 'classifier__min_samples_split': 10}"
94,0.926602900108894,0.009238476806907285,0.9786508626727427,0.0021270836905103994,0.03718724250793457,0.006337233876709062,0.01892881393432617,0.003362487235912875,balanced,gini,10,2,2,0.9185049993300991,0.9266813099325415,0.9321839080459771,0.9150345622119815,0.9406097210238712,"{'classifier__class_weight': 'balanced', 'classifier__criterion': 'gini', 'classifier__max_depth': 10, 'classifier__min_samples_leaf': 2, 'classifier__min_samples_split': 2}"
95,0.9265731760576552,0.019609856678461875,0.9828870085781715,0.0025754909431935525,0.029569387435913086,0.012362166054187086,0.015381765365600587,0.008314775171132337,balanced,gini,,2,5,0.8931497683123114,0.917990232491464,0.9321839080459771,0.9404040404040404,0.9491379310344827,"{'classifier__class_weight': 'balanced', 'classifier__criterion': 'gini', 'classifier__max_depth': None, 'classifier__min_samples_leaf': 2, 'classifier__min_samples_split': 5}"
95,0.9265731760576552,0.019609856678461875,0.9828870085781715,0.0025754909431935525,0.03761248588562012,0.010378672919561542,0.014356708526611328,0.0016757600848400897,balanced,gini,15,2,5,0.8931497683123114,0.917990232491464,0.9321839080459771,0.9404040404040404,0.9491379310344827,"{'classifier__class_weight': 'balanced', 'classifier__criterion': 'gini', 'classifier__max_depth': 15, 'classifier__min_samples_leaf': 2, 'classifier__min_samples_split': 5}"
97,0.9259615625952152,0.017930860277886266,0.9786328372161777,0.002127881855520628,0.02949833869934082,0.004544411763718967,0.018430471420288086,0.008727465887972009,,gini,10,2,2,0.9015119117724955,0.9404040404040404,0.9406097210238712,0.9066724187517975,0.9406097210238712,"{'classifier__class_weight': None, 'classifier__criterion': 'gini', 'classifier__max_depth': 10, 'classifier__min_samples_leaf': 2, 'classifier__min_samples_split': 2}"
97,0.9259615625952152,0.017930860277886266,0.9786328372161777,0.002127881855520628,0.03241877555847168,0.004768407712799517,0.017980003356933595,0.0033935707216207773,,gini,10,2,5,0.9015119117724955,0.9404040404040404,0.9406097210238712,0.9066724187517975,0.9406097210238712,"{'classifier__class_weight': None, 'classifier__criterion': 'gini', 'classifier__max_depth': 10, 'classifier__min_samples_leaf': 2, 'classifier__min_samples_split': 5}"
99,0.9259426381246867,0.01991384735880636,0.9748195746660426,0.004153881648416076,0.07902307510375976,0.02797250497071808,0.025679540634155274,0.010052469970087234,,gini,,2,10,0.8931497683123114,0.931712962962963,0.9406779661016949,0.9150345622119815,0.9491379310344827,"{'classifier__class_weight': None, 'classifier__criterion': 'gini', 'classifier__max_depth': None, 'classifier__min_samples_leaf': 2, 'classifier__min_samples_split': 10}"
99,0.9259426381246867,0.01991384735880636,0.9748195746660426,0.004153881648416076,0.028814029693603516,0.010450404576003495,0.016027259826660156,0.005066894390831289,,gini,15,2,10,0.8931497683123114,0.931712962962963,0.9406779661016949,0.9150345622119815,0.9491379310344827,"{'classifier__class_weight': None, 'classifier__criterion': 'gini', 'classifier__max_depth': 15, 'classifier__min_samples_leaf': 2, 'classifier__min_samples_split': 10}"
101,0.925860265387471,0.02876761925590038,0.9871095444880245,0.0021229494399885173,0.023882722854614256,0.0033678825681185704,0.018355798721313477,0.005861197705546816,,entropy,,2,2,0.8840467940049583,0.957578372159908,0.9576271186440678,0.9066724187517975,0.9233766233766234,"{'classifier__class_weight': None, 'classifier__criterion': 'entropy', 'classifier__max_depth': None, 'classifier__min_samples_leaf': 2, 'classifier__min_samples_split': 2}"
101,0.925860265387471,0.02876761925590038,0.9871095444880245,0.0021229494399885173,0.03847990036010742,0.01564928515021612,0.019915103912353516,0.007934360236300663,,entropy,15,2,2,0.8840467940049583,0.957578372159908,0.9576271186440678,0.9066724187517975,0.9233766233766234,"{'classifier__class_weight': None, 'classifier__criterion': 'entropy', 'classifier__max_depth': 15, 'classifier__min_samples_leaf': 2, 'classifier__min_samples_split': 2}"
103,0.9248821571603241,0.01941671833637482,0.9833092075166583,0.003689084609119268,0.028972959518432616,0.006364199947947533,0.014346933364868164,0.0013497607895751958,balanced,gini,,2,2,0.8931497683123114,0.917990232491464,0.923728813559322,0.9404040404040404,0.9491379310344827,"{'classifier__class_weight': 'balanced', 'classifier__criterion': 'gini', 'classifier__max_depth': None, 'classifier__min_samples_leaf': 2, 'classifier__min_samples_split': 2}"
103,0.9248821571603241,0.01941671833637482,0.9833092075166583,0.003689084609119268,0.02862858772277832,0.005954411513571403,0.021718454360961915,0.01923641687748907,balanced,gini,15,2,2,0.8931497683123114,0.917990232491464,0.923728813559322,0.9404040404040404,0.9491379310344827,"{'classifier__class_weight': 'balanced', 'classifier__criterion': 'gini', 'classifier__max_depth': 15, 'classifier__min_samples_leaf': 2, 'classifier__min_samples_split': 2}"
105,0.9243750898108155,0.032343777135801756,1.0,0.0,0.06283998489379883,0.03482254645427729,0.032764625549316403,0.004246282872823723,balanced,entropy,,1,2,0.8932570105774631,0.949020737327189,0.9660919540229884,0.8813218390804598,0.9321839080459771,"{'classifier__class_weight': 'balanced', 'classifier__criterion': 'entropy', 'classifier__max_depth': None, 'classifier__min_samples_leaf': 1, 'classifier__min_samples_split': 2}"
105,0.9243750898108155,0.032343777135801756,1.0,0.0,0.08096051216125488,0.019328817178285457,0.033599472045898436,0.00788151554623639,balanced,entropy,15,1,2,0.8932570105774631,0.949020737327189,0.9660919540229884,0.8813218390804598,0.9321839080459771,"{'classifier__class_weight': 'balanced', 'classifier__criterion': 'entropy', 'classifier__max_depth': 15, 'classifier__min_samples_leaf': 1, 'classifier__min_samples_split': 2}"
107,0.9241692500031894,0.03954086988619964,1.0,0.0,0.033314847946166994,0.006447390312983046,0.02327589988708496,0.00618853927348341,,entropy,,1,2,0.8751565948435327,0.9660919540229885,0.9660919540229884,0.8813218390804598,0.9321839080459771,"{'classifier__class_weight': None, 'classifier__criterion': 'entropy', 'classifier__max_depth': None, 'classifier__min_samples_leaf': 1, 'classifier__min_samples_split': 2}"
107,0.9241692500031894,0.03954086988619964,1.0,0.0,0.03297834396362305,0.010958431077304659,0.025819015502929688,0.008002102845277333,,entropy,15,1,2,0.8751565948435327,0.9660919540229885,0.9660919540229884,0.8813218390804598,0.9321839080459771,"{'classifier__class_weight': None, 'classifier__criterion': 'entropy', 'classifier__max_depth': 15, 'classifier__min_samples_leaf': 1, 'classifier__min_samples_split': 2}"
109,0.9203852021838328,0.016260036694339824,0.9560594443168616,0.0038431975065461076,0.02789158821105957,0.006130139701484513,0.01505274772644043,0.002909949691354834,,gini,7,4,2,0.8931497683123114,0.914044289044289,0.9320276497695853,0.9223002633889377,0.9404040404040404,"{'classifier__class_weight': None, 'classifier__criterion': 'gini', 'classifier__max_depth': 7, 'classifier__min_samples_leaf': 4, 'classifier__min_samples_split': 2}"
109,0.9203852021838328,0.016260036694339824,0.9560594443168616,0.0038431975065461076,0.026007938385009765,0.004896091846374415,0.010752391815185548,0.0015194997165819844,,gini,7,4,5,0.8931497683123114,0.914044289044289,0.9320276497695853,0.9223002633889377,0.9404040404040404,"{'classifier__class_weight': None, 'classifier__criterion': 'gini', 'classifier__max_depth': 7, 'classifier__min_samples_leaf': 4, 'classifier__min_samples_split': 5}"
109,0.9203852021838328,0.016260036694339824,0.9560594443168616,0.0038431975065461076,0.02088651657104492,0.0007237329173130701,0.011623859405517578,0.0005343746410902168,,gini,7,4,10,0.8931497683123114,0.914044289044289,0.9320276497695853,0.9223002633889377,0.9404040404040404,"{'classifier__class_weight': None, 'classifier__criterion': 'gini', 'classifier__max_depth': 7, 'classifier__min_samples_leaf': 4, 'classifier__min_samples_split': 10}"
109,0.9203852021838328,0.016260036694339824,0.9560594443168616,0.0038431975065461076,0.07887415885925293,0.027645909649839092,0.03458104133605957,0.020891944740151765,balanced,gini,7,4,2,0.8931497683123114,0.914044289044289,0.9320276497695853,0.9223002633889377,0.9404040404040404,"{'classifier__class_weight': 'balanced', 'classifier__criterion': 'gini', 'classifier__max_depth': 7, 'classifier__min_samples_leaf': 4, 'classifier__min_samples_split': 2}"
109,0.9203852021838328,0.016260036694339824,0.9560594443168616,0.0038431975065461076,0.043030071258544925,0.01624562943923865,0.01912531852722168,0.005319650706754965,balanced,gini,7,4,5,0.8931497683123114,0.914044289044289,0.9320276497695853,0.9223002633889377,0.9404040404040404,"{'classifier__class_weight': 'balanced', 'classifier__criterion': 'gini', 'classifier__max_depth': 7, 'classifier__min_samples_leaf': 4, 'classifier__min_samples_split': 5}"
109,0.9203852021838328,0.016260036694339824,0.9560594443168616,0.0038431975065461076,0.037539100646972655,0.009389058744195728,0.033301162719726565,0.011847606717874418,balanced,gini,7,4,10,0.8931497683123114,0.914044289044289,0.9320276497695853,0.9223002633889377,0.9404040404040404,"{'classifier__class_weight': 'balanced', 'classifier__criterion': 'gini', 'classifier__max_depth': 7, 'classifier__min_samples_leaf': 4, 'classifier__min_samples_split': 10}"
115,0.9169311074874681,0.010263413142075944,0.9594708907573495,0.005972058313822926,0.022008180618286133,0.006655958635035855,0.013885736465454102,0.008080672671052818,,gini,7,2,2,0.9017072346179852,0.914044289044289,0.9236410698878343,0.913235294117647,0.9320276497695853,"{'classifier__class_weight': None, 'classifier__criterion': 'gini', 'classifier__max_depth': 7, 'classifier__min_samples_leaf': 2, 'classifier__min_samples_split': 2}"
115,0.9169311074874681,0.010263413142075944,0.9594708907573495,0.005972058313822926,0.026743268966674803,0.008364035076449868,0.02109074592590332,0.0069218895384620055,,gini,7,2,5,0.9017072346179852,0.914044289044289,0.9236410698878343,0.913235294117647,0.9320276497695853,"{'classifier__class_weight': None, 'classifier__criterion': 'gini', 'classifier__max_depth': 7, 'classifier__min_samples_leaf': 2, 'classifier__min_samples_split': 5}"
115,0.9169311074874681,0.010263413142075944,0.9573364004063633,0.005246160640952332,0.029312992095947267,0.007718353243887341,0.019805002212524413,0.008186123399079962,,gini,7,2,10,0.9017072346179852,0.914044289044289,0.9236410698878343,0.913235294117647,0.9320276497695853,"{'classifier__class_weight': None, 'classifier__criterion': 'gini', 'classifier__max_depth': 7, 'classifier__min_samples_leaf': 2, 'classifier__min_samples_split': 10}"
118,0.9153172273297049,0.018642865719760388,0.9621705699413841,0.006217133489643242,0.018938064575195312,0.0005492343816512554,0.009991455078125,0.0006859274493873892,,gini,7,1,10,0.8932570105774631,0.914044289044289,0.9320276497695853,0.8968531468531469,0.9404040404040404,"{'classifier__class_weight': None, 'classifier__criterion': 'gini', 'classifier__max_depth': 7, 'classifier__min_samples_leaf': 1, 'classifier__min_samples_split': 10}"
118,0.9153172273297049,0.018642865719760388,0.9621705699413841,0.006217133489643242,0.036927080154418944,0.014683503857848812,0.02211151123046875,0.011611686838651342,balanced,gini,7,1,10,0.8932570105774631,0.914044289044289,0.9320276497695853,0.8968531468531469,0.9404040404040404,"{'classifier__class_weight': 'balanced', 'classifier__criterion': 'gini', 'classifier__max_depth': 7, 'classifier__min_samples_leaf': 1, 'classifier__min_samples_split': 10}"
120,0.9152854282782783,0.0116932969815858,0.9523803888428564,0.002173978446788062,0.046610689163208006,0.011074332760436206,0.029379510879516603,0.011521582472810635,,entropy,7,1,10,0.9098539729371372,0.914044289044289,0.9320276497695853,0.8975694444444444,0.9229317851959362,"{'classifier__class_weight': None, 'classifier__criterion': 'entropy', 'classifier__max_depth': 7, 'classifier__min_samples_leaf': 1, 'classifier__min_samples_split': 10}"
120,0.9152854282782783,0.0116932969815858,0.9523803888428564,0.002173978446788062,0.0379669189453125,0.00347225527606933,0.019898223876953124,0.003144316020581708,balanced,entropy,7,1,10,0.9098539729371372,0.914044289044289,0.9320276497695853,0.8975694444444444,0.9229317851959362,"{'classifier__class_weight': 'balanced', 'classifier__criterion': 'entropy', 'classifier__max_depth': 7, 'classifier__min_samples_leaf': 1, 'classifier__min_samples_split': 10}"
122,0.9141865613931683,0.012300967236207138,0.9573544258629283,0.005240876019867233,0.03155198097229004,0.003676686479721827,0.025694608688354492,0.01038857854077554,balanced,gini,7,2,10,0.9017072346179852,0.9003215585727902,0.9236410698878343,0.913235294117647,0.9320276497695853,"{'classifier__class_weight': 'balanced', 'classifier__criterion': 'gini', 'classifier__max_depth': 7, 'classifier__min_samples_leaf': 2, 'classifier__min_samples_split': 10}"
123,0.913353016448727,0.009875622898552228,0.949166046384119,0.002670650495233879,0.045084571838378905,0.01737257987899009,0.019745826721191406,0.015124615358586831,,entropy,7,2,5,0.9098539729371372,0.914044289044289,0.9320276497695853,0.9058055152394775,0.905033655253146,"{'classifier__class_weight': None, 'classifier__criterion': 'entropy', 'classifier__max_depth': 7, 'classifier__min_samples_leaf': 2, 'classifier__min_samples_split': 5}"
124,0.911830613071599,0.008444828591103473,0.9479558961188266,0.0016733041332763978,0.029392051696777343,0.005327389251809335,0.01492481231689453,0.0017914180730626468,,entropy,7,2,10,0.9098539729371372,0.914044289044289,0.9236410698878343,0.8975694444444444,0.914044289044289,"{'classifier__class_weight': None, 'classifier__criterion': 'entropy', 'classifier__max_depth': 7, 'classifier__min_samples_leaf': 2, 'classifier__min_samples_split': 10}"
125,0.9117770536222318,0.027587540022982162,0.9660015835697152,0.005702224287545647,0.03968997001647949,0.005767998548792771,0.015245532989501953,0.005293735053893983,balanced,gini,7,1,2,0.867525736657288,0.914044289044289,0.9404040404040404,0.8968531468531469,0.9400580551523948,"{'classifier__class_weight': 'balanced', 'classifier__criterion': 'gini', 'classifier__max_depth': 7, 'classifier__min_samples_leaf': 1, 'classifier__min_samples_split': 2}"
126,0.9117146707360888,0.010988595179776966,0.9466457097683069,0.0031462387829570976,0.03336200714111328,0.007219954457579424,0.015129661560058594,0.002403898029364234,,entropy,7,4,2,0.9011185532642176,0.914044289044289,0.9320276497695853,0.9063492063492063,0.905033655253146,"{'classifier__class_weight': None, 'classifier__criterion': 'entropy', 'classifier__max_depth': 7, 'classifier__min_samples_leaf': 4, 'classifier__min_samples_split': 2}"
126,0.9117146707360888,0.010988595179776966,0.9466457097683069,0.0031462387829570976,0.035377788543701175,0.005008544218164617,0.017914342880249023,0.005503600382948003,,entropy,7,4,5,0.9011185532642176,0.914044289044289,0.9320276497695853,0.9063492063492063,0.905033655253146,"{'classifier__class_weight': None, 'classifier__criterion': 'entropy', 'classifier__max_depth': 7, 'classifier__min_samples_leaf': 4, 'classifier__min_samples_split': 5}"
126,0.9117146707360888,0.010988595179776966,0.9466457097683069,0.0031462387829570976,0.03935885429382324,0.015882752221432164,0.023309898376464844,0.008702203899746222,,entropy,7,4,10,0.9011185532642176,0.914044289044289,0.9320276497695853,0.9063492063492063,0.905033655253146,"{'classifier__class_weight': None, 'classifier__criterion': 'entropy', 'classifier__max_depth': 7, 'classifier__min_samples_leaf': 4, 'classifier__min_samples_split': 10}"
126,0.9117146707360888,0.010988595179776966,0.9466457097683069,0.0031462387829570976,0.04145050048828125,0.00914894403279148,0.027090024948120118,0.007172578040499057,balanced,entropy,7,4,2,0.9011185532642176,0.914044289044289,0.9320276497695853,0.9063492063492063,0.905033655253146,"{'classifier__class_weight': 'balanced', 'classifier__criterion': 'entropy', 'classifier__max_depth': 7, 'classifier__min_samples_leaf': 4, 'classifier__min_samples_split': 2}"
126,0.9117146707360888,0.010988595179776966,0.9466457097683069,0.0031462387829570976,0.052536964416503906,0.012671059314468143,0.029556131362915038,0.012207750250458517,balanced,entropy,7,4,5,0.9011185532642176,0.914044289044289,0.9320276497695853,0.9063492063492063,0.905033655253146,"{'classifier__class_weight': 'balanced', 'classifier__criterion': 'entropy', 'classifier__max_depth': 7, 'classifier__min_samples_leaf': 4, 'classifier__min_samples_split': 5}"
126,0.9117146707360888,0.010988595179776966,0.9466457097683069,0.0031462387829570976,0.058849000930786134,0.004545710451663349,0.02885894775390625,0.00812345169283072,balanced,entropy,7,4,10,0.9011185532642176,0.914044289044289,0.9320276497695853,0.9063492063492063,0.905033655253146,"{'classifier__class_weight': 'balanced', 'classifier__criterion': 'entropy', 'classifier__max_depth': 7, 'classifier__min_samples_leaf': 4, 'classifier__min_samples_split': 10}"
132,0.9117058022897204,0.011543218238036017,0.9491711708378775,0.0026761749462243358,0.05790200233459473,0.016701760680610894,0.031635189056396486,0.01207336072817052,,entropy,7,2,2,0.9098539729371372,0.914044289044289,0.9320276497695853,0.8975694444444444,0.905033655253146,"{'classifier__class_weight': None, 'classifier__criterion': 'entropy', 'classifier__max_depth': 7, 'classifier__min_samples_leaf': 2, 'classifier__min_samples_split': 2}"
133,0.9115257260291514,0.018299372366318453,0.9557443205980161,0.003933516359418695,0.0500424861907959,0.01460118346357574,0.0318150520324707,0.015078696689016194,,entropy,7,1,2,0.8833304964136608,0.914044289044289,0.9404040404040404,0.9058055152394775,0.914044289044289,"{'classifier__class_weight': None, 'classifier__criterion': 'entropy', 'classifier__max_depth': 7, 'classifier__min_samples_leaf': 1, 'classifier__min_samples_split': 2}"
133,0.9115257260291514,0.018299372366318453,0.9544557211137181,0.0029078701306713226,0.049406003952026364,0.012527777752001307,0.025100326538085936,0.008764566076288607,,entropy,7,1,5,0.8833304964136608,0.914044289044289,0.9404040404040404,0.9058055152394775,0.914044289044289,"{'classifier__class_weight': None, 'classifier__criterion': 'entropy', 'classifier__max_depth': 7, 'classifier__min_samples_leaf': 1, 'classifier__min_samples_split': 5}"
133,0.9115257260291514,0.018299372366318453,0.9544557211137181,0.0029078701306713226,0.04350709915161133,0.011310593848674827,0.020275306701660157,0.004771681615199969,balanced,entropy,7,1,5,0.8833304964136608,0.914044289044289,0.9404040404040404,0.9058055152394775,0.914044289044289,"{'classifier__class_weight': 'balanced', 'classifier__criterion': 'entropy', 'classifier__max_depth': 7, 'classifier__min_samples_leaf': 1, 'classifier__min_samples_split': 5}"
136,0.9106822582223822,0.021175200518590512,0.9594889162139145,0.005969134543605724,0.029271602630615234,0.0033261233521471234,0.01653146743774414,0.0026866602350835147,balanced,gini,7,2,2,0.8757991388823032,0.9003215585727902,0.9320276497695853,0.913235294117647,0.9320276497695853,"{'classifier__class_weight': 'balanced', 'classifier__criterion': 'gini', 'classifier__max_depth': 7, 'classifier__min_samples_leaf': 2, 'classifier__min_samples_split': 2}"
137,0.9101709725456699,0.026087299351408102,0.9647219793450356,0.006398214512609843,0.018161630630493163,0.001297586764537804,0.010022640228271484,0.0020032253072070276,,gini,7,1,5,0.867525736657288,0.914044289044289,0.9320276497695853,0.8968531468531469,0.9404040404040404,"{'classifier__class_weight': None, 'classifier__criterion': 'gini', 'classifier__max_depth': 7, 'classifier__min_samples_leaf': 1, 'classifier__min_samples_split': 5}"
137,0.9101709725456699,0.026087299351408102,0.9647219793450356,0.006398214512609843,0.026691436767578125,0.0018993671372922857,0.014391183853149414,0.003210620381361292,balanced,gini,7,1,5,0.867525736657288,0.914044289044289,0.9320276497695853,0.8968531468531469,0.9404040404040404,"{'classifier__class_weight': 'balanced', 'classifier__criterion': 'gini', 'classifier__max_depth': 7, 'classifier__min_samples_leaf': 1, 'classifier__min_samples_split': 5}"
139,0.9101017754953409,0.026007350156074662,0.9660015835697152,0.005702224287545647,0.021968650817871093,0.003598002389813635,0.009823942184448242,0.0010476765484216844,,gini,7,1,2,0.867525736657288,0.914044289044289,0.9320276497695853,0.8968531468531469,0.9400580551523948,"{'classifier__class_weight': None, 'classifier__criterion': 'gini', 'classifier__max_depth': 7, 'classifier__min_samples_leaf': 1, 'classifier__min_samples_split': 2}"
140,0.9098504479022604,0.015790340065478938,0.9557443205980161,0.003933516359418695,0.030350923538208008,0.0028855998899731633,0.018255853652954103,0.005420172120213378,balanced,entropy,7,1,2,0.8833304964136608,0.914044289044289,0.9320276497695853,0.9058055152394775,0.914044289044289,"{'classifier__class_weight': 'balanced', 'classifier__criterion': 'entropy', 'classifier__max_depth': 7, 'classifier__min_samples_leaf': 1, 'classifier__min_samples_split': 2}"
141,0.909086066977299,0.00944956038650893,0.9479739215753916,0.0016762765697082144,0.0327397346496582,0.0027340302433943673,0.016122770309448243,0.0024351702822312826,balanced,entropy,7,2,10,0.9098539729371372,0.9003215585727902,0.9236410698878343,0.8975694444444444,0.914044289044289,"{'classifier__class_weight': 'balanced', 'classifier__criterion': 'entropy', 'classifier__max_depth': 7, 'classifier__min_samples_leaf': 2, 'classifier__min_samples_split': 10}"
142,0.909004942246032,0.01969864817731019,0.9594889162139145,0.005969134543605724,0.04290480613708496,0.01824278787939799,0.01969594955444336,0.007811252410385776,balanced,gini,7,2,5,0.8757991388823032,0.9003215585727902,0.9236410698878343,0.913235294117647,0.9320276497695853,"{'classifier__class_weight': 'balanced', 'classifier__criterion': 'gini', 'classifier__max_depth': 7, 'classifier__min_samples_leaf': 2, 'classifier__min_samples_split': 5}"
143,0.9053037750497321,0.015634178219570492,0.9491840718406843,0.0026748370522827625,0.03914461135864258,0.013829060578869689,0.016421794891357422,0.004075208358348438,balanced,entropy,7,2,5,0.8833304964136608,0.9003215585727902,0.9320276497695853,0.9058055152394775,0.905033655253146,"{'classifier__class_weight': 'balanced', 'classifier__criterion': 'entropy', 'classifier__max_depth': 7, 'classifier__min_samples_leaf': 2, 'classifier__min_samples_split': 5}"
144,0.9019792449143752,0.013027157545166524,0.9491891962944425,0.0026803621862815973,0.04207243919372559,0.008062933806995324,0.028327369689941408,0.012072558868400507,balanced,entropy,7,2,2,0.8833304964136608,0.9003215585727902,0.9236410698878343,0.8975694444444444,0.905033655253146,"{'classifier__class_weight': 'balanced', 'classifier__criterion': 'entropy', 'classifier__max_depth': 7, 'classifier__min_samples_leaf': 2, 'classifier__min_samples_split': 2}"
145,0.8428633809823831,0.030823684627216574,0.879479240985359,0.005273484293088687,0.05396957397460937,0.004981126838858811,0.028423500061035157,0.01200464894173569,balanced,entropy,5,1,2,0.8730493696729067,0.8473363774733638,0.7966736589751273,0.8201741654571844,0.8770833333333333,"{'classifier__class_weight': 'balanced', 'classifier__criterion': 'entropy', 'classifier__max_depth': 5, 'classifier__min_samples_leaf': 1, 'classifier__min_samples_split': 2}"
145,0.8428633809823831,0.030823684627216574,0.879479240985359,0.005273484293088687,0.056290721893310545,0.021982415811832686,0.022471523284912108,0.0070539769233373744,balanced,entropy,5,1,5,0.8730493696729067,0.8473363774733638,0.7966736589751273,0.8201741654571844,0.8770833333333333,"{'classifier__class_weight': 'balanced', 'classifier__criterion': 'entropy', 'classifier__max_depth': 5, 'classifier__min_samples_leaf': 1, 'classifier__min_samples_split': 5}"
145,0.8428633809823831,0.030823684627216574,0.879479240985359,0.005273484293088687,0.039468908309936525,0.017477059544879107,0.01530914306640625,0.003337558236776901,balanced,entropy,5,1,10,0.8730493696729067,0.8473363774733638,0.7966736589751273,0.8201741654571844,0.8770833333333333,"{'classifier__class_weight': 'balanced', 'classifier__criterion': 'entropy', 'classifier__max_depth': 5, 'classifier__min_samples_leaf': 1, 'classifier__min_samples_split': 10}"
148,0.8422460126686282,0.025221205326641325,0.8803107704421403,0.004799360905953741,0.07110748291015626,0.021290822295842483,0.028293752670288087,0.0042383146894343065,,gini,5,1,2,0.8650067613252197,0.8473363774733638,0.7966736589751273,0.836916461916462,0.865296803652968,"{'classifier__class_weight': None, 'classifier__criterion': 'gini', 'classifier__max_depth': 5, 'classifier__min_samples_leaf': 1, 'classifier__min_samples_split': 2}"
148,0.8422460126686282,0.025221205326641325,0.8803107704421403,0.004799360905953741,0.027382373809814453,0.0068110224286162206,0.012670040130615234,0.0017691987815437373,,gini,5,1,5,0.8650067613252197,0.8473363774733638,0.7966736589751273,0.836916461916462,0.865296803652968,"{'classifier__class_weight': None, 'classifier__criterion': 'gini', 'classifier__max_depth': 5, 'classifier__min_samples_leaf': 1, 'classifier__min_samples_split': 5}"
148,0.8422460126686282,0.025221205326641325,0.8803107704421403,0.004799360905953741,0.02346806526184082,0.011123313484167488,0.016241788864135742,0.008944134897998578,,gini,5,1,10,0.8650067613252197,0.8473363774733638,0.7966736589751273,0.836916461916462,0.865296803652968,"{'classifier__class_weight': None, 'classifier__criterion': 'gini', 'classifier__max_depth': 5, 'classifier__min_samples_leaf': 1, 'classifier__min_samples_split': 10}"
148,0.8422460126686282,0.025221205326641325,0.8803107704421403,0.004799360905953741,0.03705101013183594,0.003934649620970315,0.0165802001953125,0.0033037847159976936,balanced,gini,5,1,2,0.8650067613252197,0.8473363774733638,0.7966736589751273,0.836916461916462,0.865296803652968,"{'classifier__class_weight': 'balanced', 'classifier__criterion': 'gini', 'classifier__max_depth': 5, 'classifier__min_samples_leaf': 1, 'classifier__min_samples_split': 2}"
148,0.8422460126686282,0.025221205326641325,0.8803107704421403,0.004799360905953741,0.02951836585998535,0.010073440168183971,0.015686464309692384,0.005715588656249747,balanced,gini,5,1,5,0.8650067613252197,0.8473363774733638,0.7966736589751273,0.836916461916462,0.865296803652968,"{'classifier__class_weight': 'balanced', 'classifier__criterion': 'gini', 'classifier__max_depth': 5, 'classifier__min_samples_leaf': 1, 'classifier__min_samples_split': 5}"
148,0.8422460126686282,0.025221205326641325,0.8803107704421403,0.004799360905953741,0.029480504989624023,0.007725928111710417,0.013396739959716797,0.001898211438326357,balanced,gini,5,1,10,0.8650067613252197,0.8473363774733638,0.7966736589751273,0.836916461916462,0.865296803652968,"{'classifier__class_weight': 'balanced', 'classifier__criterion': 'gini', 'classifier__max_depth': 5, 'classifier__min_samples_leaf': 1, 'classifier__min_samples_split': 10}"
154,0.8411099882438657,0.027031441987650763,0.8787326253988293,0.004963788775226689,0.03157663345336914,0.006663979149167051,0.016285181045532227,0.004567645760633593,balanced,gini,5,2,2,0.8730493696729067,0.8336136470018649,0.7966736589751273,0.836916461916462,0.865296803652968,"{'classifier__class_weight': 'balanced', 'classifier__criterion': 'gini', 'classifier__max_depth': 5, 'classifier__min_samples_leaf': 2, 'classifier__min_samples_split': 2}"
154,0.8411099882438657,0.027031441987650763,0.8787326253988293,0.004963788775226689,0.02412409782409668,0.0010002328522933884,0.01147317886352539,0.001788997082029198,balanced,gini,5,2,5,0.8730493696729067,0.8336136470018649,0.7966736589751273,0.836916461916462,0.865296803652968,"{'classifier__class_weight': 'balanced', 'classifier__criterion': 'gini', 'classifier__max_depth': 5, 'classifier__min_samples_leaf': 2, 'classifier__min_samples_split': 5}"
154,0.8411099882438657,0.027031441987650763,0.8787326253988293,0.004963788775226689,0.03913884162902832,0.012943510217839398,0.02530040740966797,0.011826745711916964,balanced,gini,5,2,10,0.8730493696729067,0.8336136470018649,0.7966736589751273,0.836916461916462,0.865296803652968,"{'classifier__class_weight': 'balanced', 'classifier__criterion': 'gini', 'classifier__max_depth': 5, 'classifier__min_samples_leaf': 2, 'classifier__min_samples_split': 10}"
157,0.8401188348880833,0.03091402557019672,0.8767772155164387,0.005292106433330621,0.031682586669921874,0.009382485655263869,0.020816707611083986,0.006195990559937044,balanced,entropy,5,2,2,0.8730493696729067,0.8336136470018649,0.7966736589751273,0.8201741654571844,0.8770833333333333,"{'classifier__class_weight': 'balanced', 'classifier__criterion': 'entropy', 'classifier__max_depth': 5, 'classifier__min_samples_leaf': 2, 'classifier__min_samples_split': 2}"
157,0.8401188348880833,0.03091402557019672,0.8767772155164387,0.005292106433330621,0.04166135787963867,0.014229033108864643,0.022738933563232422,0.012448447265709003,balanced,entropy,5,2,5,0.8730493696729067,0.8336136470018649,0.7966736589751273,0.8201741654571844,0.8770833333333333,"{'classifier__class_weight': 'balanced', 'classifier__criterion': 'entropy', 'classifier__max_depth': 5, 'classifier__min_samples_leaf': 2, 'classifier__min_samples_split': 5}"
157,0.8401188348880833,0.03091402557019672,0.8767772155164387,0.005292106433330621,0.04335017204284668,0.015001046201818781,0.02878408432006836,0.01221520599009927,balanced,entropy,5,2,10,0.8730493696729067,0.8336136470018649,0.7966736589751273,0.8201741654571844,0.8770833333333333,"{'classifier__class_weight': 'balanced', 'classifier__criterion': 'entropy', 'classifier__max_depth': 5, 'classifier__min_samples_leaf': 2, 'classifier__min_samples_split': 10}"
160,0.839553647279659,0.022829213292540906,0.8771556926689732,0.004974049668187168,0.029237079620361327,0.006470234625405956,0.01709780693054199,0.009185804376659784,,gini,5,4,2,0.843965272265828,0.8473363774733638,0.7966736589751273,0.8444961240310078,0.865296803652968,"{'classifier__class_weight': None, 'classifier__criterion': 'gini', 'classifier__max_depth': 5, 'classifier__min_samples_leaf': 4, 'classifier__min_samples_split': 2}"
160,0.839553647279659,0.022829213292540906,0.8771556926689732,0.004974049668187168,0.03726263046264648,0.012112642981154992,0.018980789184570312,0.007751783267984482,,gini,5,4,5,0.843965272265828,0.8473363774733638,0.7966736589751273,0.8444961240310078,0.865296803652968,"{'classifier__class_weight': None, 'classifier__criterion': 'gini', 'classifier__max_depth': 5, 'classifier__min_samples_leaf': 4, 'classifier__min_samples_split': 5}"
160,0.839553647279659,0.022829213292540906,0.8771556926689732,0.004974049668187168,0.028193044662475585,0.006528526479570974,0.015164327621459962,0.006576928207164872,,gini,5,4,10,0.843965272265828,0.8473363774733638,0.7966736589751273,0.8444961240310078,0.865296803652968,"{'classifier__class_weight': None, 'classifier__criterion': 'gini', 'classifier__max_depth': 5, 'classifier__min_samples_leaf': 4, 'classifier__min_samples_split': 10}"
160,0.839553647279659,0.022829213292540906,0.8771556926689732,0.004974049668187168,0.04496049880981445,0.010930058058721657,0.025184154510498047,0.012811648469421814,balanced,gini,5,4,2,0.843965272265828,0.8473363774733638,0.7966736589751273,0.8444961240310078,0.865296803652968,"{'classifier__class_weight': 'balanced', 'classifier__criterion': 'gini', 'classifier__max_depth': 5, 'classifier__min_samples_leaf': 4, 'classifier__min_samples_split': 2}"
160,0.839553647279659,0.022829213292540906,0.8771556926689732,0.004974049668187168,0.03329448699951172,0.005649923140922808,0.0162534236907959,0.003908498157727747,balanced,gini,5,4,5,0.843965272265828,0.8473363774733638,0.7966736589751273,0.8444961240310078,0.865296803652968,"{'classifier__class_weight': 'balanced', 'classifier__criterion': 'gini', 'classifier__max_depth': 5, 'classifier__min_samples_leaf': 4, 'classifier__min_samples_split': 5}"
160,0.839553647279659,0.022829213292540906,0.8771556926689732,0.004974049668187168,0.035762882232666014,0.008672834335336175,0.01805868148803711,0.006637177237325342,balanced,gini,5,4,10,0.843965272265828,0.8473363774733638,0.7966736589751273,0.8444961240310078,0.865296803652968,"{'classifier__class_weight': 'balanced', 'classifier__criterion': 'gini', 'classifier__max_depth': 5, 'classifier__min_samples_leaf': 4, 'classifier__min_samples_split': 10}"
166,0.8370465615009672,0.0270973835518109,0.8756788330325274,0.0054337425648499455,0.03533754348754883,0.0057478207122734866,0.03759999275207519,0.021338492057503232,,entropy,5,4,2,0.843965272265828,0.8473363774733638,0.7966736589751273,0.8201741654571844,0.8770833333333333,"{'classifier__class_weight': None, 'classifier__criterion': 'entropy', 'classifier__max_depth': 5, 'classifier__min_samples_leaf': 4, 'classifier__min_samples_split': 2}"
166,0.8370465615009672,0.0270973835518109,0.8756788330325274,0.0054337425648499455,0.05168395042419434,0.017477842183987482,0.026983022689819336,0.011860111897292325,,entropy,5,4,5,0.843965272265828,0.8473363774733638,0.7966736589751273,0.8201741654571844,0.8770833333333333,"{'classifier__class_weight': None, 'classifier__criterion': 'entropy', 'classifier__max_depth': 5, 'classifier__min_samples_leaf': 4, 'classifier__min_samples_split': 5}"
166,0.8370465615009672,0.0270973835518109,0.8756788330325274,0.0054337425648499455,0.03846869468688965,0.006014088497562852,0.020655155181884766,0.005991331597010796,,entropy,5,4,10,0.843965272265828,0.8473363774733638,0.7966736589751273,0.8201741654571844,0.8770833333333333,"{'classifier__class_weight': None, 'classifier__criterion': 'entropy', 'classifier__max_depth': 5, 'classifier__min_samples_leaf': 4, 'classifier__min_samples_split': 10}"
166,0.8370465615009672,0.0270973835518109,0.8756788330325274,0.0054337425648499455,0.057174062728881835,0.027228211887134757,0.03151173591613769,0.005067256190955644,balanced,entropy,5,4,2,0.843965272265828,0.8473363774733638,0.7966736589751273,0.8201741654571844,0.8770833333333333,"{'classifier__class_weight': 'balanced', 'classifier__criterion': 'entropy', 'classifier__max_depth': 5, 'classifier__min_samples_leaf': 4, 'classifier__min_samples_split': 2}"
166,0.8370465615009672,0.0270973835518109,0.8756788330325274,0.0054337425648499455,0.043245124816894534,0.017147775255376724,0.014655256271362304,0.002374156401942252,balanced,entropy,5,4,5,0.843965272265828,0.8473363774733638,0.7966736589751273,0.8201741654571844,0.8770833333333333,"{'classifier__class_weight': 'balanced', 'classifier__criterion': 'entropy', 'classifier__max_depth': 5, 'classifier__min_samples_leaf': 4, 'classifier__min_samples_split': 5}"
166,0.8370465615009672,0.0270973835518109,0.8756788330325274,0.0054337425648499455,0.04185056686401367,0.006648627146358904,0.017025089263916014,0.002329848818723396,balanced,entropy,5,4,10,0.843965272265828,0.8473363774733638,0.7966736589751273,0.8201741654571844,0.8770833333333333,"{'classifier__class_weight': 'balanced', 'classifier__criterion': 'entropy', 'classifier__max_depth': 5, 'classifier__min_samples_leaf': 4, 'classifier__min_samples_split': 10}"
172,0.8364831929467927,0.022508162524520123,0.8787145999422641,0.004963645224254921,0.022283267974853516,0.003955379755082788,0.010801315307617188,0.0023219916666137545,,gini,5,2,2,0.8361926627160428,0.8473363774733638,0.7966736589751273,0.836916461916462,0.865296803652968,"{'classifier__class_weight': None, 'classifier__criterion': 'gini', 'classifier__max_depth': 5, 'classifier__min_samples_leaf': 2, 'classifier__min_samples_split': 2}"
172,0.8364831929467927,0.022508162524520123,0.8787145999422641,0.004963645224254921,0.018201255798339845,0.004240252889418138,0.009116077423095703,0.0014921372066411841,,gini,5,2,5,0.8361926627160428,0.8473363774733638,0.7966736589751273,0.836916461916462,0.865296803652968,"{'classifier__class_weight': None, 'classifier__criterion': 'gini', 'classifier__max_depth': 5, 'classifier__min_samples_leaf': 2, 'classifier__min_samples_split': 5}"
172,0.8364831929467927,0.022508162524520123,0.8787145999422641,0.004963645224254921,0.022546720504760743,0.008417455315794785,0.018364810943603517,0.010658758650279458,,gini,5,2,10,0.8361926627160428,0.8473363774733638,0.7966736589751273,0.836916461916462,0.865296803652968,"{'classifier__class_weight': None, 'classifier__criterion': 'gini', 'classifier__max_depth': 5, 'classifier__min_samples_leaf': 2, 'classifier__min_samples_split': 10}"
175,0.8354920395910103,0.026877942143751166,0.879479240985359,0.005273484293088687,0.02739267349243164,0.007722017428195676,0.011791229248046875,0.0016188540198637314,,entropy,5,1,2,0.8361926627160428,0.8473363774733638,0.7966736589751273,0.8201741654571844,0.8770833333333333,"{'classifier__class_weight': None, 'classifier__criterion': 'entropy', 'classifier__max_depth': 5, 'classifier__min_samples_leaf': 1, 'classifier__min_samples_split': 2}"
175,0.8354920395910103,0.026877942143751166,0.879479240985359,0.005273484293088687,0.018628597259521484,0.0008570134563256282,0.010769462585449219,0.0014366559278810962,,entropy,5,1,5,0.8361926627160428,0.8473363774733638,0.7966736589751273,0.8201741654571844,0.8770833333333333,"{'classifier__class_weight': None, 'classifier__criterion': 'entropy', 'classifier__max_depth': 5, 'classifier__min_samples_leaf': 1, 'classifier__min_samples_split': 5}"
175,0.8354920395910103,0.026877942143751166,0.879479240985359,0.005273484293088687,0.026384782791137696,0.006938215231125081,0.01602516174316406,0.004945010253020433,,entropy,5,1,10,0.8361926627160428,0.8473363774733638,0.7966736589751273,0.8201741654571844,0.8770833333333333,"{'classifier__class_weight': None, 'classifier__criterion': 'entropy', 'classifier__max_depth': 5, 'classifier__min_samples_leaf': 1, 'classifier__min_samples_split': 10}"
175,0.8354920395910103,0.026877942143751166,0.8767591900598737,0.005293771191511636,0.021958398818969726,0.003524269956874369,0.012249469757080078,0.0028152785325240284,,entropy,5,2,2,0.8361926627160428,0.8473363774733638,0.7966736589751273,0.8201741654571844,0.8770833333333333,"{'classifier__class_weight': None, 'classifier__criterion': 'entropy', 'classifier__max_depth': 5, 'classifier__min_samples_leaf': 2, 'classifier__min_samples_split': 2}"
175,0.8354920395910103,0.026877942143751166,0.8767591900598737,0.005293771191511636,0.02762436866760254,0.006512719948293066,0.013858509063720704,0.003051017307800929,,entropy,5,2,5,0.8361926627160428,0.8473363774733638,0.7966736589751273,0.8201741654571844,0.8770833333333333,"{'classifier__class_weight': None, 'classifier__criterion': 'entropy', 'classifier__max_depth': 5, 'classifier__min_samples_leaf': 2, 'classifier__min_samples_split': 5}"
175,0.8354920395910103,0.026877942143751166,0.8767591900598737,0.005293771191511636,0.04176111221313476,0.011033649633779778,0.02329845428466797,0.005255945036318929,,entropy,5,2,10,0.8361926627160428,0.8473363774733638,0.7966736589751273,0.8201741654571844,0.8770833333333333,"{'classifier__class_weight': None, 'classifier__criterion': 'entropy', 'classifier__max_depth': 5, 'classifier__min_samples_leaf': 2, 'classifier__min_samples_split': 10}"
181,0.7744065895987278,0.011067820043507435,0.7869447939065928,0.007667216315003581,0.051952695846557616,0.018138055045063675,0.020589685440063475,0.0074448609203984035,,gini,3,1,2,0.7595542726374369,0.773606940273607,0.7671052631578947,0.7919871794871796,0.7797792924375203,"{'classifier__class_weight': None, 'classifier__criterion': 'gini', 'classifier__max_depth': 3, 'classifier__min_samples_leaf': 1, 'classifier__min_samples_split': 2}"
181,0.7744065895987278,0.011067820043507435,0.7869447939065928,0.007667216315003581,0.08093743324279785,0.018355231021094227,0.02223172187805176,0.006898209537215279,,gini,3,1,5,0.7595542726374369,0.773606940273607,0.7671052631578947,0.7919871794871796,0.7797792924375203,"{'classifier__class_weight': None, 'classifier__criterion': 'gini', 'classifier__max_depth': 3, 'classifier__min_samples_leaf': 1, 'classifier__min_samples_split': 5}"
181,0.7744065895987278,0.011067820043507435,0.7869447939065928,0.007667216315003581,0.07504725456237793,0.053532936156241405,0.014280414581298828,0.002229308093719929,,gini,3,1,10,0.7595542726374369,0.773606940273607,0.7671052631578947,0.7919871794871796,0.7797792924375203,"{'classifier__class_weight': None, 'classifier__criterion': 'gini', 'classifier__max_depth': 3, 'classifier__min_samples_leaf': 1, 'classifier__min_samples_split': 10}"
181,0.7744065895987278,0.011067820043507435,0.7842247429811073,0.008254542907385929,0.03861503601074219,0.014574228727361414,0.03052377700805664,0.023377085948870474,,gini,3,2,2,0.7595542726374369,0.773606940273607,0.7671052631578947,0.7919871794871796,0.7797792924375203,"{'classifier__class_weight': None, 'classifier__criterion': 'gini', 'classifier__max_depth': 3, 'classifier__min_samples_leaf': 2, 'classifier__min_samples_split': 2}"
181,0.7744065895987278,0.011067820043507435,0.7842247429811073,0.008254542907385929,0.0516477108001709,0.02669026028524138,0.023141193389892577,0.015327386144324134,,gini,3,2,5,0.7595542726374369,0.773606940273607,0.7671052631578947,0.7919871794871796,0.7797792924375203,"{'classifier__class_weight': None, 'classifier__criterion': 'gini', 'classifier__max_depth': 3, 'classifier__min_samples_leaf': 2, 'classifier__min_samples_split': 5}"
181,0.7744065895987278,0.011067820043507435,0.7842247429811073,0.008254542907385929,0.051284170150756835,0.02038536985449566,0.01857171058654785,0.006667121094414388,,gini,3,2,10,0.7595542726374369,0.773606940273607,0.7671052631578947,0.7919871794871796,0.7797792924375203,"{'classifier__class_weight': None, 'classifier__criterion': 'gini', 'classifier__max_depth': 3, 'classifier__min_samples_leaf': 2, 'classifier__min_samples_split': 10}"
181,0.7744065895987278,0.011067820043507435,0.7842247429811073,0.008254542907385929,0.03286070823669433,0.014182589021787179,0.020204830169677734,0.009041693800078045,,gini,3,4,2,0.7595542726374369,0.773606940273607,0.7671052631578947,0.7919871794871796,0.7797792924375203,"{'classifier__class_weight': None, 'classifier__criterion': 'gini', 'classifier__max_depth': 3, 'classifier__min_samples_leaf': 4, 'classifier__min_samples_split': 2}"
181,0.7744065895987278,0.011067820043507435,0.7842247429811073,0.008254542907385929,0.03905925750732422,0.012890311097255615,0.025121212005615234,0.007495932013147655,,gini,3,4,5,0.7595542726374369,0.773606940273607,0.7671052631578947,0.7919871794871796,0.7797792924375203,"{'classifier__class_weight': None, 'classifier__criterion': 'gini', 'classifier__max_depth': 3, 'classifier__min_samples_leaf': 4, 'classifier__min_samples_split': 5}"
181,0.7744065895987278,0.011067820043507435,0.7842247429811073,0.008254542907385929,0.04791007041931152,0.015767101489760897,0.029905319213867188,0.012009974882222548,,gini,3,4,10,0.7595542726374369,0.773606940273607,0.7671052631578947,0.7919871794871796,0.7797792924375203,"{'classifier__class_weight': None, 'classifier__criterion': 'gini', 'classifier__max_depth': 3, 'classifier__min_samples_leaf': 4, 'classifier__min_samples_split': 10}"
181,0.7744065895987278,0.011067820043507435,0.7869447939065928,0.007667216315003581,0.05681796073913574,0.013960819322384342,0.028843069076538087,0.013600304228144013,balanced,gini,3,1,2,0.7595542726374369,0.773606940273607,0.7671052631578947,0.7919871794871796,0.7797792924375203,"{'classifier__class_weight': 'balanced', 'classifier__criterion': 'gini', 'classifier__max_depth': 3, 'classifier__min_samples_leaf': 1, 'classifier__min_samples_split': 2}"
181,0.7744065895987278,0.011067820043507435,0.7869447939065928,0.007667216315003581,0.036264657974243164,0.00601521234148746,0.016957855224609374,0.003679926899503088,balanced,gini,3,1,5,0.7595542726374369,0.773606940273607,0.7671052631578947,0.7919871794871796,0.7797792924375203,"{'classifier__class_weight': 'balanced', 'classifier__criterion': 'gini', 'classifier__max_depth': 3, 'classifier__min_samples_leaf': 1, 'classifier__min_samples_split': 5}"
181,0.7744065895987278,0.011067820043507435,0.7869447939065928,0.007667216315003581,0.04070639610290527,0.01479545819535412,0.028654766082763673,0.011540576116641738,balanced,gini,3,1,10,0.7595542726374369,0.773606940273607,0.7671052631578947,0.7919871794871796,0.7797792924375203,"{'classifier__class_weight': 'balanced', 'classifier__criterion': 'gini', 'classifier__max_depth': 3, 'classifier__min_samples_leaf': 1, 'classifier__min_samples_split': 10}"
181,0.7744065895987278,0.011067820043507435,0.7842247429811073,0.008254542907385929,0.05816693305969238,0.013085329115892455,0.030479860305786134,0.009093815107678807,balanced,gini,3,4,2,0.7595542726374369,0.773606940273607,0.7671052631578947,0.7919871794871796,0.7797792924375203,"{'classifier__class_weight': 'balanced', 'classifier__criterion': 'gini', 'classifier__max_depth': 3, 'classifier__min_samples_leaf': 4, 'classifier__min_samples_split': 2}"
181,0.7744065895987278,0.011067820043507435,0.7842247429811073,0.008254542907385929,0.04391388893127442,0.009077622542885007,0.029114913940429688,0.007217886767172989,balanced,gini,3,4,5,0.7595542726374369,0.773606940273607,0.7671052631578947,0.7919871794871796,0.7797792924375203,"{'classifier__class_weight': 'balanced', 'classifier__criterion': 'gini', 'classifier__max_depth': 3, 'classifier__min_samples_leaf': 4, 'classifier__min_samples_split': 5}"
181,0.7744065895987278,0.011067820043507435,0.7842247429811073,0.008254542907385929,0.03141574859619141,0.013800871895844377,0.017960834503173827,0.0075508700094085186,balanced,gini,3,4,10,0.7595542726374369,0.773606940273607,0.7671052631578947,0.7919871794871796,0.7797792924375203,"{'classifier__class_weight': 'balanced', 'classifier__criterion': 'gini', 'classifier__max_depth': 3, 'classifier__min_samples_leaf': 4, 'classifier__min_samples_split': 10}"
196,0.7716620435044279,0.012530607424803832,0.7842427684376725,0.008249847062827186,0.045949888229370114,0.006700994507117428,0.024093818664550782,0.006555521180095554,balanced,gini,3,2,2,0.7595542726374369,0.759884209802108,0.7671052631578947,0.7919871794871796,0.7797792924375203,"{'classifier__class_weight': 'balanced', 'classifier__criterion': 'gini', 'classifier__max_depth': 3, 'classifier__min_samples_leaf': 2, 'classifier__min_samples_split': 2}"
196,0.7716620435044279,0.012530607424803832,0.7842427684376725,0.008249847062827186,0.045756959915161134,0.00726255307915648,0.023679685592651368,0.0055450220240782664,balanced,gini,3,2,5,0.7595542726374369,0.759884209802108,0.7671052631578947,0.7919871794871796,0.7797792924375203,"{'classifier__class_weight': 'balanced', 'classifier__criterion': 'gini', 'classifier__max_depth': 3, 'classifier__min_samples_leaf': 2, 'classifier__min_samples_split': 5}"
196,0.7716620435044279,0.012530607424803832,0.7842427684376725,0.008249847062827186,0.0647315502166748,0.018987432168156123,0.03154501914978027,0.009468883806815095,balanced,gini,3,2,10,0.7595542726374369,0.759884209802108,0.7671052631578947,0.7919871794871796,0.7797792924375203,"{'classifier__class_weight': 'balanced', 'classifier__criterion': 'gini', 'classifier__max_depth': 3, 'classifier__min_samples_leaf': 2, 'classifier__min_samples_split': 10}"
199,0.7497170188698312,0.04114221453216759,0.7841220436446503,0.009311443600183867,0.03255429267883301,0.012322420807280824,0.014504957199096679,0.0035756785633103976,,entropy,3,1,2,0.7595542726374369,0.773606940273607,0.7671052631578947,0.6685393258426966,0.7797792924375203,"{'classifier__class_weight': None, 'classifier__criterion': 'entropy', 'classifier__max_depth': 3, 'classifier__min_samples_leaf': 1, 'classifier__min_samples_split': 2}"
199,0.7497170188698312,0.04114221453216759,0.7841220436446503,0.009311443600183867,0.030968666076660156,0.012077300288142767,0.01618533134460449,0.003137293240820551,,entropy,3,1,5,0.7595542726374369,0.773606940273607,0.7671052631578947,0.6685393258426966,0.7797792924375203,"{'classifier__class_weight': None, 'classifier__criterion': 'entropy', 'classifier__max_depth': 3, 'classifier__min_samples_leaf': 1, 'classifier__min_samples_split': 5}"
199,0.7497170188698312,0.04114221453216759,0.7841220436446503,0.009311443600183867,0.0323087215423584,0.00927342670994027,0.024558305740356445,0.0059224021121598875,,entropy,3,1,10,0.7595542726374369,0.773606940273607,0.7671052631578947,0.6685393258426966,0.7797792924375203,"{'classifier__class_weight': None, 'classifier__criterion': 'entropy', 'classifier__max_depth': 3, 'classifier__min_samples_leaf': 1, 'classifier__min_samples_split': 10}"
199,0.7497170188698312,0.04114221453216759,0.7814019927191649,0.009996278390341071,0.027249908447265624,0.008392428909111706,0.016195917129516603,0.006840159389251655,,entropy,3,2,2,0.7595542726374369,0.773606940273607,0.7671052631578947,0.6685393258426966,0.7797792924375203,"{'classifier__class_weight': None, 'classifier__criterion': 'entropy', 'classifier__max_depth': 3, 'classifier__min_samples_leaf': 2, 'classifier__min_samples_split': 2}"
199,0.7497170188698312,0.04114221453216759,0.7814019927191649,0.009996278390341071,0.02886199951171875,0.0044863830417257635,0.017273712158203124,0.0012675507055393746,,entropy,3,2,5,0.7595542726374369,0.773606940273607,0.7671052631578947,0.6685393258426966,0.7797792924375203,"{'classifier__class_weight': None, 'classifier__criterion': 'entropy', 'classifier__max_depth': 3, 'classifier__min_samples_leaf': 2, 'classifier__min_samples_split': 5}"
199,0.7497170188698312,0.04114221453216759,0.7814019927191649,0.009996278390341071,0.02790975570678711,0.007181132393759527,0.022389888763427734,0.0060121878466750595,,entropy,3,2,10,0.7595542726374369,0.773606940273607,0.7671052631578947,0.6685393258426966,0.7797792924375203,"{'classifier__class_weight': None, 'classifier__criterion': 'entropy', 'classifier__max_depth': 3, 'classifier__min_samples_leaf': 2, 'classifier__min_samples_split': 10}"
199,0.7497170188698312,0.04114221453216759,0.7814019927191649,0.009996278390341071,0.041802406311035156,0.010239524227930742,0.025244474411010742,0.004957003161171388,,entropy,3,4,2,0.7595542726374369,0.773606940273607,0.7671052631578947,0.6685393258426966,0.7797792924375203,"{'classifier__class_weight': None, 'classifier__criterion': 'entropy', 'classifier__max_depth': 3, 'classifier__min_samples_leaf': 4, 'classifier__min_samples_split': 2}"
199,0.7497170188698312,0.04114221453216759,0.7814019927191649,0.009996278390341071,0.028352880477905275,0.008674096580804898,0.02455143928527832,0.007074013451607112,,entropy,3,4,5,0.7595542726374369,0.773606940273607,0.7671052631578947,0.6685393258426966,0.7797792924375203,"{'classifier__class_weight': None, 'classifier__criterion': 'entropy', 'classifier__max_depth': 3, 'classifier__min_samples_leaf': 4, 'classifier__min_samples_split': 5}"
199,0.7497170188698312,0.04114221453216759,0.7814019927191649,0.009996278390341071,0.02332310676574707,0.009153801468645363,0.016524028778076173,0.006703323496874004,,entropy,3,4,10,0.7595542726374369,0.773606940273607,0.7671052631578947,0.6685393258426966,0.7797792924375203,"{'classifier__class_weight': None, 'classifier__criterion': 'entropy', 'classifier__max_depth': 3, 'classifier__min_samples_leaf': 4, 'classifier__min_samples_split': 10}"
199,0.7497170188698312,0.04114221453216759,0.7841220436446503,0.009311443600183867,0.030551719665527343,0.006064931967748063,0.01423649787902832,0.002001416064858779,balanced,entropy,3,1,2,0.7595542726374369,0.773606940273607,0.7671052631578947,0.6685393258426966,0.7797792924375203,"{'classifier__class_weight': 'balanced', 'classifier__criterion': 'entropy', 'classifier__max_depth': 3, 'classifier__min_samples_leaf': 1, 'classifier__min_samples_split': 2}"
199,0.7497170188698312,0.04114221453216759,0.7841220436446503,0.009311443600183867,0.029274845123291017,0.011213396286812415,0.020639514923095702,0.012581442244344153,balanced,entropy,3,1,5,0.7595542726374369,0.773606940273607,0.7671052631578947,0.6685393258426966,0.7797792924375203,"{'classifier__class_weight': 'balanced', 'classifier__criterion': 'entropy', 'classifier__max_depth': 3, 'classifier__min_samples_leaf': 1, 'classifier__min_samples_split': 5}"
199,0.7497170188698312,0.04114221453216759,0.7841220436446503,0.009311443600183867,0.04566149711608887,0.019767339928801714,0.03432841300964355,0.010562818380513348,balanced,entropy,3,1,10,0.7595542726374369,0.773606940273607,0.7671052631578947,0.6685393258426966,0.7797792924375203,"{'classifier__class_weight': 'balanced', 'classifier__criterion': 'entropy', 'classifier__max_depth': 3, 'classifier__min_samples_leaf': 1, 'classifier__min_samples_split': 10}"
199,0.7497170188698312,0.04114221453216759,0.7814019927191649,0.009996278390341071,0.0385167121887207,0.01951450476140305,0.02005772590637207,0.013804828048065999,balanced,entropy,3,4,2,0.7595542726374369,0.773606940273607,0.7671052631578947,0.6685393258426966,0.7797792924375203,"{'classifier__class_weight': 'balanced', 'classifier__criterion': 'entropy', 'classifier__max_depth': 3, 'classifier__min_samples_leaf': 4, 'classifier__min_samples_split': 2}"
199,0.7497170188698312,0.04114221453216759,0.7814019927191649,0.009996278390341071,0.036187171936035156,0.009742344723608716,0.018309783935546876,0.009210822308914464,balanced,entropy,3,4,5,0.7595542726374369,0.773606940273607,0.7671052631578947,0.6685393258426966,0.7797792924375203,"{'classifier__class_weight': 'balanced', 'classifier__criterion': 'entropy', 'classifier__max_depth': 3, 'classifier__min_samples_leaf': 4, 'classifier__min_samples_split': 5}"
199,0.7497170188698312,0.04114221453216759,0.7814019927191649,0.009996278390341071,0.06191177368164062,0.01703748939017969,0.04068212509155274,0.01777238509787215,balanced,entropy,3,4,10,0.7595542726374369,0.773606940273607,0.7671052631578947,0.6685393258426966,0.7797792924375203,"{'classifier__class_weight': 'balanced', 'classifier__criterion': 'entropy', 'classifier__max_depth': 3, 'classifier__min_samples_leaf': 4, 'classifier__min_samples_split': 10}"
214,0.7469724727755314,0.03989583898982602,0.7814200181757299,0.009991025105601533,0.04555363655090332,0.017188596988241458,0.028186273574829102,0.01938722358132711,balanced,entropy,3,2,2,0.7595542726374369,0.759884209802108,0.7671052631578947,0.6685393258426966,0.7797792924375203,"{'classifier__class_weight': 'balanced', 'classifier__criterion': 'entropy', 'classifier__max_depth': 3, 'classifier__min_samples_leaf': 2, 'classifier__min_samples_split': 2}"
214,0.7469724727755314,0.03989583898982602,0.7814200181757299,0.009991025105601533,0.03093876838684082,0.011312695059536096,0.02037944793701172,0.005281827679848139,balanced,entropy,3,2,5,0.7595542726374369,0.759884209802108,0.7671052631578947,0.6685393258426966,0.7797792924375203,"{'classifier__class_weight': 'balanced', 'classifier__criterion': 'entropy', 'classifier__max_depth': 3, 'classifier__min_samples_leaf': 2, 'classifier__min_samples_split': 5}"
214,0.7469724727755314,0.03989583898982602,0.7814200181757299,0.009991025105601533,0.027626991271972656,0.003418312247745141,0.015586519241333007,0.005111651911043499,balanced,entropy,3,2,10,0.7595542726374369,0.759884209802108,0.7671052631578947,0.6685393258426966,0.7797792924375203,"{'classifier__class_weight': 'balanced', 'classifier__criterion': 'entropy', 'classifier__max_depth': 3, 'classifier__min_samples_leaf': 2, 'classifier__min_samples_split': 10}"
